model,metric,estimate,ci_low,ci_high
SC-HGNN-Rank-full,spearman,0.12178157777583787,-0.004493965744386828,0.254201168918188
SC-HGNN-Rank-full,ndcg20,0.6834241719290016,0.6307179733850626,0.7583293395423449
SC-HGNN-Rank-full,average_precision,0.7406512472641243,0.673954659932866,0.8281981179325177
SC-HGNN-Rank-full,roc_auc,0.6051281195039961,0.5200490057835637,0.6926840660015467
SC-HGNN-Rank-full,top20_hit_rate,0.7666666666666666,0.65,0.8666666666666667
SC-HGNN-Rank-full,top20_multilayer_rate,0.8333333333333334,0.7333333333333334,0.9166666666666666
S_integrated,spearman,0.10607618338558322,-0.018765091307320115,0.23487060765035264
S_integrated,ndcg20,0.7170943349414219,0.6399242427652913,0.7875628363953582
S_integrated,average_precision,0.7388835949202642,0.6747202874810129,0.8228795569361097
S_integrated,roc_auc,0.6024412195920911,0.5216725429047763,0.6872980875657546
S_integrated,top20_hit_rate,0.75,0.6166666666666667,0.85
S_integrated,top20_multilayer_rate,0.8166666666666668,0.6999999999999998,0.9
R-GCN-simple,spearman,-0.0003397403500062605,-0.12801621617475437,0.1314280292942385
R-GCN-simple,ndcg20,0.6774385663359103,0.6254120703534074,0.7433865539429525
R-GCN-simple,average_precision,0.7066044668761003,0.6445441109244296,0.7915561222658052
R-GCN-simple,roc_auc,0.5491845321578842,0.46018949701938827,0.6384729946418123
R-GCN-simple,top20_hit_rate,0.75,0.6166666666666667,0.85
R-GCN-simple,top20_multilayer_rate,0.8166666666666668,0.7166666666666667,0.9
HGT-like-rank,spearman,0.06833904807374704,-0.055064465183365524,0.19412217478594107
HGT-like-rank,ndcg20,0.7389242064357321,0.6785054088599601,0.8196233218427665
HGT-like-rank,average_precision,0.7345528716344797,0.6707626505753298,0.815640904584032
HGT-like-rank,roc_auc,0.5694975400164742,0.4855295066512092,0.654111739299951
HGT-like-rank,top20_hit_rate,0.75,0.6333333333333333,0.8666666666666666
HGT-like-rank,top20_multilayer_rate,0.8166666666666668,0.7166666666666667,0.9166666666666666
GAT-simple,spearman,0.010528662850051709,-0.10701200754705253,0.13322625716143402
GAT-simple,ndcg20,0.681076833798573,0.6389593807528859,0.75816884281492
GAT-simple,average_precision,0.7598356028610566,0.6941516912043462,0.8293034144440512
GAT-simple,roc_auc,0.5659647047224687,0.4824894376903587,0.6509260023449492
GAT-simple,top20_hit_rate,0.7333333333333334,0.6333333333333333,0.8666666666666666
GAT-simple,top20_multilayer_rate,0.7999999999999999,0.7166666666666667,0.9166666666666666
GCN-simple,spearman,0.030646680008587012,-0.09425578437495087,0.1618592653741303
GCN-simple,ndcg20,0.693276677581706,0.6410306910801365,0.7546064400546318
GCN-simple,average_precision,0.7614498944834501,0.6949386574062698,0.8323994577913282
GCN-simple,roc_auc,0.5844189700190502,0.4974123169161457,0.6730927786288763
GCN-simple,top20_hit_rate,0.75,0.6166666666666667,0.85
GCN-simple,top20_multilayer_rate,0.8166666666666668,0.7000000000000001,0.9166666666666666
