comparator,metric,point_difference,bootstrap_ci_low,bootstrap_ci_high,bootstrap_two_sided_p,n_bootstrap
S_integrated,spearman,0.0157053943902546,-0.0316621640340342,0.0629143452192108,0.5044,5000
S_integrated,ndcg20,-0.0336701630124203,-0.0697216059216537,0.0211410953957005,0.522,5000
S_integrated,average_precision,0.0017676523438601,-0.0245238192899648,0.0368042626605282,0.8552,5000
S_integrated,roc_auc,0.002686899911905,-0.025858327349695,0.0305582038605138,0.8544,5000
S_integrated,top20_hit_rate,0.0166666666666666,-0.0166666666666666,0.0833333333333333,0.5704,5000
S_integrated,top20_multilayer_rate,0.0166666666666666,0.0,0.0833333333333333,0.4172,5000
HGT-like-rank,spearman,0.0534425297020908,-0.0139951376840363,0.1238655114800648,0.1208,5000
HGT-like-rank,ndcg20,-0.0555000345067304,-0.1171911254064407,0.0001920772309972,0.0512,5000
HGT-like-rank,average_precision,0.0060983756296446,-0.0447900105322404,0.0617210047722087,0.7952,5000
HGT-like-rank,roc_auc,0.0356305794875219,-0.0076055544747381,0.0826582866449018,0.104,5000
HGT-like-rank,top20_hit_rate,0.0166666666666666,-0.0666666666666666,0.0999999999999998,1.0,5000
HGT-like-rank,top20_multilayer_rate,0.0166666666666666,-0.0666666666666665,0.0999999999999998,0.9944,5000
