variant,validation_type,fold_id,heldout_group,mean_spearman,sd_spearman,n_seeds
GAT-simple,leave_compound_group,LCMPD_F1,CMPD011639;CMPD021553;CMPD024770;CMPD024778;CMPD024851;CMPD024876;CMPD025039;CMPD025143;CMPD025266;CMPD025316;CMPD025420;CMPD025676;CMPD025679;CMPD025911;CMPD026024;CMPD026077;CMPD027217,0.856355302451559,0.013980757295158557,5
GAT-simple,leave_compound_group,LCMPD_F2,CMPD003830;CMPD004807;CMPD005156;CMPD008074;CMPD011207;CMPD024768;CMPD024817;CMPD024872;CMPD024922;CMPD024964;CMPD024977;CMPD025051;CMPD025067;CMPD025152;CMPD025269;CMPD025332;CMPD025348;CMPD025384;CMPD025402;CMPD025439;CMPD025501;CMPD025549;CMPD025566;CMPD025602;CMPD025848;...,0.8574178762414055,0.024810760515159045,5
GAT-simple,leave_compound_group,LCMPD_F3,CMPD003951;CMPD004917;CMPD007412;CMPD010794;CMPD012823;CMPD013394;CMPD015725;CMPD016599;CMPD024843;CMPD024927;CMPD024946;CMPD024968;CMPD025012;CMPD025015;CMPD025023;CMPD025089;CMPD025156;CMPD025160;CMPD025163;CMPD025191;CMPD025287;CMPD025353;CMPD025387;CMPD025399;CMPD025446;...,0.860815334398222,0.03985949366717004,5
GAT-simple,leave_compound_group,LCMPD_F4,CMPD003852;CMPD004090;CMPD010476;CMPD013120;CMPD013588;CMPD015715;CMPD024776;CMPD024820;CMPD024838;CMPD024903;CMPD024925;CMPD024967;CMPD025017;CMPD025112;CMPD025158;CMPD025188;CMPD025216;CMPD025302;CMPD025356;CMPD025509;CMPD025520;CMPD025623;CMPD025671;CMPD025693;CMPD025754;...,0.8907941186052805,0.04294648926016358,5
GAT-simple,leave_compound_group,LCMPD_F5,CMPD002559;CMPD004403;CMPD006353;CMPD008994;CMPD011790;CMPD014972;CMPD015728;CMPD019676;CMPD020484;CMPD024773;CMPD024806;CMPD024882;CMPD024921;CMPD024991;CMPD025038;CMPD025140;CMPD025173;CMPD025181;CMPD025251;CMPD025264;CMPD025303;CMPD025391;CMPD025479;CMPD025506;CMPD025553;...,0.8965303146051807,0.013324877297288854,5
GAT-simple,leave_one_cancer,LOC_COAD,COAD,0.8984731319419519,0.006451743710728736,5
GAT-simple,leave_one_cancer,LOC_LIHC,LIHC,0.8115343577236507,0.026057385153032613,5
GAT-simple,leave_one_cancer,LOC_STAD,STAD,0.8601443974646189,0.02202942861182727,5
GAT-simple,leave_target_group,LTGT_F1,ACHE,0.8695868420370949,0.08045040878011801,5
GAT-simple,leave_target_group,LTGT_F2,ADRA1D;CTNNB1;CYP2B6;DPP4;HSP90AB1;MMP1;PPARG;TYR,0.8139246067159924,0.06410712872449754,5
GAT-simple,leave_target_group,LTGT_F3,ALOX12;ALOX5;CDK2;CYP19A1;CYP1B1;HTR2A;MMP9;PGR;RELA,0.7496801906182704,0.047458602117670244,5
GAT-simple,leave_target_group,LTGT_F4,ADRA1B;AHR;AR;BACE1;DRD1;GSK3B;MAPK14;PTGS2;SLC6A2;SLC6A4,0.8859801542908168,0.013713289407492429,5
GAT-simple,leave_target_group,LTGT_F5,AKR1B1;APP;CCNA2;CDK1;CYP1A1;CYP1A2;GSTP1;NR1I2;PLAU;XDH,0.901736131460902,0.009149232760651611,5
GCN-simple,leave_compound_group,LCMPD_F1,CMPD011639;CMPD021553;CMPD024770;CMPD024778;CMPD024851;CMPD024876;CMPD025039;CMPD025143;CMPD025266;CMPD025316;CMPD025420;CMPD025676;CMPD025679;CMPD025911;CMPD026024;CMPD026077;CMPD027217,0.8628501979304117,0.032521476623044464,5
GCN-simple,leave_compound_group,LCMPD_F2,CMPD003830;CMPD004807;CMPD005156;CMPD008074;CMPD011207;CMPD024768;CMPD024817;CMPD024872;CMPD024922;CMPD024964;CMPD024977;CMPD025051;CMPD025067;CMPD025152;CMPD025269;CMPD025332;CMPD025348;CMPD025384;CMPD025402;CMPD025439;CMPD025501;CMPD025549;CMPD025566;CMPD025602;CMPD025848;...,0.8382345996249739,0.04715484188202683,5
GCN-simple,leave_compound_group,LCMPD_F3,CMPD003951;CMPD004917;CMPD007412;CMPD010794;CMPD012823;CMPD013394;CMPD015725;CMPD016599;CMPD024843;CMPD024927;CMPD024946;CMPD024968;CMPD025012;CMPD025015;CMPD025023;CMPD025089;CMPD025156;CMPD025160;CMPD025163;CMPD025191;CMPD025287;CMPD025353;CMPD025387;CMPD025399;CMPD025446;...,0.7977915132995346,0.026028971584751426,5
GCN-simple,leave_compound_group,LCMPD_F4,CMPD003852;CMPD004090;CMPD010476;CMPD013120;CMPD013588;CMPD015715;CMPD024776;CMPD024820;CMPD024838;CMPD024903;CMPD024925;CMPD024967;CMPD025017;CMPD025112;CMPD025158;CMPD025188;CMPD025216;CMPD025302;CMPD025356;CMPD025509;CMPD025520;CMPD025623;CMPD025671;CMPD025693;CMPD025754;...,0.822851586915758,0.05017093195501606,5
GCN-simple,leave_compound_group,LCMPD_F5,CMPD002559;CMPD004403;CMPD006353;CMPD008994;CMPD011790;CMPD014972;CMPD015728;CMPD019676;CMPD020484;CMPD024773;CMPD024806;CMPD024882;CMPD024921;CMPD024991;CMPD025038;CMPD025140;CMPD025173;CMPD025181;CMPD025251;CMPD025264;CMPD025303;CMPD025391;CMPD025479;CMPD025506;CMPD025553;...,0.8593249531217445,0.03353448265654248,5
GCN-simple,leave_one_cancer,LOC_COAD,COAD,0.8894532979977514,0.04061049146210416,5
GCN-simple,leave_one_cancer,LOC_LIHC,LIHC,0.8179821495537389,0.031090001123823992,5
GCN-simple,leave_one_cancer,LOC_STAD,STAD,0.8810354129701825,0.019948686714074296,5
GCN-simple,leave_target_group,LTGT_F1,ACHE,0.8435413799656901,0.08578033550767886,5
GCN-simple,leave_target_group,LTGT_F2,ADRA1D;CTNNB1;CYP2B6;DPP4;HSP90AB1;MMP1;PPARG;TYR,0.7064111985212902,0.01697888737285038,5
GCN-simple,leave_target_group,LTGT_F3,ALOX12;ALOX5;CDK2;CYP19A1;CYP1B1;HTR2A;MMP9;PGR;RELA,0.7814528143247317,0.07524699842898604,5
GCN-simple,leave_target_group,LTGT_F4,ADRA1B;AHR;AR;BACE1;DRD1;GSK3B;MAPK14;PTGS2;SLC6A2;SLC6A4,0.8586497757139959,0.04017316777880634,5
GCN-simple,leave_target_group,LTGT_F5,AKR1B1;APP;CCNA2;CDK1;CYP1A1;CYP1A2;GSTP1;NR1I2;PLAU;XDH,0.9038514077046187,0.018181004485587834,5
HGT-like-rank,leave_compound_group,LCMPD_F1,CMPD011639;CMPD021553;CMPD024770;CMPD024778;CMPD024851;CMPD024876;CMPD025039;CMPD025143;CMPD025266;CMPD025316;CMPD025420;CMPD025676;CMPD025679;CMPD025911;CMPD026024;CMPD026077;CMPD027217,0.8732148065837905,0.024105219113428562,5
HGT-like-rank,leave_compound_group,LCMPD_F2,CMPD003830;CMPD004807;CMPD005156;CMPD008074;CMPD011207;CMPD024768;CMPD024817;CMPD024872;CMPD024922;CMPD024964;CMPD024977;CMPD025051;CMPD025067;CMPD025152;CMPD025269;CMPD025332;CMPD025348;CMPD025384;CMPD025402;CMPD025439;CMPD025501;CMPD025549;CMPD025566;CMPD025602;CMPD025848;...,0.8278047086603235,0.025971830337342777,5
HGT-like-rank,leave_compound_group,LCMPD_F3,CMPD003951;CMPD004917;CMPD007412;CMPD010794;CMPD012823;CMPD013394;CMPD015725;CMPD016599;CMPD024843;CMPD024927;CMPD024946;CMPD024968;CMPD025012;CMPD025015;CMPD025023;CMPD025089;CMPD025156;CMPD025160;CMPD025163;CMPD025191;CMPD025287;CMPD025353;CMPD025387;CMPD025399;CMPD025446;...,0.8160026132828115,0.03299468518808316,5
HGT-like-rank,leave_compound_group,LCMPD_F4,CMPD003852;CMPD004090;CMPD010476;CMPD013120;CMPD013588;CMPD015715;CMPD024776;CMPD024820;CMPD024838;CMPD024903;CMPD024925;CMPD024967;CMPD025017;CMPD025112;CMPD025158;CMPD025188;CMPD025216;CMPD025302;CMPD025356;CMPD025509;CMPD025520;CMPD025623;CMPD025671;CMPD025693;CMPD025754;...,0.8437158494665427,0.03255851347285817,5
HGT-like-rank,leave_compound_group,LCMPD_F5,CMPD002559;CMPD004403;CMPD006353;CMPD008994;CMPD011790;CMPD014972;CMPD015728;CMPD019676;CMPD020484;CMPD024773;CMPD024806;CMPD024882;CMPD024921;CMPD024991;CMPD025038;CMPD025140;CMPD025173;CMPD025181;CMPD025251;CMPD025264;CMPD025303;CMPD025391;CMPD025479;CMPD025506;CMPD025553;...,0.8403651105474086,0.036825731299646725,5
HGT-like-rank,leave_one_cancer,LOC_COAD,COAD,0.8880568750740616,0.022820441400236972,5
HGT-like-rank,leave_one_cancer,LOC_LIHC,LIHC,0.9071435456498056,0.01082668590865044,5
HGT-like-rank,leave_one_cancer,LOC_STAD,STAD,0.8539476531790259,0.03412714902532058,5
HGT-like-rank,leave_target_group,LTGT_F1,ACHE,0.8355692574904354,0.11115292263575575,5
HGT-like-rank,leave_target_group,LTGT_F2,ADRA1D;CTNNB1;CYP2B6;DPP4;HSP90AB1;MMP1;PPARG;TYR,0.8866955660330115,0.01944567288591035,5
HGT-like-rank,leave_target_group,LTGT_F3,ALOX12;ALOX5;CDK2;CYP19A1;CYP1B1;HTR2A;MMP9;PGR;RELA,0.8514180585461087,0.05867002457646942,5
HGT-like-rank,leave_target_group,LTGT_F4,ADRA1B;AHR;AR;BACE1;DRD1;GSK3B;MAPK14;PTGS2;SLC6A2;SLC6A4,0.8492515135052793,0.03524324796097756,5
HGT-like-rank,leave_target_group,LTGT_F5,AKR1B1;APP;CCNA2;CDK1;CYP1A1;CYP1A2;GSTP1;NR1I2;PLAU;XDH,0.8957766009457953,0.01770976323761506,5
HGT-like-simple,leave_compound_group,LCMPD_F1,CMPD011639;CMPD021553;CMPD024770;CMPD024778;CMPD024851;CMPD024876;CMPD025039;CMPD025143;CMPD025266;CMPD025316;CMPD025420;CMPD025676;CMPD025679;CMPD025911;CMPD026024;CMPD026077;CMPD027217,0.8454602921715001,0.017155517830627187,5
HGT-like-simple,leave_compound_group,LCMPD_F2,CMPD003830;CMPD004807;CMPD005156;CMPD008074;CMPD011207;CMPD024768;CMPD024817;CMPD024872;CMPD024922;CMPD024964;CMPD024977;CMPD025051;CMPD025067;CMPD025152;CMPD025269;CMPD025332;CMPD025348;CMPD025384;CMPD025402;CMPD025439;CMPD025501;CMPD025549;CMPD025566;CMPD025602;CMPD025848;...,0.8292229447315279,0.0575088440379501,5
HGT-like-simple,leave_compound_group,LCMPD_F3,CMPD003951;CMPD004917;CMPD007412;CMPD010794;CMPD012823;CMPD013394;CMPD015725;CMPD016599;CMPD024843;CMPD024927;CMPD024946;CMPD024968;CMPD025012;CMPD025015;CMPD025023;CMPD025089;CMPD025156;CMPD025160;CMPD025163;CMPD025191;CMPD025287;CMPD025353;CMPD025387;CMPD025399;CMPD025446;...,0.8357251568607487,0.04295394629729918,5
HGT-like-simple,leave_compound_group,LCMPD_F4,CMPD003852;CMPD004090;CMPD010476;CMPD013120;CMPD013588;CMPD015715;CMPD024776;CMPD024820;CMPD024838;CMPD024903;CMPD024925;CMPD024967;CMPD025017;CMPD025112;CMPD025158;CMPD025188;CMPD025216;CMPD025302;CMPD025356;CMPD025509;CMPD025520;CMPD025623;CMPD025671;CMPD025693;CMPD025754;...,0.8401041644539298,0.037593629421723625,5
HGT-like-simple,leave_compound_group,LCMPD_F5,CMPD002559;CMPD004403;CMPD006353;CMPD008994;CMPD011790;CMPD014972;CMPD015728;CMPD019676;CMPD020484;CMPD024773;CMPD024806;CMPD024882;CMPD024921;CMPD024991;CMPD025038;CMPD025140;CMPD025173;CMPD025181;CMPD025251;CMPD025264;CMPD025303;CMPD025391;CMPD025479;CMPD025506;CMPD025553;...,0.8462497157293056,0.03387031548965383,5
HGT-like-simple,leave_one_cancer,LOC_COAD,COAD,0.8667752123607182,0.05136204105158713,5
HGT-like-simple,leave_one_cancer,LOC_LIHC,LIHC,0.846907346286077,0.03796695340082128,5
HGT-like-simple,leave_one_cancer,LOC_STAD,STAD,0.8471200608886003,0.0357842098536547,5
HGT-like-simple,leave_target_group,LTGT_F1,ACHE,0.7895896064980809,0.11663342752357833,5
HGT-like-simple,leave_target_group,LTGT_F2,ADRA1D;CTNNB1;CYP2B6;DPP4;HSP90AB1;MMP1;PPARG;TYR,0.8132717462062109,0.07386949015662261,5
HGT-like-simple,leave_target_group,LTGT_F3,ALOX12;ALOX5;CDK2;CYP19A1;CYP1B1;HTR2A;MMP9;PGR;RELA,0.7939717979699923,0.0943109233810954,5
HGT-like-simple,leave_target_group,LTGT_F4,ADRA1B;AHR;AR;BACE1;DRD1;GSK3B;MAPK14;PTGS2;SLC6A2;SLC6A4,0.8604409402017119,0.02590217568001803,5
HGT-like-simple,leave_target_group,LTGT_F5,AKR1B1;APP;CCNA2;CDK1;CYP1A1;CYP1A2;GSTP1;NR1I2;PLAU;XDH,0.8810540315127471,0.018939908452314812,5
R-GCN-simple,leave_compound_group,LCMPD_F1,CMPD011639;CMPD021553;CMPD024770;CMPD024778;CMPD024851;CMPD024876;CMPD025039;CMPD025143;CMPD025266;CMPD025316;CMPD025420;CMPD025676;CMPD025679;CMPD025911;CMPD026024;CMPD026077;CMPD027217,0.8527504790121073,0.03017820640300625,5
R-GCN-simple,leave_compound_group,LCMPD_F2,CMPD003830;CMPD004807;CMPD005156;CMPD008074;CMPD011207;CMPD024768;CMPD024817;CMPD024872;CMPD024922;CMPD024964;CMPD024977;CMPD025051;CMPD025067;CMPD025152;CMPD025269;CMPD025332;CMPD025348;CMPD025384;CMPD025402;CMPD025439;CMPD025501;CMPD025549;CMPD025566;CMPD025602;CMPD025848;...,0.8482227932495311,0.05949605431506071,5
R-GCN-simple,leave_compound_group,LCMPD_F3,CMPD003951;CMPD004917;CMPD007412;CMPD010794;CMPD012823;CMPD013394;CMPD015725;CMPD016599;CMPD024843;CMPD024927;CMPD024946;CMPD024968;CMPD025012;CMPD025015;CMPD025023;CMPD025089;CMPD025156;CMPD025160;CMPD025163;CMPD025191;CMPD025287;CMPD025353;CMPD025387;CMPD025399;CMPD025446;...,0.8565178137370649,0.05719162174476913,5
R-GCN-simple,leave_compound_group,LCMPD_F4,CMPD003852;CMPD004090;CMPD010476;CMPD013120;CMPD013588;CMPD015715;CMPD024776;CMPD024820;CMPD024838;CMPD024903;CMPD024925;CMPD024967;CMPD025017;CMPD025112;CMPD025158;CMPD025188;CMPD025216;CMPD025302;CMPD025356;CMPD025509;CMPD025520;CMPD025623;CMPD025671;CMPD025693;CMPD025754;...,0.8490742412667546,0.061563760914644404,5
R-GCN-simple,leave_compound_group,LCMPD_F5,CMPD002559;CMPD004403;CMPD006353;CMPD008994;CMPD011790;CMPD014972;CMPD015728;CMPD019676;CMPD020484;CMPD024773;CMPD024806;CMPD024882;CMPD024921;CMPD024991;CMPD025038;CMPD025140;CMPD025173;CMPD025181;CMPD025251;CMPD025264;CMPD025303;CMPD025391;CMPD025479;CMPD025506;CMPD025553;...,0.8837794291270227,0.014505538635999553,5
R-GCN-simple,leave_one_cancer,LOC_COAD,COAD,0.8729597429801688,0.06305441210582415,5
R-GCN-simple,leave_one_cancer,LOC_LIHC,LIHC,0.8559398884119652,0.04420545361697243,5
R-GCN-simple,leave_one_cancer,LOC_STAD,STAD,0.8800998171871146,0.012466508103723626,5
R-GCN-simple,leave_target_group,LTGT_F1,ACHE,0.8809533575530294,0.08849487550407632,5
R-GCN-simple,leave_target_group,LTGT_F2,ADRA1D;CTNNB1;CYP2B6;DPP4;HSP90AB1;MMP1;PPARG;TYR,0.8999147938597482,0.047796958213113444,5
R-GCN-simple,leave_target_group,LTGT_F3,ALOX12;ALOX5;CDK2;CYP19A1;CYP1B1;HTR2A;MMP9;PGR;RELA,0.7739310197317046,0.047696999163093695,5
R-GCN-simple,leave_target_group,LTGT_F4,ADRA1B;AHR;AR;BACE1;DRD1;GSK3B;MAPK14;PTGS2;SLC6A2;SLC6A4,0.856289250050718,0.03057497595982668,5
R-GCN-simple,leave_target_group,LTGT_F5,AKR1B1;APP;CCNA2;CDK1;CYP1A1;CYP1A2;GSTP1;NR1I2;PLAU;XDH,0.9193291707053175,0.016034359064185707,5
SC-HGNN-Rank-full,leave_compound_group,LCMPD_F1,CMPD011639;CMPD021553;CMPD024770;CMPD024778;CMPD024851;CMPD024876;CMPD025039;CMPD025143;CMPD025266;CMPD025316;CMPD025420;CMPD025676;CMPD025679;CMPD025911;CMPD026024;CMPD026077;CMPD027217,0.9739523578026251,0.0026684366095529144,5
SC-HGNN-Rank-full,leave_compound_group,LCMPD_F2,CMPD003830;CMPD004807;CMPD005156;CMPD008074;CMPD011207;CMPD024768;CMPD024817;CMPD024872;CMPD024922;CMPD024964;CMPD024977;CMPD025051;CMPD025067;CMPD025152;CMPD025269;CMPD025332;CMPD025348;CMPD025384;CMPD025402;CMPD025439;CMPD025501;CMPD025549;CMPD025566;CMPD025602;CMPD025848;...,0.9675671921661225,0.008061027345313356,5
SC-HGNN-Rank-full,leave_compound_group,LCMPD_F3,CMPD003951;CMPD004917;CMPD007412;CMPD010794;CMPD012823;CMPD013394;CMPD015725;CMPD016599;CMPD024843;CMPD024927;CMPD024946;CMPD024968;CMPD025012;CMPD025015;CMPD025023;CMPD025089;CMPD025156;CMPD025160;CMPD025163;CMPD025191;CMPD025287;CMPD025353;CMPD025387;CMPD025399;CMPD025446;...,0.9625049802348482,0.011911176598961818,5
SC-HGNN-Rank-full,leave_compound_group,LCMPD_F4,CMPD003852;CMPD004090;CMPD010476;CMPD013120;CMPD013588;CMPD015715;CMPD024776;CMPD024820;CMPD024838;CMPD024903;CMPD024925;CMPD024967;CMPD025017;CMPD025112;CMPD025158;CMPD025188;CMPD025216;CMPD025302;CMPD025356;CMPD025509;CMPD025520;CMPD025623;CMPD025671;CMPD025693;CMPD025754;...,0.9801013959302729,0.002392088246775624,5
SC-HGNN-Rank-full,leave_compound_group,LCMPD_F5,CMPD002559;CMPD004403;CMPD006353;CMPD008994;CMPD011790;CMPD014972;CMPD015728;CMPD019676;CMPD020484;CMPD024773;CMPD024806;CMPD024882;CMPD024921;CMPD024991;CMPD025038;CMPD025140;CMPD025173;CMPD025181;CMPD025251;CMPD025264;CMPD025303;CMPD025391;CMPD025479;CMPD025506;CMPD025553;...,0.9528745051739703,0.007938146343193975,5
SC-HGNN-Rank-full,leave_one_cancer,LOC_COAD,COAD,0.9828757897386133,0.004341178389152439,5
SC-HGNN-Rank-full,leave_one_cancer,LOC_LIHC,LIHC,0.9655800448282188,0.021551239403534775,5
SC-HGNN-Rank-full,leave_one_cancer,LOC_STAD,STAD,0.9580163504087602,0.007250735086879504,5
SC-HGNN-Rank-full,leave_target_group,LTGT_F1,ACHE,0.9824809562873549,0.004164471334881627,5
SC-HGNN-Rank-full,leave_target_group,LTGT_F2,ADRA1D;CTNNB1;CYP2B6;DPP4;HSP90AB1;MMP1;PPARG;TYR,0.9886175416450644,0.0024253155769589792,5
SC-HGNN-Rank-full,leave_target_group,LTGT_F3,ALOX12;ALOX5;CDK2;CYP19A1;CYP1B1;HTR2A;MMP9;PGR;RELA,0.9563997024547483,0.03352415411815349,5
SC-HGNN-Rank-full,leave_target_group,LTGT_F4,ADRA1B;AHR;AR;BACE1;DRD1;GSK3B;MAPK14;PTGS2;SLC6A2;SLC6A4,0.9698216982620653,0.00843143959237097,5
SC-HGNN-Rank-full,leave_target_group,LTGT_F5,AKR1B1;APP;CCNA2;CDK1;CYP1A1;CYP1A2;GSTP1;NR1I2;PLAU;XDH,0.9835989450668349,0.005253055111156245,5
SC-HGNN-Rank-simple,leave_compound_group,LCMPD_F1,CMPD011639;CMPD021553;CMPD024770;CMPD024778;CMPD024851;CMPD024876;CMPD025039;CMPD025143;CMPD025266;CMPD025316;CMPD025420;CMPD025676;CMPD025679;CMPD025911;CMPD026024;CMPD026077;CMPD027217,0.9189138134592678,0.019583507905718767,5
SC-HGNN-Rank-simple,leave_compound_group,LCMPD_F2,CMPD003830;CMPD004807;CMPD005156;CMPD008074;CMPD011207;CMPD024768;CMPD024817;CMPD024872;CMPD024922;CMPD024964;CMPD024977;CMPD025051;CMPD025067;CMPD025152;CMPD025269;CMPD025332;CMPD025348;CMPD025384;CMPD025402;CMPD025439;CMPD025501;CMPD025549;CMPD025566;CMPD025602;CMPD025848;...,0.9342454337106743,0.050485952486924404,5
SC-HGNN-Rank-simple,leave_compound_group,LCMPD_F3,CMPD003951;CMPD004917;CMPD007412;CMPD010794;CMPD012823;CMPD013394;CMPD015725;CMPD016599;CMPD024843;CMPD024927;CMPD024946;CMPD024968;CMPD025012;CMPD025015;CMPD025023;CMPD025089;CMPD025156;CMPD025160;CMPD025163;CMPD025191;CMPD025287;CMPD025353;CMPD025387;CMPD025399;CMPD025446;...,0.9367549566016512,0.023368369301613144,5
SC-HGNN-Rank-simple,leave_compound_group,LCMPD_F4,CMPD003852;CMPD004090;CMPD010476;CMPD013120;CMPD013588;CMPD015715;CMPD024776;CMPD024820;CMPD024838;CMPD024903;CMPD024925;CMPD024967;CMPD025017;CMPD025112;CMPD025158;CMPD025188;CMPD025216;CMPD025302;CMPD025356;CMPD025509;CMPD025520;CMPD025623;CMPD025671;CMPD025693;CMPD025754;...,0.9172541343137812,0.0938941388837732,5
SC-HGNN-Rank-simple,leave_compound_group,LCMPD_F5,CMPD002559;CMPD004403;CMPD006353;CMPD008994;CMPD011790;CMPD014972;CMPD015728;CMPD019676;CMPD020484;CMPD024773;CMPD024806;CMPD024882;CMPD024921;CMPD024991;CMPD025038;CMPD025140;CMPD025173;CMPD025181;CMPD025251;CMPD025264;CMPD025303;CMPD025391;CMPD025479;CMPD025506;CMPD025553;...,0.9308118619348564,0.01996158038042007,5
SC-HGNN-Rank-simple,leave_one_cancer,LOC_COAD,COAD,0.937148281323631,0.0622023135638841,5
SC-HGNN-Rank-simple,leave_one_cancer,LOC_LIHC,LIHC,0.9067945189647085,0.036484091885660715,5
SC-HGNN-Rank-simple,leave_one_cancer,LOC_STAD,STAD,0.9135412351859304,0.0342516221421205,5
SC-HGNN-Rank-simple,leave_target_group,LTGT_F1,ACHE,0.9680288808599805,0.015597767645324702,5
SC-HGNN-Rank-simple,leave_target_group,LTGT_F2,ADRA1D;CTNNB1;CYP2B6;DPP4;HSP90AB1;MMP1;PPARG;TYR,0.9078565471226021,0.05381970588085969,5
SC-HGNN-Rank-simple,leave_target_group,LTGT_F3,ALOX12;ALOX5;CDK2;CYP19A1;CYP1B1;HTR2A;MMP9;PGR;RELA,0.8577093771937487,0.04841123719639291,5
SC-HGNN-Rank-simple,leave_target_group,LTGT_F4,ADRA1B;AHR;AR;BACE1;DRD1;GSK3B;MAPK14;PTGS2;SLC6A2;SLC6A4,0.9369573185358536,0.007713560015399914,5
SC-HGNN-Rank-simple,leave_target_group,LTGT_F5,AKR1B1;APP;CCNA2;CDK1;CYP1A1;CYP1A2;GSTP1;NR1I2;PLAU;XDH,0.9346229966413452,0.015746921945614355,5
