gene_symbol,ensembl_id,gene_description,uniprot,hpa_evidence,hpa_protein_evidence_score,rna_cancer_specificity,rna_cancer_distribution,rna_cancer_specificity_score_raw,hpa_cancer_specificity_score
NFYA,ENSG00000001167,,P23511,Evidence at protein level,1.0,,,,0.25
ETV7,ENSG00000010030,,Q9Y603,Evidence at protein level,1.0,,,,0.25
ALOX5,ENSG00000012779,,P09917,Evidence at protein level,1.0,,,,0.25
NR1H3,ENSG00000025434,,Q13133,Evidence at protein level,1.0,,,,0.25
RORA,ENSG00000069667,,P35398,Evidence at protein level,1.0,,,,0.25
PTGS2,ENSG00000073756,,P35354,Evidence at protein level,1.0,,,,0.25
NFKB2,ENSG00000077150,,Q00653,Evidence at protein level,1.0,,,,0.25
TYR,ENSG00000077498,,P14679,Evidence at protein level,1.0,,,,0.25
PGR,ENSG00000082175,,P06401,Evidence at protein level,1.0,,,,0.25
GSK3B,ENSG00000082701,,P49841,Evidence at protein level,1.0,,,,0.25
GSTP1,ENSG00000084207,,P09211,Evidence at protein level,1.0,,,,0.25
AKR1B1,ENSG00000085662,,P15121,Evidence at protein level,1.0,,,,0.25
ACHE,ENSG00000087085,,P22303,Evidence at protein level,1.0,,,,0.25
ESR1,ENSG00000091831,,P03372,Evidence at protein level,1.0,,,,0.25
HSP90AB1,ENSG00000096384,,P08238,Evidence at protein level,1.0,,,,0.25
EP300,ENSG00000100393,,Q09472,Evidence at protein level,1.0,,,,0.25
HIF1A,ENSG00000100644,,Q16665,Evidence at protein level,1.0,,,,0.25
MMP9,ENSG00000100985,,P14780,Evidence at protein level,1.0,,,,0.25
MYBL2,ENSG00000101057,,P10244,Evidence at protein level,1.0,,,,0.25
E2F1,ENSG00000101412,,Q01094,Evidence at protein level,1.0,,,,0.25
SMAD7,ENSG00000101665,,O15105,Evidence at protein level,1.0,,,,0.25
HTR2A,ENSG00000102468,,P28223,Evidence at protein level,1.0,,,,0.25
KLF5,ENSG00000102554,,Q13887,Evidence at protein level,1.0,,,,0.25
SLC6A2,ENSG00000103546,,P23975,Evidence at protein level,1.0,,,,0.25
AHR,ENSG00000106546,,P35869,Evidence at protein level,1.0,,,,0.25
SLC6A4,ENSG00000108576,,P31645,Evidence at protein level,1.0,,,,0.25
ALOX12,ENSG00000108839,,P18054,Evidence at protein level,1.0,,,,0.25
NFKB1,ENSG00000109320,,P19838,Evidence at protein level,1.0,,,,0.25
FOXM1,ENSG00000111206,,Q08050,Evidence at protein level,1.0,,,,0.25
MAPK14,ENSG00000112062,,Q16539,Evidence at protein level,1.0,,,,0.25
TBP,ENSG00000112592,,P20226,Evidence at protein level,1.0,,,,0.25
NR3C1,ENSG00000113580,,P04150,Evidence at protein level,1.0,,,,0.25
EPAS1,ENSG00000116016,,Q99814,Evidence at protein level,1.0,,,,0.25
ARID3A,ENSG00000116017,,Q99856,Evidence at protein level,1.0,,,,0.25
NFE2L2,ENSG00000116044,,Q16236,Evidence at protein level,1.0,,,,0.25
HDAC1,ENSG00000116478,,Q13547,Evidence at protein level,1.0,,,,0.25
CREB1,ENSG00000118260,,P16220,Evidence at protein level,1.0,,,,0.25
MYB,ENSG00000118513,,P10242,Evidence at protein level,1.0,,,,0.25
EGR1,ENSG00000120738,,P18146,Evidence at protein level,1.0,,,,0.25
GTF3A,ENSG00000122034,,Q92664,Evidence at protein level,1.0,,,,0.25
PLAU,ENSG00000122861,,P00749,Evidence at protein level,1.0,,,,0.25
CDK2,ENSG00000123374,,P24941,Evidence at protein level,1.0,,,,0.25
RUNX2,ENSG00000124813,,Q13950,Evidence at protein level,1.0,,,,0.25
ATF4,ENSG00000128272,,P18848,Evidence at protein level,1.0,,,,0.25
HOXD3,ENSG00000128652,,P31249,Evidence at protein level,1.0,,,,0.25
JUND,ENSG00000130522,,P17535,Evidence at protein level,1.0,,,,0.25
PPARG,ENSG00000132170,,P37231,Evidence at protein level,1.0,,,,0.25
ETS1,ENSG00000134954,,P14921,Evidence at protein level,1.0,,,,0.25
HNF1A,ENSG00000135100,,,Evidence at protein level,1.0,,,,0.25
EHF,ENSG00000135373,,Q9NZC4,Evidence at protein level,1.0,,,,0.25
MYC,ENSG00000136997,,P01106,Evidence at protein level,1.0,,,,0.25
TFAP2A,ENSG00000137203,,P05549,Evidence at protein level,1.0,,,,0.25
CYP19A1,ENSG00000137869,,P11511,Evidence at protein level,1.0,,,,0.25
CYP1B1,ENSG00000138061,,Q16678,Evidence at protein level,1.0,,,,0.25
CYP1A1,ENSG00000140465,,P04798,Evidence at protein level,1.0,,,,0.25
CYP1A2,ENSG00000140505,,P05177,Evidence at protein level,1.0,,,,0.25
TP53,ENSG00000141510,,P04637,Evidence at protein level,1.0,,,,0.25
APP,ENSG00000142192,,P05067,Evidence at protein level,1.0,,,,0.25
NR1I3,ENSG00000143257,,Q14994,Evidence at protein level,1.0,,,,0.25
NR1I2,ENSG00000144852,,O75469,Evidence at protein level,1.0,,,,0.25
CCNA2,ENSG00000145386,,P20248,Evidence at protein level,1.0,,,,0.25
TCF7L2,ENSG00000148737,,Q9NQB0,Evidence at protein level,1.0,,,,0.25
SSRP1,ENSG00000149136,,Q08945,Evidence at protein level,1.0,,,,0.25
FOXO1,ENSG00000150907,,Q12778,Evidence at protein level,1.0,,,,0.25
CEBPG,ENSG00000153879,,P53567,Evidence at protein level,1.0,,,,0.25
XDH,ENSG00000158125,,P47989,Evidence at protein level,1.0,,,,0.25
REL,ENSG00000162924,,Q04864,Evidence at protein level,1.0,,,,0.25
PITX2,ENSG00000164093,,Q99697,Evidence at protein level,1.0,,,,0.25
CDX2,ENSG00000165556,,Q99626,Evidence at protein level,1.0,,,,0.25
CTNNB1,ENSG00000168036,,P35222,Evidence at protein level,1.0,,,,0.25
RBPJ,ENSG00000168214,,Q06330,Evidence at protein level,1.0,,,,0.25
HR,ENSG00000168453,,O43593,Evidence at protein level,1.0,,,,0.25
STAT3,ENSG00000168610,,P40763,Evidence at protein level,1.0,,,,0.25
AR,ENSG00000169083,,P10275,Evidence at protein level,1.0,,,,0.25
ADRA1B,ENSG00000170214,,P35368,Evidence at protein level,1.0,,,,0.25
CDK1,ENSG00000170312,,P06493,Evidence at protein level,1.0,,,,0.25
FOS,ENSG00000170345,,P01100,Evidence at protein level,1.0,,,,0.25
HOPX,ENSG00000171476,,Q9BPY8,Evidence at protein level,1.0,,,,0.25
ADRA1D,ENSG00000171873,,P25100,Evidence at protein level,1.0,,,,0.25
CEBPB,ENSG00000172216,,P17676,Evidence at protein level,1.0,,,,0.25
SP3,ENSG00000172845,,Q02447,Evidence at protein level,1.0,,,,0.25
RELA,ENSG00000173039,,Q04206,Evidence at protein level,1.0,,,,0.25
DDIT3,ENSG00000175197,,P35638,Evidence at protein level,1.0,,,,0.25
SMAD2,ENSG00000175387,,Q15796,Evidence at protein level,1.0,,,,0.25
ETV4,ENSG00000175832,,P43268,Evidence at protein level,1.0,,,,0.25
JUN,ENSG00000177606,,P05412,Evidence at protein level,1.0,,,,0.25
EWSR1,ENSG00000182944,,Q01844,Evidence at protein level,1.0,,,,0.25
DRD1,ENSG00000184845,,P21728,Evidence at protein level,1.0,,,,0.25
HSF1,ENSG00000185122,,Q00613,Evidence at protein level,1.0,,,,0.25
SP1,ENSG00000185591,,P08047,Evidence at protein level,1.0,,,,0.25
BACE1,ENSG00000186318,,P56817,Evidence at protein level,1.0,,,,0.25
MITF,ENSG00000187098,,O75030,Evidence at protein level,1.0,,,,0.25
MMP1,ENSG00000196611,,P03956,Evidence at protein level,1.0,,,,0.25
CYP2B6,ENSG00000197408,,P20813,Evidence at protein level,1.0,,,,0.25
DPP4,ENSG00000197635,,P27487,Evidence at protein level,1.0,,,,0.25
TFDP1,ENSG00000198176,,Q14186,Evidence at protein level,1.0,,,,0.25
E2F4,ENSG00000205250,,Q16254,Evidence at protein level,1.0,,,,0.25
CEBPD,ENSG00000221869,,P49716,Evidence at protein level,1.0,,,,0.25
CEBPA,ENSG00000245848,,P49715,Evidence at protein level,1.0,,,,0.25
