source,source_note,frozen_axis_id,cancer,axis_display_label,compound_representative_name,target_gene_symbol,tf_gene_symbol,hit_type,drug_name,median_response_value_lower_is_more_sensitive,unweighted_sensitivity_score,weighted_support_score,n_rows,n_cell_lines,matched_target_annotation
GDSC,GDSC release 8.5 fitted dose response; AUC lower values interpreted as higher sensitivity,COAD_AXIS_034,COAD,Quercetin | CDK1/MYB,Quercetin,CDK1,MYB,target_class,Dinaciclib,0.635115,0.9511070110701108,0.8084409594095942,46,46,"CDK1, CDK2, CDK5, CDK9"
GDSC,GDSC release 8.5 fitted dose response; AUC lower values interpreted as higher sensitivity,COAD_AXIS_034,COAD,Quercetin | CDK1/MYB,Quercetin,CDK1,MYB,target_class,AT-7519,0.803184,0.8330258302583026,0.7080719557195572,42,42,"CDK1, CDK2, CDK4, CDK6, CDK9"
GDSC,GDSC release 8.5 fitted dose response; AUC lower values interpreted as higher sensitivity,COAD_AXIS_034,COAD,Quercetin | CDK1/MYB,Quercetin,CDK1,MYB,target_class,CGP-60474,0.81514,0.816420664206642,0.6939575645756457,15,15,"CDK1,CDK2,CDK5,CDK7,CDK9, PKC"
GDSC,GDSC release 8.5 fitted dose response; AUC lower values interpreted as higher sensitivity,COAD_AXIS_034,COAD,Quercetin | CDK1/MYB,Quercetin,CDK1,MYB,target_class,RO-3306,0.957225,0.38837638376383765,0.330119926199262,89,45,CDK1
GDSC,GDSC release 8.5 fitted dose response; AUC lower values interpreted as higher sensitivity,COAD_AXIS_015,COAD,Quercetin | CDK1/KLF5,Quercetin,CDK1,KLF5,target_class,Dinaciclib,0.635115,0.9511070110701108,0.8084409594095942,46,46,"CDK1, CDK2, CDK5, CDK9"
GDSC,GDSC release 8.5 fitted dose response; AUC lower values interpreted as higher sensitivity,COAD_AXIS_015,COAD,Quercetin | CDK1/KLF5,Quercetin,CDK1,KLF5,target_class,AT-7519,0.803184,0.8330258302583026,0.7080719557195572,42,42,"CDK1, CDK2, CDK4, CDK6, CDK9"
GDSC,GDSC release 8.5 fitted dose response; AUC lower values interpreted as higher sensitivity,COAD_AXIS_015,COAD,Quercetin | CDK1/KLF5,Quercetin,CDK1,KLF5,target_class,CGP-60474,0.81514,0.816420664206642,0.6939575645756457,15,15,"CDK1,CDK2,CDK5,CDK7,CDK9, PKC"
GDSC,GDSC release 8.5 fitted dose response; AUC lower values interpreted as higher sensitivity,COAD_AXIS_015,COAD,Quercetin | CDK1/KLF5,Quercetin,CDK1,KLF5,target_class,RO-3306,0.957225,0.38837638376383765,0.330119926199262,89,45,CDK1
GDSC,GDSC release 8.5 fitted dose response; AUC lower values interpreted as higher sensitivity,COAD_AXIS_093,COAD,Physovenine | ACHE/TP53,Physovenine,ACHE,TP53,tf_or_regulator_class,PRIMA-1MET,0.9518115,0.4197416974169742,0.27283210332103325,46,46,TP53 activation
GDSC,GDSC release 8.5 fitted dose response; AUC lower values interpreted as higher sensitivity,COAD_AXIS_093,COAD,Physovenine | ACHE/TP53,Physovenine,ACHE,TP53,tf_or_regulator_class,MIRA-1,0.982397,0.023062730627306238,0.014990774907749055,45,45,TP53
GDSC,GDSC release 8.5 fitted dose response; AUC lower values interpreted as higher sensitivity,COAD_AXIS_038,COAD,Quercetin | CDK1/MYBL2,Quercetin,CDK1,MYBL2,target_class,Dinaciclib,0.635115,0.9511070110701108,0.8084409594095942,46,46,"CDK1, CDK2, CDK5, CDK9"
GDSC,GDSC release 8.5 fitted dose response; AUC lower values interpreted as higher sensitivity,COAD_AXIS_038,COAD,Quercetin | CDK1/MYBL2,Quercetin,CDK1,MYBL2,target_class,AT-7519,0.803184,0.8330258302583026,0.7080719557195572,42,42,"CDK1, CDK2, CDK4, CDK6, CDK9"
GDSC,GDSC release 8.5 fitted dose response; AUC lower values interpreted as higher sensitivity,COAD_AXIS_038,COAD,Quercetin | CDK1/MYBL2,Quercetin,CDK1,MYBL2,target_class,CGP-60474,0.81514,0.816420664206642,0.6939575645756457,15,15,"CDK1,CDK2,CDK5,CDK7,CDK9, PKC"
GDSC,GDSC release 8.5 fitted dose response; AUC lower values interpreted as higher sensitivity,COAD_AXIS_038,COAD,Quercetin | CDK1/MYBL2,Quercetin,CDK1,MYBL2,target_class,RO-3306,0.957225,0.38837638376383765,0.330119926199262,89,45,CDK1
GDSC,GDSC release 8.5 fitted dose response; AUC lower values interpreted as higher sensitivity,COAD_AXIS_039,COAD,Quercetin | CDK1/E2F1,Quercetin,CDK1,E2F1,target_class,Dinaciclib,0.635115,0.9511070110701108,0.8084409594095942,46,46,"CDK1, CDK2, CDK5, CDK9"
GDSC,GDSC release 8.5 fitted dose response; AUC lower values interpreted as higher sensitivity,COAD_AXIS_039,COAD,Quercetin | CDK1/E2F1,Quercetin,CDK1,E2F1,target_class,AT-7519,0.803184,0.8330258302583026,0.7080719557195572,42,42,"CDK1, CDK2, CDK4, CDK6, CDK9"
GDSC,GDSC release 8.5 fitted dose response; AUC lower values interpreted as higher sensitivity,COAD_AXIS_039,COAD,Quercetin | CDK1/E2F1,Quercetin,CDK1,E2F1,target_class,CGP-60474,0.81514,0.816420664206642,0.6939575645756457,15,15,"CDK1,CDK2,CDK5,CDK7,CDK9, PKC"
GDSC,GDSC release 8.5 fitted dose response; AUC lower values interpreted as higher sensitivity,COAD_AXIS_039,COAD,Quercetin | CDK1/E2F1,Quercetin,CDK1,E2F1,target_class,RO-3306,0.957225,0.38837638376383765,0.330119926199262,89,45,CDK1
GDSC,GDSC release 8.5 fitted dose response; AUC lower values interpreted as higher sensitivity,COAD_AXIS_077,COAD,Indirubin | CDK1/MYBL2,Indirubin,CDK1,MYBL2,target_class,Dinaciclib,0.635115,0.9511070110701108,0.8084409594095942,46,46,"CDK1, CDK2, CDK5, CDK9"
GDSC,GDSC release 8.5 fitted dose response; AUC lower values interpreted as higher sensitivity,COAD_AXIS_077,COAD,Indirubin | CDK1/MYBL2,Indirubin,CDK1,MYBL2,target_class,AT-7519,0.803184,0.8330258302583026,0.7080719557195572,42,42,"CDK1, CDK2, CDK4, CDK6, CDK9"
GDSC,GDSC release 8.5 fitted dose response; AUC lower values interpreted as higher sensitivity,COAD_AXIS_077,COAD,Indirubin | CDK1/MYBL2,Indirubin,CDK1,MYBL2,target_class,CGP-60474,0.81514,0.816420664206642,0.6939575645756457,15,15,"CDK1,CDK2,CDK5,CDK7,CDK9, PKC"
GDSC,GDSC release 8.5 fitted dose response; AUC lower values interpreted as higher sensitivity,COAD_AXIS_077,COAD,Indirubin | CDK1/MYBL2,Indirubin,CDK1,MYBL2,target_class,RO-3306,0.957225,0.38837638376383765,0.330119926199262,89,45,CDK1
GDSC,GDSC release 8.5 fitted dose response; AUC lower values interpreted as higher sensitivity,COAD_AXIS_090,COAD,Quercetin | CDK1/E2F1,Quercetin,CDK1,E2F1,target_class,Dinaciclib,0.635115,0.9511070110701108,0.8084409594095942,46,46,"CDK1, CDK2, CDK5, CDK9"
GDSC,GDSC release 8.5 fitted dose response; AUC lower values interpreted as higher sensitivity,COAD_AXIS_090,COAD,Quercetin | CDK1/E2F1,Quercetin,CDK1,E2F1,target_class,AT-7519,0.803184,0.8330258302583026,0.7080719557195572,42,42,"CDK1, CDK2, CDK4, CDK6, CDK9"
GDSC,GDSC release 8.5 fitted dose response; AUC lower values interpreted as higher sensitivity,COAD_AXIS_090,COAD,Quercetin | CDK1/E2F1,Quercetin,CDK1,E2F1,target_class,CGP-60474,0.81514,0.816420664206642,0.6939575645756457,15,15,"CDK1,CDK2,CDK5,CDK7,CDK9, PKC"
GDSC,GDSC release 8.5 fitted dose response; AUC lower values interpreted as higher sensitivity,COAD_AXIS_090,COAD,Quercetin | CDK1/E2F1,Quercetin,CDK1,E2F1,target_class,RO-3306,0.957225,0.38837638376383765,0.330119926199262,89,45,CDK1
GDSC,GDSC release 8.5 fitted dose response; AUC lower values interpreted as higher sensitivity,COAD_AXIS_107,COAD,Alpha-lipoic acid | ACHE/TFAP2A,Alpha-lipoic acid,ACHE,TFAP2A,direct_compound,alpha-lipoic acid,0.9773125,0.12269372693726932,0.12269372693726932,42,42,Metabolism
GDSC,GDSC release 8.5 fitted dose response; AUC lower values interpreted as higher sensitivity,COAD_AXIS_108,COAD,Alpha-lipoic acid | ACHE/HR,Alpha-lipoic acid,ACHE,HR,direct_compound,alpha-lipoic acid,0.9773125,0.12269372693726932,0.12269372693726932,42,42,Metabolism
GDSC,GDSC release 8.5 fitted dose response; AUC lower values interpreted as higher sensitivity,COAD_AXIS_145,COAD,Indirubin | CDK1/E2F1,Indirubin,CDK1,E2F1,target_class,Dinaciclib,0.635115,0.9511070110701108,0.8084409594095942,46,46,"CDK1, CDK2, CDK5, CDK9"
GDSC,GDSC release 8.5 fitted dose response; AUC lower values interpreted as higher sensitivity,COAD_AXIS_145,COAD,Indirubin | CDK1/E2F1,Indirubin,CDK1,E2F1,target_class,AT-7519,0.803184,0.8330258302583026,0.7080719557195572,42,42,"CDK1, CDK2, CDK4, CDK6, CDK9"
GDSC,GDSC release 8.5 fitted dose response; AUC lower values interpreted as higher sensitivity,COAD_AXIS_145,COAD,Indirubin | CDK1/E2F1,Indirubin,CDK1,E2F1,target_class,CGP-60474,0.81514,0.816420664206642,0.6939575645756457,15,15,"CDK1,CDK2,CDK5,CDK7,CDK9, PKC"
GDSC,GDSC release 8.5 fitted dose response; AUC lower values interpreted as higher sensitivity,COAD_AXIS_145,COAD,Indirubin | CDK1/E2F1,Indirubin,CDK1,E2F1,target_class,RO-3306,0.957225,0.38837638376383765,0.330119926199262,89,45,CDK1
GDSC,GDSC release 8.5 fitted dose response; AUC lower values interpreted as higher sensitivity,COAD_AXIS_157,COAD,Baicalein | CDK1/E2F1,Baicalein,CDK1,E2F1,target_class,Dinaciclib,0.635115,0.9511070110701108,0.8084409594095942,46,46,"CDK1, CDK2, CDK5, CDK9"
GDSC,GDSC release 8.5 fitted dose response; AUC lower values interpreted as higher sensitivity,COAD_AXIS_157,COAD,Baicalein | CDK1/E2F1,Baicalein,CDK1,E2F1,target_class,AT-7519,0.803184,0.8330258302583026,0.7080719557195572,42,42,"CDK1, CDK2, CDK4, CDK6, CDK9"
GDSC,GDSC release 8.5 fitted dose response; AUC lower values interpreted as higher sensitivity,COAD_AXIS_157,COAD,Baicalein | CDK1/E2F1,Baicalein,CDK1,E2F1,target_class,CGP-60474,0.81514,0.816420664206642,0.6939575645756457,15,15,"CDK1,CDK2,CDK5,CDK7,CDK9, PKC"
GDSC,GDSC release 8.5 fitted dose response; AUC lower values interpreted as higher sensitivity,COAD_AXIS_157,COAD,Baicalein | CDK1/E2F1,Baicalein,CDK1,E2F1,target_class,RO-3306,0.957225,0.38837638376383765,0.330119926199262,89,45,CDK1
GDSC,GDSC release 8.5 fitted dose response; AUC lower values interpreted as higher sensitivity,COAD_AXIS_148,COAD,Quercetin | CDK1/MYC,Quercetin,CDK1,MYC,target_class,Dinaciclib,0.635115,0.9511070110701108,0.8084409594095942,46,46,"CDK1, CDK2, CDK5, CDK9"
GDSC,GDSC release 8.5 fitted dose response; AUC lower values interpreted as higher sensitivity,COAD_AXIS_148,COAD,Quercetin | CDK1/MYC,Quercetin,CDK1,MYC,target_class,AT-7519,0.803184,0.8330258302583026,0.7080719557195572,42,42,"CDK1, CDK2, CDK4, CDK6, CDK9"
GDSC,GDSC release 8.5 fitted dose response; AUC lower values interpreted as higher sensitivity,COAD_AXIS_148,COAD,Quercetin | CDK1/MYC,Quercetin,CDK1,MYC,target_class,CGP-60474,0.81514,0.816420664206642,0.6939575645756457,15,15,"CDK1,CDK2,CDK5,CDK7,CDK9, PKC"
GDSC,GDSC release 8.5 fitted dose response; AUC lower values interpreted as higher sensitivity,COAD_AXIS_148,COAD,Quercetin | CDK1/MYC,Quercetin,CDK1,MYC,target_class,RO-3306,0.957225,0.38837638376383765,0.330119926199262,89,45,CDK1
GDSC,GDSC release 8.5 fitted dose response; AUC lower values interpreted as higher sensitivity,COAD_AXIS_109,COAD,Eriodyctiol (flavanone) | HSP90AB1/HSF1,Eriodyctiol (flavanone),HSP90AB1,HSF1,tf_or_regulator_class,CCT245232,0.8461185,0.7592250922509225,0.4934963099630996,44,44,HSF1
GDSC,GDSC release 8.5 fitted dose response; AUC lower values interpreted as higher sensitivity,COAD_AXIS_109,COAD,Eriodyctiol (flavanone) | HSP90AB1/HSF1,Eriodyctiol (flavanone),HSP90AB1,HSF1,tf_or_regulator_class,CCT245467,0.9375185,0.49723247232472323,0.32320110701107013,44,44,HSF1
GDSC,GDSC release 8.5 fitted dose response; AUC lower values interpreted as higher sensitivity,COAD_AXIS_177,COAD,Quercetin | CDK1/E2F4,Quercetin,CDK1,E2F4,target_class,Dinaciclib,0.635115,0.9511070110701108,0.8084409594095942,46,46,"CDK1, CDK2, CDK5, CDK9"
GDSC,GDSC release 8.5 fitted dose response; AUC lower values interpreted as higher sensitivity,COAD_AXIS_177,COAD,Quercetin | CDK1/E2F4,Quercetin,CDK1,E2F4,target_class,AT-7519,0.803184,0.8330258302583026,0.7080719557195572,42,42,"CDK1, CDK2, CDK4, CDK6, CDK9"
GDSC,GDSC release 8.5 fitted dose response; AUC lower values interpreted as higher sensitivity,COAD_AXIS_177,COAD,Quercetin | CDK1/E2F4,Quercetin,CDK1,E2F4,target_class,CGP-60474,0.81514,0.816420664206642,0.6939575645756457,15,15,"CDK1,CDK2,CDK5,CDK7,CDK9, PKC"
GDSC,GDSC release 8.5 fitted dose response; AUC lower values interpreted as higher sensitivity,COAD_AXIS_177,COAD,Quercetin | CDK1/E2F4,Quercetin,CDK1,E2F4,target_class,RO-3306,0.957225,0.38837638376383765,0.330119926199262,89,45,CDK1
GDSC,GDSC release 8.5 fitted dose response; AUC lower values interpreted as higher sensitivity,COAD_AXIS_152,COAD,Quercetin | ACHE/TP53,Quercetin,ACHE,TP53,tf_or_regulator_class,PRIMA-1MET,0.9518115,0.4197416974169742,0.27283210332103325,46,46,TP53 activation
GDSC,GDSC release 8.5 fitted dose response; AUC lower values interpreted as higher sensitivity,COAD_AXIS_152,COAD,Quercetin | ACHE/TP53,Quercetin,ACHE,TP53,tf_or_regulator_class,MIRA-1,0.982397,0.023062730627306238,0.014990774907749055,45,45,TP53
GDSC,GDSC release 8.5 fitted dose response; AUC lower values interpreted as higher sensitivity,COAD_AXIS_183,COAD,Tanshinone iia | ACHE/TP53,Tanshinone iia,ACHE,TP53,tf_or_regulator_class,PRIMA-1MET,0.9518115,0.4197416974169742,0.27283210332103325,46,46,TP53 activation
GDSC,GDSC release 8.5 fitted dose response; AUC lower values interpreted as higher sensitivity,COAD_AXIS_183,COAD,Tanshinone iia | ACHE/TP53,Tanshinone iia,ACHE,TP53,tf_or_regulator_class,MIRA-1,0.982397,0.023062730627306238,0.014990774907749055,45,45,TP53
GDSC,GDSC release 8.5 fitted dose response; AUC lower values interpreted as higher sensitivity,COAD_AXIS_154,COAD,Quercetin | CDK1/MYB,Quercetin,CDK1,MYB,target_class,Dinaciclib,0.635115,0.9511070110701108,0.8084409594095942,46,46,"CDK1, CDK2, CDK5, CDK9"
GDSC,GDSC release 8.5 fitted dose response; AUC lower values interpreted as higher sensitivity,COAD_AXIS_154,COAD,Quercetin | CDK1/MYB,Quercetin,CDK1,MYB,target_class,AT-7519,0.803184,0.8330258302583026,0.7080719557195572,42,42,"CDK1, CDK2, CDK4, CDK6, CDK9"
GDSC,GDSC release 8.5 fitted dose response; AUC lower values interpreted as higher sensitivity,COAD_AXIS_154,COAD,Quercetin | CDK1/MYB,Quercetin,CDK1,MYB,target_class,CGP-60474,0.81514,0.816420664206642,0.6939575645756457,15,15,"CDK1,CDK2,CDK5,CDK7,CDK9, PKC"
GDSC,GDSC release 8.5 fitted dose response; AUC lower values interpreted as higher sensitivity,COAD_AXIS_154,COAD,Quercetin | CDK1/MYB,Quercetin,CDK1,MYB,target_class,RO-3306,0.957225,0.38837638376383765,0.330119926199262,89,45,CDK1
GDSC,GDSC release 8.5 fitted dose response; AUC lower values interpreted as higher sensitivity,LIHC_AXIS_092,LIHC,"4',5-Dihydroxyflavone | AR/HDAC1","4',5-Dihydroxyflavone",AR,HDAC1,target_class,AZD3514,0.9338519999999999,0.47864077669902916,0.40684466019417476,14,14,AR
GDSC,GDSC release 8.5 fitted dose response; AUC lower values interpreted as higher sensitivity,LIHC_AXIS_092,LIHC,"4',5-Dihydroxyflavone | AR/HDAC1","4',5-Dihydroxyflavone",AR,HDAC1,target_class,Bicalutamide,0.981877,0.045631067961165006,0.03878640776699025,31,16,AR
GDSC,GDSC release 8.5 fitted dose response; AUC lower values interpreted as higher sensitivity,LIHC_AXIS_092,LIHC,"4',5-Dihydroxyflavone | AR/HDAC1","4',5-Dihydroxyflavone",AR,HDAC1,tf_or_regulator_class,Belinostat,0.421017,0.9796116504854369,0.636747572815534,16,16,HDAC1
GDSC,GDSC release 8.5 fitted dose response; AUC lower values interpreted as higher sensitivity,LIHC_AXIS_092,LIHC,"4',5-Dihydroxyflavone | AR/HDAC1","4',5-Dihydroxyflavone",AR,HDAC1,tf_or_regulator_class,Dacinostat,0.48664050000000003,0.9660194174757282,0.6279126213592233,16,16,HDAC1
GDSC,GDSC release 8.5 fitted dose response; AUC lower values interpreted as higher sensitivity,LIHC_AXIS_092,LIHC,"4',5-Dihydroxyflavone | AR/HDAC1","4',5-Dihydroxyflavone",AR,HDAC1,tf_or_regulator_class,CAY10603,0.5532965,0.9504854368932039,0.6178155339805825,16,16,"HDAC1, HDAC6"
GDSC,GDSC release 8.5 fitted dose response; AUC lower values interpreted as higher sensitivity,LIHC_AXIS_092,LIHC,"4',5-Dihydroxyflavone | AR/HDAC1","4',5-Dihydroxyflavone",AR,HDAC1,tf_or_regulator_class,CUDC-101,0.563743,0.9485436893203884,0.6165533980582525,16,16,"HDAC1-10, EGFR, ERBB2"
GDSC,GDSC release 8.5 fitted dose response; AUC lower values interpreted as higher sensitivity,LIHC_AXIS_092,LIHC,"4',5-Dihydroxyflavone | AR/HDAC1","4',5-Dihydroxyflavone",AR,HDAC1,tf_or_regulator_class,AR-42,0.617614,0.9271844660194175,0.6026699029126213,16,16,HDAC1
GDSC,GDSC release 8.5 fitted dose response; AUC lower values interpreted as higher sensitivity,LIHC_AXIS_092,LIHC,"4',5-Dihydroxyflavone | AR/HDAC1","4',5-Dihydroxyflavone",AR,HDAC1,tf_or_regulator_class,JQ12,0.628857,0.9233009708737864,0.6001456310679611,15,15,"HDAC1, HDAC2"
GDSC,GDSC release 8.5 fitted dose response; AUC lower values interpreted as higher sensitivity,LIHC_AXIS_092,LIHC,"4',5-Dihydroxyflavone | AR/HDAC1","4',5-Dihydroxyflavone",AR,HDAC1,tf_or_regulator_class,Romidepsin,0.823684,0.7815533980582524,0.5080097087378641,15,15,"HDAC1, HDAC2, HDAC3, HDAC8"
GDSC,GDSC release 8.5 fitted dose response; AUC lower values interpreted as higher sensitivity,LIHC_AXIS_092,LIHC,"4',5-Dihydroxyflavone | AR/HDAC1","4',5-Dihydroxyflavone",AR,HDAC1,tf_or_regulator_class,Entinostat,0.904143,0.5932038834951456,0.3855825242718447,15,15,"HDAC1, HDAC3"
GDSC,GDSC release 8.5 fitted dose response; AUC lower values interpreted as higher sensitivity,LIHC_AXIS_092,LIHC,"4',5-Dihydroxyflavone | AR/HDAC1","4',5-Dihydroxyflavone",AR,HDAC1,tf_or_regulator_class,PCI-34051,0.943364,0.43203883495145634,0.2808252427184466,15,15,"HDAC8, HDAC6, HDAC1"
GDSC,GDSC release 8.5 fitted dose response; AUC lower values interpreted as higher sensitivity,LIHC_AXIS_092,LIHC,"4',5-Dihydroxyflavone | AR/HDAC1","4',5-Dihydroxyflavone",AR,HDAC1,tf_or_regulator_class,Tubastatin A,0.975293,0.15631067961165046,0.1016019417475728,16,16,"HDAC1, HDAC6, HDAC8"
GDSC,GDSC release 8.5 fitted dose response; AUC lower values interpreted as higher sensitivity,LIHC_AXIS_046,LIHC,"4',5-Dihydroxyflavone | AR/E2F1","4',5-Dihydroxyflavone",AR,E2F1,target_class,AZD3514,0.9338519999999999,0.47864077669902916,0.40684466019417476,14,14,AR
GDSC,GDSC release 8.5 fitted dose response; AUC lower values interpreted as higher sensitivity,LIHC_AXIS_046,LIHC,"4',5-Dihydroxyflavone | AR/E2F1","4',5-Dihydroxyflavone",AR,E2F1,target_class,Bicalutamide,0.981877,0.045631067961165006,0.03878640776699025,31,16,AR
GDSC,GDSC release 8.5 fitted dose response; AUC lower values interpreted as higher sensitivity,LIHC_AXIS_073,LIHC,Kaempferol | AR/E2F1,Kaempferol,AR,E2F1,target_class,AZD3514,0.9338519999999999,0.47864077669902916,0.40684466019417476,14,14,AR
GDSC,GDSC release 8.5 fitted dose response; AUC lower values interpreted as higher sensitivity,LIHC_AXIS_073,LIHC,Kaempferol | AR/E2F1,Kaempferol,AR,E2F1,target_class,Bicalutamide,0.981877,0.045631067961165006,0.03878640776699025,31,16,AR
GDSC,GDSC release 8.5 fitted dose response; AUC lower values interpreted as higher sensitivity,LIHC_AXIS_069,LIHC,"4',5-Dihydroxyflavone | AR/FOXO1","4',5-Dihydroxyflavone",AR,FOXO1,target_class,AZD3514,0.9338519999999999,0.47864077669902916,0.40684466019417476,14,14,AR
GDSC,GDSC release 8.5 fitted dose response; AUC lower values interpreted as higher sensitivity,LIHC_AXIS_069,LIHC,"4',5-Dihydroxyflavone | AR/FOXO1","4',5-Dihydroxyflavone",AR,FOXO1,target_class,Bicalutamide,0.981877,0.045631067961165006,0.03878640776699025,31,16,AR
GDSC,GDSC release 8.5 fitted dose response; AUC lower values interpreted as higher sensitivity,LIHC_AXIS_004,LIHC,"4',5-Dihydroxyflavone | AR/FOXM1","4',5-Dihydroxyflavone",AR,FOXM1,target_class,AZD3514,0.9338519999999999,0.47864077669902916,0.40684466019417476,14,14,AR
GDSC,GDSC release 8.5 fitted dose response; AUC lower values interpreted as higher sensitivity,LIHC_AXIS_004,LIHC,"4',5-Dihydroxyflavone | AR/FOXM1","4',5-Dihydroxyflavone",AR,FOXM1,target_class,Bicalutamide,0.981877,0.045631067961165006,0.03878640776699025,31,16,AR
GDSC,GDSC release 8.5 fitted dose response; AUC lower values interpreted as higher sensitivity,LIHC_AXIS_091,LIHC,Kaempferol | AR/FOXM1,Kaempferol,AR,FOXM1,target_class,AZD3514,0.9338519999999999,0.47864077669902916,0.40684466019417476,14,14,AR
GDSC,GDSC release 8.5 fitted dose response; AUC lower values interpreted as higher sensitivity,LIHC_AXIS_091,LIHC,Kaempferol | AR/FOXM1,Kaempferol,AR,FOXM1,target_class,Bicalutamide,0.981877,0.045631067961165006,0.03878640776699025,31,16,AR
GDSC,GDSC release 8.5 fitted dose response; AUC lower values interpreted as higher sensitivity,LIHC_AXIS_027,LIHC,Quercetin | CDK1/KLF5,Quercetin,CDK1,KLF5,target_class,Dinaciclib,0.601909,0.9349514563106796,0.7947087378640776,15,15,"CDK1, CDK2, CDK5, CDK9"
GDSC,GDSC release 8.5 fitted dose response; AUC lower values interpreted as higher sensitivity,LIHC_AXIS_027,LIHC,Quercetin | CDK1/KLF5,Quercetin,CDK1,KLF5,target_class,AT-7519,0.841113,0.7427184466019418,0.6313106796116504,16,16,"CDK1, CDK2, CDK4, CDK6, CDK9"
GDSC,GDSC release 8.5 fitted dose response; AUC lower values interpreted as higher sensitivity,LIHC_AXIS_027,LIHC,Quercetin | CDK1/KLF5,Quercetin,CDK1,KLF5,target_class,RO-3306,0.950574,0.3970873786407767,0.33752427184466016,30,15,CDK1
GDSC,GDSC release 8.5 fitted dose response; AUC lower values interpreted as higher sensitivity,LIHC_AXIS_051,LIHC,Quercetin | CDK1/SP1,Quercetin,CDK1,SP1,target_class,Dinaciclib,0.601909,0.9349514563106796,0.7947087378640776,15,15,"CDK1, CDK2, CDK5, CDK9"
GDSC,GDSC release 8.5 fitted dose response; AUC lower values interpreted as higher sensitivity,LIHC_AXIS_051,LIHC,Quercetin | CDK1/SP1,Quercetin,CDK1,SP1,target_class,AT-7519,0.841113,0.7427184466019418,0.6313106796116504,16,16,"CDK1, CDK2, CDK4, CDK6, CDK9"
GDSC,GDSC release 8.5 fitted dose response; AUC lower values interpreted as higher sensitivity,LIHC_AXIS_051,LIHC,Quercetin | CDK1/SP1,Quercetin,CDK1,SP1,target_class,RO-3306,0.950574,0.3970873786407767,0.33752427184466016,30,15,CDK1
GDSC,GDSC release 8.5 fitted dose response; AUC lower values interpreted as higher sensitivity,LIHC_AXIS_028,LIHC,Quercetin | CDK1/NFYA,Quercetin,CDK1,NFYA,target_class,Dinaciclib,0.601909,0.9349514563106796,0.7947087378640776,15,15,"CDK1, CDK2, CDK5, CDK9"
GDSC,GDSC release 8.5 fitted dose response; AUC lower values interpreted as higher sensitivity,LIHC_AXIS_028,LIHC,Quercetin | CDK1/NFYA,Quercetin,CDK1,NFYA,target_class,AT-7519,0.841113,0.7427184466019418,0.6313106796116504,16,16,"CDK1, CDK2, CDK4, CDK6, CDK9"
GDSC,GDSC release 8.5 fitted dose response; AUC lower values interpreted as higher sensitivity,LIHC_AXIS_028,LIHC,Quercetin | CDK1/NFYA,Quercetin,CDK1,NFYA,target_class,RO-3306,0.950574,0.3970873786407767,0.33752427184466016,30,15,CDK1
GDSC,GDSC release 8.5 fitted dose response; AUC lower values interpreted as higher sensitivity,LIHC_AXIS_022,LIHC,Indirubin | CDK1/E2F1,Indirubin,CDK1,E2F1,target_class,Dinaciclib,0.601909,0.9349514563106796,0.7947087378640776,15,15,"CDK1, CDK2, CDK5, CDK9"
GDSC,GDSC release 8.5 fitted dose response; AUC lower values interpreted as higher sensitivity,LIHC_AXIS_022,LIHC,Indirubin | CDK1/E2F1,Indirubin,CDK1,E2F1,target_class,AT-7519,0.841113,0.7427184466019418,0.6313106796116504,16,16,"CDK1, CDK2, CDK4, CDK6, CDK9"
GDSC,GDSC release 8.5 fitted dose response; AUC lower values interpreted as higher sensitivity,LIHC_AXIS_022,LIHC,Indirubin | CDK1/E2F1,Indirubin,CDK1,E2F1,target_class,RO-3306,0.950574,0.3970873786407767,0.33752427184466016,30,15,CDK1
GDSC,GDSC release 8.5 fitted dose response; AUC lower values interpreted as higher sensitivity,LIHC_AXIS_082,LIHC,Indirubin | CDK1/SP1,Indirubin,CDK1,SP1,target_class,Dinaciclib,0.601909,0.9349514563106796,0.7947087378640776,15,15,"CDK1, CDK2, CDK5, CDK9"
GDSC,GDSC release 8.5 fitted dose response; AUC lower values interpreted as higher sensitivity,LIHC_AXIS_082,LIHC,Indirubin | CDK1/SP1,Indirubin,CDK1,SP1,target_class,AT-7519,0.841113,0.7427184466019418,0.6313106796116504,16,16,"CDK1, CDK2, CDK4, CDK6, CDK9"
GDSC,GDSC release 8.5 fitted dose response; AUC lower values interpreted as higher sensitivity,LIHC_AXIS_082,LIHC,Indirubin | CDK1/SP1,Indirubin,CDK1,SP1,target_class,RO-3306,0.950574,0.3970873786407767,0.33752427184466016,30,15,CDK1
GDSC,GDSC release 8.5 fitted dose response; AUC lower values interpreted as higher sensitivity,LIHC_AXIS_054,LIHC,Indirubin | CDK1/KLF5,Indirubin,CDK1,KLF5,target_class,Dinaciclib,0.601909,0.9349514563106796,0.7947087378640776,15,15,"CDK1, CDK2, CDK5, CDK9"
GDSC,GDSC release 8.5 fitted dose response; AUC lower values interpreted as higher sensitivity,LIHC_AXIS_054,LIHC,Indirubin | CDK1/KLF5,Indirubin,CDK1,KLF5,target_class,AT-7519,0.841113,0.7427184466019418,0.6313106796116504,16,16,"CDK1, CDK2, CDK4, CDK6, CDK9"
GDSC,GDSC release 8.5 fitted dose response; AUC lower values interpreted as higher sensitivity,LIHC_AXIS_054,LIHC,Indirubin | CDK1/KLF5,Indirubin,CDK1,KLF5,target_class,RO-3306,0.950574,0.3970873786407767,0.33752427184466016,30,15,CDK1
GDSC,GDSC release 8.5 fitted dose response; AUC lower values interpreted as higher sensitivity,LIHC_AXIS_024,LIHC,Baicalein | CDK1/E2F1,Baicalein,CDK1,E2F1,target_class,Dinaciclib,0.601909,0.9349514563106796,0.7947087378640776,15,15,"CDK1, CDK2, CDK5, CDK9"
GDSC,GDSC release 8.5 fitted dose response; AUC lower values interpreted as higher sensitivity,LIHC_AXIS_024,LIHC,Baicalein | CDK1/E2F1,Baicalein,CDK1,E2F1,target_class,AT-7519,0.841113,0.7427184466019418,0.6313106796116504,16,16,"CDK1, CDK2, CDK4, CDK6, CDK9"
GDSC,GDSC release 8.5 fitted dose response; AUC lower values interpreted as higher sensitivity,LIHC_AXIS_024,LIHC,Baicalein | CDK1/E2F1,Baicalein,CDK1,E2F1,target_class,RO-3306,0.950574,0.3970873786407767,0.33752427184466016,30,15,CDK1
GDSC,GDSC release 8.5 fitted dose response; AUC lower values interpreted as higher sensitivity,LIHC_AXIS_023,LIHC,Quercetin | CDK1/E2F1,Quercetin,CDK1,E2F1,target_class,Dinaciclib,0.601909,0.9349514563106796,0.7947087378640776,15,15,"CDK1, CDK2, CDK5, CDK9"
GDSC,GDSC release 8.5 fitted dose response; AUC lower values interpreted as higher sensitivity,LIHC_AXIS_023,LIHC,Quercetin | CDK1/E2F1,Quercetin,CDK1,E2F1,target_class,AT-7519,0.841113,0.7427184466019418,0.6313106796116504,16,16,"CDK1, CDK2, CDK4, CDK6, CDK9"
GDSC,GDSC release 8.5 fitted dose response; AUC lower values interpreted as higher sensitivity,LIHC_AXIS_023,LIHC,Quercetin | CDK1/E2F1,Quercetin,CDK1,E2F1,target_class,RO-3306,0.950574,0.3970873786407767,0.33752427184466016,30,15,CDK1
GDSC,GDSC release 8.5 fitted dose response; AUC lower values interpreted as higher sensitivity,LIHC_AXIS_032,LIHC,Quercetin | CDK1/E2F4,Quercetin,CDK1,E2F4,target_class,Dinaciclib,0.601909,0.9349514563106796,0.7947087378640776,15,15,"CDK1, CDK2, CDK5, CDK9"
GDSC,GDSC release 8.5 fitted dose response; AUC lower values interpreted as higher sensitivity,LIHC_AXIS_032,LIHC,Quercetin | CDK1/E2F4,Quercetin,CDK1,E2F4,target_class,AT-7519,0.841113,0.7427184466019418,0.6313106796116504,16,16,"CDK1, CDK2, CDK4, CDK6, CDK9"
GDSC,GDSC release 8.5 fitted dose response; AUC lower values interpreted as higher sensitivity,LIHC_AXIS_032,LIHC,Quercetin | CDK1/E2F4,Quercetin,CDK1,E2F4,target_class,RO-3306,0.950574,0.3970873786407767,0.33752427184466016,30,15,CDK1
GDSC,GDSC release 8.5 fitted dose response; AUC lower values interpreted as higher sensitivity,LIHC_AXIS_070,LIHC,Baicalein | CDK1/KLF5,Baicalein,CDK1,KLF5,target_class,Dinaciclib,0.601909,0.9349514563106796,0.7947087378640776,15,15,"CDK1, CDK2, CDK5, CDK9"
GDSC,GDSC release 8.5 fitted dose response; AUC lower values interpreted as higher sensitivity,LIHC_AXIS_070,LIHC,Baicalein | CDK1/KLF5,Baicalein,CDK1,KLF5,target_class,AT-7519,0.841113,0.7427184466019418,0.6313106796116504,16,16,"CDK1, CDK2, CDK4, CDK6, CDK9"
GDSC,GDSC release 8.5 fitted dose response; AUC lower values interpreted as higher sensitivity,LIHC_AXIS_070,LIHC,Baicalein | CDK1/KLF5,Baicalein,CDK1,KLF5,target_class,RO-3306,0.950574,0.3970873786407767,0.33752427184466016,30,15,CDK1
GDSC,GDSC release 8.5 fitted dose response; AUC lower values interpreted as higher sensitivity,LIHC_AXIS_080,LIHC,Indirubin | CDK1/TFDP1,Indirubin,CDK1,TFDP1,target_class,Dinaciclib,0.601909,0.9349514563106796,0.7947087378640776,15,15,"CDK1, CDK2, CDK5, CDK9"
GDSC,GDSC release 8.5 fitted dose response; AUC lower values interpreted as higher sensitivity,LIHC_AXIS_080,LIHC,Indirubin | CDK1/TFDP1,Indirubin,CDK1,TFDP1,target_class,AT-7519,0.841113,0.7427184466019418,0.6313106796116504,16,16,"CDK1, CDK2, CDK4, CDK6, CDK9"
GDSC,GDSC release 8.5 fitted dose response; AUC lower values interpreted as higher sensitivity,LIHC_AXIS_080,LIHC,Indirubin | CDK1/TFDP1,Indirubin,CDK1,TFDP1,target_class,RO-3306,0.950574,0.3970873786407767,0.33752427184466016,30,15,CDK1
GDSC,GDSC release 8.5 fitted dose response; AUC lower values interpreted as higher sensitivity,LIHC_AXIS_076,LIHC,Indirubin | CDK1/FOXO1,Indirubin,CDK1,FOXO1,target_class,Dinaciclib,0.601909,0.9349514563106796,0.7947087378640776,15,15,"CDK1, CDK2, CDK5, CDK9"
GDSC,GDSC release 8.5 fitted dose response; AUC lower values interpreted as higher sensitivity,LIHC_AXIS_076,LIHC,Indirubin | CDK1/FOXO1,Indirubin,CDK1,FOXO1,target_class,AT-7519,0.841113,0.7427184466019418,0.6313106796116504,16,16,"CDK1, CDK2, CDK4, CDK6, CDK9"
GDSC,GDSC release 8.5 fitted dose response; AUC lower values interpreted as higher sensitivity,LIHC_AXIS_076,LIHC,Indirubin | CDK1/FOXO1,Indirubin,CDK1,FOXO1,target_class,RO-3306,0.950574,0.3970873786407767,0.33752427184466016,30,15,CDK1
GDSC,GDSC release 8.5 fitted dose response; AUC lower values interpreted as higher sensitivity,LIHC_AXIS_035,LIHC,Quercetin | CDK1/MYBL2,Quercetin,CDK1,MYBL2,target_class,Dinaciclib,0.601909,0.9349514563106796,0.7947087378640776,15,15,"CDK1, CDK2, CDK5, CDK9"
GDSC,GDSC release 8.5 fitted dose response; AUC lower values interpreted as higher sensitivity,LIHC_AXIS_035,LIHC,Quercetin | CDK1/MYBL2,Quercetin,CDK1,MYBL2,target_class,AT-7519,0.841113,0.7427184466019418,0.6313106796116504,16,16,"CDK1, CDK2, CDK4, CDK6, CDK9"
GDSC,GDSC release 8.5 fitted dose response; AUC lower values interpreted as higher sensitivity,LIHC_AXIS_035,LIHC,Quercetin | CDK1/MYBL2,Quercetin,CDK1,MYBL2,target_class,RO-3306,0.950574,0.3970873786407767,0.33752427184466016,30,15,CDK1
GDSC,GDSC release 8.5 fitted dose response; AUC lower values interpreted as higher sensitivity,LIHC_AXIS_095,LIHC,Baicalein | CDK1/FOXO1,Baicalein,CDK1,FOXO1,target_class,Dinaciclib,0.601909,0.9349514563106796,0.7947087378640776,15,15,"CDK1, CDK2, CDK5, CDK9"
GDSC,GDSC release 8.5 fitted dose response; AUC lower values interpreted as higher sensitivity,LIHC_AXIS_095,LIHC,Baicalein | CDK1/FOXO1,Baicalein,CDK1,FOXO1,target_class,AT-7519,0.841113,0.7427184466019418,0.6313106796116504,16,16,"CDK1, CDK2, CDK4, CDK6, CDK9"
GDSC,GDSC release 8.5 fitted dose response; AUC lower values interpreted as higher sensitivity,LIHC_AXIS_095,LIHC,Baicalein | CDK1/FOXO1,Baicalein,CDK1,FOXO1,target_class,RO-3306,0.950574,0.3970873786407767,0.33752427184466016,30,15,CDK1
GDSC,GDSC release 8.5 fitted dose response; AUC lower values interpreted as higher sensitivity,LIHC_AXIS_041,LIHC,Indirubin | CDK1/E2F1,Indirubin,CDK1,E2F1,target_class,Dinaciclib,0.601909,0.9349514563106796,0.7947087378640776,15,15,"CDK1, CDK2, CDK5, CDK9"
GDSC,GDSC release 8.5 fitted dose response; AUC lower values interpreted as higher sensitivity,LIHC_AXIS_041,LIHC,Indirubin | CDK1/E2F1,Indirubin,CDK1,E2F1,target_class,AT-7519,0.841113,0.7427184466019418,0.6313106796116504,16,16,"CDK1, CDK2, CDK4, CDK6, CDK9"
GDSC,GDSC release 8.5 fitted dose response; AUC lower values interpreted as higher sensitivity,LIHC_AXIS_041,LIHC,Indirubin | CDK1/E2F1,Indirubin,CDK1,E2F1,target_class,RO-3306,0.950574,0.3970873786407767,0.33752427184466016,30,15,CDK1
GDSC,GDSC release 8.5 fitted dose response; AUC lower values interpreted as higher sensitivity,LIHC_AXIS_094,LIHC,Quercetin | CDK1/TFDP1,Quercetin,CDK1,TFDP1,target_class,Dinaciclib,0.601909,0.9349514563106796,0.7947087378640776,15,15,"CDK1, CDK2, CDK5, CDK9"
GDSC,GDSC release 8.5 fitted dose response; AUC lower values interpreted as higher sensitivity,LIHC_AXIS_094,LIHC,Quercetin | CDK1/TFDP1,Quercetin,CDK1,TFDP1,target_class,AT-7519,0.841113,0.7427184466019418,0.6313106796116504,16,16,"CDK1, CDK2, CDK4, CDK6, CDK9"
GDSC,GDSC release 8.5 fitted dose response; AUC lower values interpreted as higher sensitivity,LIHC_AXIS_094,LIHC,Quercetin | CDK1/TFDP1,Quercetin,CDK1,TFDP1,target_class,RO-3306,0.950574,0.3970873786407767,0.33752427184466016,30,15,CDK1
GDSC,GDSC release 8.5 fitted dose response; AUC lower values interpreted as higher sensitivity,LIHC_AXIS_066,LIHC,Indirubin | CDK1/E2F4,Indirubin,CDK1,E2F4,target_class,Dinaciclib,0.601909,0.9349514563106796,0.7947087378640776,15,15,"CDK1, CDK2, CDK5, CDK9"
GDSC,GDSC release 8.5 fitted dose response; AUC lower values interpreted as higher sensitivity,LIHC_AXIS_066,LIHC,Indirubin | CDK1/E2F4,Indirubin,CDK1,E2F4,target_class,AT-7519,0.841113,0.7427184466019418,0.6313106796116504,16,16,"CDK1, CDK2, CDK4, CDK6, CDK9"
GDSC,GDSC release 8.5 fitted dose response; AUC lower values interpreted as higher sensitivity,LIHC_AXIS_066,LIHC,Indirubin | CDK1/E2F4,Indirubin,CDK1,E2F4,target_class,RO-3306,0.950574,0.3970873786407767,0.33752427184466016,30,15,CDK1
GDSC,GDSC release 8.5 fitted dose response; AUC lower values interpreted as higher sensitivity,LIHC_AXIS_056,LIHC,Quercetin | CDK1/E2F4,Quercetin,CDK1,E2F4,target_class,Dinaciclib,0.601909,0.9349514563106796,0.7947087378640776,15,15,"CDK1, CDK2, CDK5, CDK9"
GDSC,GDSC release 8.5 fitted dose response; AUC lower values interpreted as higher sensitivity,LIHC_AXIS_056,LIHC,Quercetin | CDK1/E2F4,Quercetin,CDK1,E2F4,target_class,AT-7519,0.841113,0.7427184466019418,0.6313106796116504,16,16,"CDK1, CDK2, CDK4, CDK6, CDK9"
GDSC,GDSC release 8.5 fitted dose response; AUC lower values interpreted as higher sensitivity,LIHC_AXIS_056,LIHC,Quercetin | CDK1/E2F4,Quercetin,CDK1,E2F4,target_class,RO-3306,0.950574,0.3970873786407767,0.33752427184466016,30,15,CDK1
GDSC,GDSC release 8.5 fitted dose response; AUC lower values interpreted as higher sensitivity,LIHC_AXIS_052,LIHC,Baicalein | CDK1/E2F1,Baicalein,CDK1,E2F1,target_class,Dinaciclib,0.601909,0.9349514563106796,0.7947087378640776,15,15,"CDK1, CDK2, CDK5, CDK9"
GDSC,GDSC release 8.5 fitted dose response; AUC lower values interpreted as higher sensitivity,LIHC_AXIS_052,LIHC,Baicalein | CDK1/E2F1,Baicalein,CDK1,E2F1,target_class,AT-7519,0.841113,0.7427184466019418,0.6313106796116504,16,16,"CDK1, CDK2, CDK4, CDK6, CDK9"
GDSC,GDSC release 8.5 fitted dose response; AUC lower values interpreted as higher sensitivity,LIHC_AXIS_052,LIHC,Baicalein | CDK1/E2F1,Baicalein,CDK1,E2F1,target_class,RO-3306,0.950574,0.3970873786407767,0.33752427184466016,30,15,CDK1
GDSC,GDSC release 8.5 fitted dose response; AUC lower values interpreted as higher sensitivity,LIHC_AXIS_085,LIHC,Baicalein | CDK1/E2F4,Baicalein,CDK1,E2F4,target_class,Dinaciclib,0.601909,0.9349514563106796,0.7947087378640776,15,15,"CDK1, CDK2, CDK5, CDK9"
GDSC,GDSC release 8.5 fitted dose response; AUC lower values interpreted as higher sensitivity,LIHC_AXIS_085,LIHC,Baicalein | CDK1/E2F4,Baicalein,CDK1,E2F4,target_class,AT-7519,0.841113,0.7427184466019418,0.6313106796116504,16,16,"CDK1, CDK2, CDK4, CDK6, CDK9"
GDSC,GDSC release 8.5 fitted dose response; AUC lower values interpreted as higher sensitivity,LIHC_AXIS_085,LIHC,Baicalein | CDK1/E2F4,Baicalein,CDK1,E2F4,target_class,RO-3306,0.950574,0.3970873786407767,0.33752427184466016,30,15,CDK1
GDSC,GDSC release 8.5 fitted dose response; AUC lower values interpreted as higher sensitivity,LIHC_AXIS_075,LIHC,Indirubin | CDK1/MYBL2,Indirubin,CDK1,MYBL2,target_class,Dinaciclib,0.601909,0.9349514563106796,0.7947087378640776,15,15,"CDK1, CDK2, CDK5, CDK9"
GDSC,GDSC release 8.5 fitted dose response; AUC lower values interpreted as higher sensitivity,LIHC_AXIS_075,LIHC,Indirubin | CDK1/MYBL2,Indirubin,CDK1,MYBL2,target_class,AT-7519,0.841113,0.7427184466019418,0.6313106796116504,16,16,"CDK1, CDK2, CDK4, CDK6, CDK9"
GDSC,GDSC release 8.5 fitted dose response; AUC lower values interpreted as higher sensitivity,LIHC_AXIS_075,LIHC,Indirubin | CDK1/MYBL2,Indirubin,CDK1,MYBL2,target_class,RO-3306,0.950574,0.3970873786407767,0.33752427184466016,30,15,CDK1
GDSC,GDSC release 8.5 fitted dose response; AUC lower values interpreted as higher sensitivity,LIHC_AXIS_146,LIHC,"4',5-Dihydroxyflavone | AR/HDAC1","4',5-Dihydroxyflavone",AR,HDAC1,target_class,AZD3514,0.9338519999999999,0.47864077669902916,0.40684466019417476,14,14,AR
GDSC,GDSC release 8.5 fitted dose response; AUC lower values interpreted as higher sensitivity,LIHC_AXIS_146,LIHC,"4',5-Dihydroxyflavone | AR/HDAC1","4',5-Dihydroxyflavone",AR,HDAC1,target_class,Bicalutamide,0.981877,0.045631067961165006,0.03878640776699025,31,16,AR
GDSC,GDSC release 8.5 fitted dose response; AUC lower values interpreted as higher sensitivity,LIHC_AXIS_146,LIHC,"4',5-Dihydroxyflavone | AR/HDAC1","4',5-Dihydroxyflavone",AR,HDAC1,tf_or_regulator_class,Belinostat,0.421017,0.9796116504854369,0.636747572815534,16,16,HDAC1
GDSC,GDSC release 8.5 fitted dose response; AUC lower values interpreted as higher sensitivity,LIHC_AXIS_146,LIHC,"4',5-Dihydroxyflavone | AR/HDAC1","4',5-Dihydroxyflavone",AR,HDAC1,tf_or_regulator_class,Dacinostat,0.48664050000000003,0.9660194174757282,0.6279126213592233,16,16,HDAC1
GDSC,GDSC release 8.5 fitted dose response; AUC lower values interpreted as higher sensitivity,LIHC_AXIS_146,LIHC,"4',5-Dihydroxyflavone | AR/HDAC1","4',5-Dihydroxyflavone",AR,HDAC1,tf_or_regulator_class,CAY10603,0.5532965,0.9504854368932039,0.6178155339805825,16,16,"HDAC1, HDAC6"
GDSC,GDSC release 8.5 fitted dose response; AUC lower values interpreted as higher sensitivity,LIHC_AXIS_146,LIHC,"4',5-Dihydroxyflavone | AR/HDAC1","4',5-Dihydroxyflavone",AR,HDAC1,tf_or_regulator_class,CUDC-101,0.563743,0.9485436893203884,0.6165533980582525,16,16,"HDAC1-10, EGFR, ERBB2"
GDSC,GDSC release 8.5 fitted dose response; AUC lower values interpreted as higher sensitivity,LIHC_AXIS_146,LIHC,"4',5-Dihydroxyflavone | AR/HDAC1","4',5-Dihydroxyflavone",AR,HDAC1,tf_or_regulator_class,AR-42,0.617614,0.9271844660194175,0.6026699029126213,16,16,HDAC1
GDSC,GDSC release 8.5 fitted dose response; AUC lower values interpreted as higher sensitivity,LIHC_AXIS_146,LIHC,"4',5-Dihydroxyflavone | AR/HDAC1","4',5-Dihydroxyflavone",AR,HDAC1,tf_or_regulator_class,JQ12,0.628857,0.9233009708737864,0.6001456310679611,15,15,"HDAC1, HDAC2"
GDSC,GDSC release 8.5 fitted dose response; AUC lower values interpreted as higher sensitivity,LIHC_AXIS_146,LIHC,"4',5-Dihydroxyflavone | AR/HDAC1","4',5-Dihydroxyflavone",AR,HDAC1,tf_or_regulator_class,Romidepsin,0.823684,0.7815533980582524,0.5080097087378641,15,15,"HDAC1, HDAC2, HDAC3, HDAC8"
GDSC,GDSC release 8.5 fitted dose response; AUC lower values interpreted as higher sensitivity,LIHC_AXIS_146,LIHC,"4',5-Dihydroxyflavone | AR/HDAC1","4',5-Dihydroxyflavone",AR,HDAC1,tf_or_regulator_class,Entinostat,0.904143,0.5932038834951456,0.3855825242718447,15,15,"HDAC1, HDAC3"
GDSC,GDSC release 8.5 fitted dose response; AUC lower values interpreted as higher sensitivity,LIHC_AXIS_146,LIHC,"4',5-Dihydroxyflavone | AR/HDAC1","4',5-Dihydroxyflavone",AR,HDAC1,tf_or_regulator_class,PCI-34051,0.943364,0.43203883495145634,0.2808252427184466,15,15,"HDAC8, HDAC6, HDAC1"
GDSC,GDSC release 8.5 fitted dose response; AUC lower values interpreted as higher sensitivity,LIHC_AXIS_146,LIHC,"4',5-Dihydroxyflavone | AR/HDAC1","4',5-Dihydroxyflavone",AR,HDAC1,tf_or_regulator_class,Tubastatin A,0.975293,0.15631067961165046,0.1016019417475728,16,16,"HDAC1, HDAC6, HDAC8"
GDSC,GDSC release 8.5 fitted dose response; AUC lower values interpreted as higher sensitivity,LIHC_AXIS_151,LIHC,Indirubin | GSK3B/CEBPB,Indirubin,GSK3B,CEBPB,target_class,AZD7969,0.89106,0.6262135922330097,0.5322815533980582,15,15,GSK3B
GDSC,GDSC release 8.5 fitted dose response; AUC lower values interpreted as higher sensitivity,LIHC_AXIS_151,LIHC,Indirubin | GSK3B/CEBPB,Indirubin,GSK3B,CEBPB,target_class,CHIR-99021,0.958807,0.3485436893203884,0.2962621359223301,32,16,"GSK3A, GSK3B"
GDSC,GDSC release 8.5 fitted dose response; AUC lower values interpreted as higher sensitivity,LIHC_AXIS_151,LIHC,Indirubin | GSK3B/CEBPB,Indirubin,GSK3B,CEBPB,target_class,KIN001-042,0.9701355,0.2359223300970874,0.20053398058252428,16,16,GSK3B
GDSC,GDSC release 8.5 fitted dose response; AUC lower values interpreted as higher sensitivity,LIHC_AXIS_151,LIHC,Indirubin | GSK3B/CEBPB,Indirubin,GSK3B,CEBPB,target_class,SB216763,0.9716275,0.21067961165048543,0.1790776699029126,26,15,"GSK3A, GSK3B"
GDSC,GDSC release 8.5 fitted dose response; AUC lower values interpreted as higher sensitivity,LIHC_AXIS_109,LIHC,Kaempferol | AR/FOXO1,Kaempferol,AR,FOXO1,target_class,AZD3514,0.9338519999999999,0.47864077669902916,0.40684466019417476,14,14,AR
GDSC,GDSC release 8.5 fitted dose response; AUC lower values interpreted as higher sensitivity,LIHC_AXIS_109,LIHC,Kaempferol | AR/FOXO1,Kaempferol,AR,FOXO1,target_class,Bicalutamide,0.981877,0.045631067961165006,0.03878640776699025,31,16,AR
GDSC,GDSC release 8.5 fitted dose response; AUC lower values interpreted as higher sensitivity,LIHC_AXIS_111,LIHC,"4',5-Dihydroxyflavone | AR/MYC","4',5-Dihydroxyflavone",AR,MYC,target_class,AZD3514,0.9338519999999999,0.47864077669902916,0.40684466019417476,14,14,AR
GDSC,GDSC release 8.5 fitted dose response; AUC lower values interpreted as higher sensitivity,LIHC_AXIS_111,LIHC,"4',5-Dihydroxyflavone | AR/MYC","4',5-Dihydroxyflavone",AR,MYC,target_class,Bicalutamide,0.981877,0.045631067961165006,0.03878640776699025,31,16,AR
GDSC,GDSC release 8.5 fitted dose response; AUC lower values interpreted as higher sensitivity,LIHC_AXIS_103,LIHC,"4',5-Dihydroxyflavone | AR/E2F1","4',5-Dihydroxyflavone",AR,E2F1,target_class,AZD3514,0.9338519999999999,0.47864077669902916,0.40684466019417476,14,14,AR
GDSC,GDSC release 8.5 fitted dose response; AUC lower values interpreted as higher sensitivity,LIHC_AXIS_103,LIHC,"4',5-Dihydroxyflavone | AR/E2F1","4',5-Dihydroxyflavone",AR,E2F1,target_class,Bicalutamide,0.981877,0.045631067961165006,0.03878640776699025,31,16,AR
GDSC,GDSC release 8.5 fitted dose response; AUC lower values interpreted as higher sensitivity,LIHC_AXIS_149,LIHC,Flavopiridol | CDK1/KLF5,Flavopiridol,CDK1,KLF5,direct_compound,Flavopiridol,0.617612,0.929126213592233,0.929126213592233,16,16,CDK
GDSC,GDSC release 8.5 fitted dose response; AUC lower values interpreted as higher sensitivity,LIHC_AXIS_149,LIHC,Flavopiridol | CDK1/KLF5,Flavopiridol,CDK1,KLF5,target_class,Dinaciclib,0.601909,0.9349514563106796,0.7947087378640776,15,15,"CDK1, CDK2, CDK5, CDK9"
GDSC,GDSC release 8.5 fitted dose response; AUC lower values interpreted as higher sensitivity,LIHC_AXIS_149,LIHC,Flavopiridol | CDK1/KLF5,Flavopiridol,CDK1,KLF5,target_class,AT-7519,0.841113,0.7427184466019418,0.6313106796116504,16,16,"CDK1, CDK2, CDK4, CDK6, CDK9"
GDSC,GDSC release 8.5 fitted dose response; AUC lower values interpreted as higher sensitivity,LIHC_AXIS_149,LIHC,Flavopiridol | CDK1/KLF5,Flavopiridol,CDK1,KLF5,target_class,RO-3306,0.950574,0.3970873786407767,0.33752427184466016,30,15,CDK1
GDSC,GDSC release 8.5 fitted dose response; AUC lower values interpreted as higher sensitivity,LIHC_AXIS_148,LIHC,"4',5-Dihydroxyflavone | AR/MYBL2","4',5-Dihydroxyflavone",AR,MYBL2,target_class,AZD3514,0.9338519999999999,0.47864077669902916,0.40684466019417476,14,14,AR
GDSC,GDSC release 8.5 fitted dose response; AUC lower values interpreted as higher sensitivity,LIHC_AXIS_148,LIHC,"4',5-Dihydroxyflavone | AR/MYBL2","4',5-Dihydroxyflavone",AR,MYBL2,target_class,Bicalutamide,0.981877,0.045631067961165006,0.03878640776699025,31,16,AR
GDSC,GDSC release 8.5 fitted dose response; AUC lower values interpreted as higher sensitivity,LIHC_AXIS_106,LIHC,Flavopiridol | CDK1/E2F1,Flavopiridol,CDK1,E2F1,direct_compound,Flavopiridol,0.617612,0.929126213592233,0.929126213592233,16,16,CDK
GDSC,GDSC release 8.5 fitted dose response; AUC lower values interpreted as higher sensitivity,LIHC_AXIS_106,LIHC,Flavopiridol | CDK1/E2F1,Flavopiridol,CDK1,E2F1,target_class,Dinaciclib,0.601909,0.9349514563106796,0.7947087378640776,15,15,"CDK1, CDK2, CDK5, CDK9"
GDSC,GDSC release 8.5 fitted dose response; AUC lower values interpreted as higher sensitivity,LIHC_AXIS_106,LIHC,Flavopiridol | CDK1/E2F1,Flavopiridol,CDK1,E2F1,target_class,AT-7519,0.841113,0.7427184466019418,0.6313106796116504,16,16,"CDK1, CDK2, CDK4, CDK6, CDK9"
GDSC,GDSC release 8.5 fitted dose response; AUC lower values interpreted as higher sensitivity,LIHC_AXIS_106,LIHC,Flavopiridol | CDK1/E2F1,Flavopiridol,CDK1,E2F1,target_class,RO-3306,0.950574,0.3970873786407767,0.33752427184466016,30,15,CDK1
GDSC,GDSC release 8.5 fitted dose response; AUC lower values interpreted as higher sensitivity,LIHC_AXIS_142,LIHC,Indirubin | CDK1/TFDP1,Indirubin,CDK1,TFDP1,target_class,Dinaciclib,0.601909,0.9349514563106796,0.7947087378640776,15,15,"CDK1, CDK2, CDK5, CDK9"
GDSC,GDSC release 8.5 fitted dose response; AUC lower values interpreted as higher sensitivity,LIHC_AXIS_142,LIHC,Indirubin | CDK1/TFDP1,Indirubin,CDK1,TFDP1,target_class,AT-7519,0.841113,0.7427184466019418,0.6313106796116504,16,16,"CDK1, CDK2, CDK4, CDK6, CDK9"
GDSC,GDSC release 8.5 fitted dose response; AUC lower values interpreted as higher sensitivity,LIHC_AXIS_142,LIHC,Indirubin | CDK1/TFDP1,Indirubin,CDK1,TFDP1,target_class,RO-3306,0.950574,0.3970873786407767,0.33752427184466016,30,15,CDK1
GDSC,GDSC release 8.5 fitted dose response; AUC lower values interpreted as higher sensitivity,LIHC_AXIS_162,LIHC,Baicalein | CDK1/TFDP1,Baicalein,CDK1,TFDP1,target_class,Dinaciclib,0.601909,0.9349514563106796,0.7947087378640776,15,15,"CDK1, CDK2, CDK5, CDK9"
GDSC,GDSC release 8.5 fitted dose response; AUC lower values interpreted as higher sensitivity,LIHC_AXIS_162,LIHC,Baicalein | CDK1/TFDP1,Baicalein,CDK1,TFDP1,target_class,AT-7519,0.841113,0.7427184466019418,0.6313106796116504,16,16,"CDK1, CDK2, CDK4, CDK6, CDK9"
GDSC,GDSC release 8.5 fitted dose response; AUC lower values interpreted as higher sensitivity,LIHC_AXIS_162,LIHC,Baicalein | CDK1/TFDP1,Baicalein,CDK1,TFDP1,target_class,RO-3306,0.950574,0.3970873786407767,0.33752427184466016,30,15,CDK1
GDSC,GDSC release 8.5 fitted dose response; AUC lower values interpreted as higher sensitivity,LIHC_AXIS_105,LIHC,Indirubin | CDK1/E2F4,Indirubin,CDK1,E2F4,target_class,Dinaciclib,0.601909,0.9349514563106796,0.7947087378640776,15,15,"CDK1, CDK2, CDK5, CDK9"
GDSC,GDSC release 8.5 fitted dose response; AUC lower values interpreted as higher sensitivity,LIHC_AXIS_105,LIHC,Indirubin | CDK1/E2F4,Indirubin,CDK1,E2F4,target_class,AT-7519,0.841113,0.7427184466019418,0.6313106796116504,16,16,"CDK1, CDK2, CDK4, CDK6, CDK9"
GDSC,GDSC release 8.5 fitted dose response; AUC lower values interpreted as higher sensitivity,LIHC_AXIS_105,LIHC,Indirubin | CDK1/E2F4,Indirubin,CDK1,E2F4,target_class,RO-3306,0.950574,0.3970873786407767,0.33752427184466016,30,15,CDK1
GDSC,GDSC release 8.5 fitted dose response; AUC lower values interpreted as higher sensitivity,LIHC_AXIS_127,LIHC,Baicalein | CDK1/E2F4,Baicalein,CDK1,E2F4,target_class,Dinaciclib,0.601909,0.9349514563106796,0.7947087378640776,15,15,"CDK1, CDK2, CDK5, CDK9"
GDSC,GDSC release 8.5 fitted dose response; AUC lower values interpreted as higher sensitivity,LIHC_AXIS_127,LIHC,Baicalein | CDK1/E2F4,Baicalein,CDK1,E2F4,target_class,AT-7519,0.841113,0.7427184466019418,0.6313106796116504,16,16,"CDK1, CDK2, CDK4, CDK6, CDK9"
GDSC,GDSC release 8.5 fitted dose response; AUC lower values interpreted as higher sensitivity,LIHC_AXIS_127,LIHC,Baicalein | CDK1/E2F4,Baicalein,CDK1,E2F4,target_class,RO-3306,0.950574,0.3970873786407767,0.33752427184466016,30,15,CDK1
GDSC,GDSC release 8.5 fitted dose response; AUC lower values interpreted as higher sensitivity,LIHC_AXIS_104,LIHC,Eriodyctiol (flavanone) | HSP90AB1/HSF1,Eriodyctiol (flavanone),HSP90AB1,HSF1,tf_or_regulator_class,CCT245232,0.70343,0.9,0.5850000000000001,15,15,HSF1
GDSC,GDSC release 8.5 fitted dose response; AUC lower values interpreted as higher sensitivity,LIHC_AXIS_104,LIHC,Eriodyctiol (flavanone) | HSP90AB1/HSF1,Eriodyctiol (flavanone),HSP90AB1,HSF1,tf_or_regulator_class,CCT245467,0.917234,0.5524271844660193,0.35907766990291257,15,15,HSF1
GDSC,GDSC release 8.5 fitted dose response; AUC lower values interpreted as higher sensitivity,LIHC_AXIS_139,LIHC,Quercetin | CDK1/MYBL2,Quercetin,CDK1,MYBL2,target_class,Dinaciclib,0.601909,0.9349514563106796,0.7947087378640776,15,15,"CDK1, CDK2, CDK5, CDK9"
GDSC,GDSC release 8.5 fitted dose response; AUC lower values interpreted as higher sensitivity,LIHC_AXIS_139,LIHC,Quercetin | CDK1/MYBL2,Quercetin,CDK1,MYBL2,target_class,AT-7519,0.841113,0.7427184466019418,0.6313106796116504,16,16,"CDK1, CDK2, CDK4, CDK6, CDK9"
GDSC,GDSC release 8.5 fitted dose response; AUC lower values interpreted as higher sensitivity,LIHC_AXIS_139,LIHC,Quercetin | CDK1/MYBL2,Quercetin,CDK1,MYBL2,target_class,RO-3306,0.950574,0.3970873786407767,0.33752427184466016,30,15,CDK1
GDSC,GDSC release 8.5 fitted dose response; AUC lower values interpreted as higher sensitivity,LIHC_AXIS_138,LIHC,Quercetin | CDK1/SMAD7,Quercetin,CDK1,SMAD7,target_class,Dinaciclib,0.601909,0.9349514563106796,0.7947087378640776,15,15,"CDK1, CDK2, CDK5, CDK9"
GDSC,GDSC release 8.5 fitted dose response; AUC lower values interpreted as higher sensitivity,LIHC_AXIS_138,LIHC,Quercetin | CDK1/SMAD7,Quercetin,CDK1,SMAD7,target_class,AT-7519,0.841113,0.7427184466019418,0.6313106796116504,16,16,"CDK1, CDK2, CDK4, CDK6, CDK9"
GDSC,GDSC release 8.5 fitted dose response; AUC lower values interpreted as higher sensitivity,LIHC_AXIS_138,LIHC,Quercetin | CDK1/SMAD7,Quercetin,CDK1,SMAD7,target_class,RO-3306,0.950574,0.3970873786407767,0.33752427184466016,30,15,CDK1
GDSC,GDSC release 8.5 fitted dose response; AUC lower values interpreted as higher sensitivity,LIHC_AXIS_173,LIHC,Quercetin | CDK1/ARID3A,Quercetin,CDK1,ARID3A,target_class,Dinaciclib,0.601909,0.9349514563106796,0.7947087378640776,15,15,"CDK1, CDK2, CDK5, CDK9"
GDSC,GDSC release 8.5 fitted dose response; AUC lower values interpreted as higher sensitivity,LIHC_AXIS_173,LIHC,Quercetin | CDK1/ARID3A,Quercetin,CDK1,ARID3A,target_class,AT-7519,0.841113,0.7427184466019418,0.6313106796116504,16,16,"CDK1, CDK2, CDK4, CDK6, CDK9"
GDSC,GDSC release 8.5 fitted dose response; AUC lower values interpreted as higher sensitivity,LIHC_AXIS_173,LIHC,Quercetin | CDK1/ARID3A,Quercetin,CDK1,ARID3A,target_class,RO-3306,0.950574,0.3970873786407767,0.33752427184466016,30,15,CDK1
GDSC,GDSC release 8.5 fitted dose response; AUC lower values interpreted as higher sensitivity,LIHC_AXIS_135,LIHC,Quercetin | CDK1/E2F1,Quercetin,CDK1,E2F1,target_class,Dinaciclib,0.601909,0.9349514563106796,0.7947087378640776,15,15,"CDK1, CDK2, CDK5, CDK9"
GDSC,GDSC release 8.5 fitted dose response; AUC lower values interpreted as higher sensitivity,LIHC_AXIS_135,LIHC,Quercetin | CDK1/E2F1,Quercetin,CDK1,E2F1,target_class,AT-7519,0.841113,0.7427184466019418,0.6313106796116504,16,16,"CDK1, CDK2, CDK4, CDK6, CDK9"
GDSC,GDSC release 8.5 fitted dose response; AUC lower values interpreted as higher sensitivity,LIHC_AXIS_135,LIHC,Quercetin | CDK1/E2F1,Quercetin,CDK1,E2F1,target_class,RO-3306,0.950574,0.3970873786407767,0.33752427184466016,30,15,CDK1
GDSC,GDSC release 8.5 fitted dose response; AUC lower values interpreted as higher sensitivity,LIHC_AXIS_169,LIHC,Quercetin | CDK1/E2F1,Quercetin,CDK1,E2F1,target_class,Dinaciclib,0.601909,0.9349514563106796,0.7947087378640776,15,15,"CDK1, CDK2, CDK5, CDK9"
GDSC,GDSC release 8.5 fitted dose response; AUC lower values interpreted as higher sensitivity,LIHC_AXIS_169,LIHC,Quercetin | CDK1/E2F1,Quercetin,CDK1,E2F1,target_class,AT-7519,0.841113,0.7427184466019418,0.6313106796116504,16,16,"CDK1, CDK2, CDK4, CDK6, CDK9"
GDSC,GDSC release 8.5 fitted dose response; AUC lower values interpreted as higher sensitivity,LIHC_AXIS_169,LIHC,Quercetin | CDK1/E2F1,Quercetin,CDK1,E2F1,target_class,RO-3306,0.950574,0.3970873786407767,0.33752427184466016,30,15,CDK1
GDSC,GDSC release 8.5 fitted dose response; AUC lower values interpreted as higher sensitivity,STAD_AXIS_013,STAD,Quercetin | CYP1B1/ESR1,Quercetin,CYP1B1,ESR1,tf_or_regulator_class,Fulvestrant,0.9536515,0.3745387453874539,0.24345018450184505,22,22,ESR1
GDSC,GDSC release 8.5 fitted dose response; AUC lower values interpreted as higher sensitivity,STAD_AXIS_013,STAD,Quercetin | CYP1B1/ESR1,Quercetin,CYP1B1,ESR1,tf_or_regulator_class,Tamoxifen,0.960092,0.33302583025830257,0.21646678966789668,44,24,ESR1
GDSC,GDSC release 8.5 fitted dose response; AUC lower values interpreted as higher sensitivity,STAD_AXIS_013,STAD,Quercetin | CYP1B1/ESR1,Quercetin,CYP1B1,ESR1,tf_or_regulator_class,GDC0810,0.9696180000000001,0.26291512915129156,0.17089483394833951,24,24,"ESR1, ESR2"
GDSC,GDSC release 8.5 fitted dose response; AUC lower values interpreted as higher sensitivity,STAD_AXIS_002,STAD,Quercetin | CYP1B1/EP300,Quercetin,CYP1B1,EP300,tf_or_regulator_class,SGC-CBP30,0.9597935,0.33671586715867163,0.21886531365313658,18,18,"EP300, CBP"
GDSC,GDSC release 8.5 fitted dose response; AUC lower values interpreted as higher sensitivity,STAD_AXIS_002,STAD,Quercetin | CYP1B1/EP300,Quercetin,CYP1B1,EP300,tf_or_regulator_class,CPI-637,0.9609110000000001,0.327490774907749,0.21286900369003686,22,22,EP300
GDSC,GDSC release 8.5 fitted dose response; AUC lower values interpreted as higher sensitivity,STAD_AXIS_002,STAD,Quercetin | CYP1B1/EP300,Quercetin,CYP1B1,EP300,tf_or_regulator_class,I-CBP112,0.980686,0.04704797047970477,0.030581180811808103,15,15,"EP300, CBP"
GDSC,GDSC release 8.5 fitted dose response; AUC lower values interpreted as higher sensitivity,STAD_AXIS_018,STAD,Kaempferol | CYP1B1/ESR1,Kaempferol,CYP1B1,ESR1,tf_or_regulator_class,Fulvestrant,0.9536515,0.3745387453874539,0.24345018450184505,22,22,ESR1
GDSC,GDSC release 8.5 fitted dose response; AUC lower values interpreted as higher sensitivity,STAD_AXIS_018,STAD,Kaempferol | CYP1B1/ESR1,Kaempferol,CYP1B1,ESR1,tf_or_regulator_class,Tamoxifen,0.960092,0.33302583025830257,0.21646678966789668,44,24,ESR1
GDSC,GDSC release 8.5 fitted dose response; AUC lower values interpreted as higher sensitivity,STAD_AXIS_018,STAD,Kaempferol | CYP1B1/ESR1,Kaempferol,CYP1B1,ESR1,tf_or_regulator_class,GDC0810,0.9696180000000001,0.26291512915129156,0.17089483394833951,24,24,"ESR1, ESR2"
GDSC,GDSC release 8.5 fitted dose response; AUC lower values interpreted as higher sensitivity,STAD_AXIS_003,STAD,Kaempferol | CYP1B1/EP300,Kaempferol,CYP1B1,EP300,tf_or_regulator_class,SGC-CBP30,0.9597935,0.33671586715867163,0.21886531365313658,18,18,"EP300, CBP"
GDSC,GDSC release 8.5 fitted dose response; AUC lower values interpreted as higher sensitivity,STAD_AXIS_003,STAD,Kaempferol | CYP1B1/EP300,Kaempferol,CYP1B1,EP300,tf_or_regulator_class,CPI-637,0.9609110000000001,0.327490774907749,0.21286900369003686,22,22,EP300
GDSC,GDSC release 8.5 fitted dose response; AUC lower values interpreted as higher sensitivity,STAD_AXIS_003,STAD,Kaempferol | CYP1B1/EP300,Kaempferol,CYP1B1,EP300,tf_or_regulator_class,I-CBP112,0.980686,0.04704797047970477,0.030581180811808103,15,15,"EP300, CBP"
GDSC,GDSC release 8.5 fitted dose response; AUC lower values interpreted as higher sensitivity,STAD_AXIS_079,STAD,Quercetin | CYP1B1/AR,Quercetin,CYP1B1,AR,tf_or_regulator_class,AZD3514,0.94408,0.41605166051660514,0.2704335793357934,23,23,AR
GDSC,GDSC release 8.5 fitted dose response; AUC lower values interpreted as higher sensitivity,STAD_AXIS_079,STAD,Quercetin | CYP1B1/AR,Quercetin,CYP1B1,AR,tf_or_regulator_class,Bicalutamide,0.981693,0.026752767527675303,0.017389298892988948,41,23,AR
GDSC,GDSC release 8.5 fitted dose response; AUC lower values interpreted as higher sensitivity,STAD_AXIS_015,STAD,Eckol | BACE1/HSF1,Eckol,BACE1,HSF1,tf_or_regulator_class,CCT245232,0.7774875,0.8330258302583026,0.5414667896678967,24,24,HSF1
GDSC,GDSC release 8.5 fitted dose response; AUC lower values interpreted as higher sensitivity,STAD_AXIS_015,STAD,Eckol | BACE1/HSF1,Eckol,BACE1,HSF1,tf_or_regulator_class,CCT245467,0.9250555,0.5046125461254612,0.3279981549815498,24,24,HSF1
GDSC,GDSC release 8.5 fitted dose response; AUC lower values interpreted as higher sensitivity,STAD_AXIS_046,STAD,Alpha-naphthoflavone | CYP1B1/EP300,Alpha-naphthoflavone,CYP1B1,EP300,tf_or_regulator_class,SGC-CBP30,0.9597935,0.33671586715867163,0.21886531365313658,18,18,"EP300, CBP"
GDSC,GDSC release 8.5 fitted dose response; AUC lower values interpreted as higher sensitivity,STAD_AXIS_046,STAD,Alpha-naphthoflavone | CYP1B1/EP300,Alpha-naphthoflavone,CYP1B1,EP300,tf_or_regulator_class,CPI-637,0.9609110000000001,0.327490774907749,0.21286900369003686,22,22,EP300
GDSC,GDSC release 8.5 fitted dose response; AUC lower values interpreted as higher sensitivity,STAD_AXIS_046,STAD,Alpha-naphthoflavone | CYP1B1/EP300,Alpha-naphthoflavone,CYP1B1,EP300,tf_or_regulator_class,I-CBP112,0.980686,0.04704797047970477,0.030581180811808103,15,15,"EP300, CBP"
GDSC,GDSC release 8.5 fitted dose response; AUC lower values interpreted as higher sensitivity,STAD_AXIS_189,STAD,Fisetin | CDK2/MYC,Fisetin,CDK2,MYC,target_class,Dinaciclib,0.5264789999999999,0.9640221402214022,0.8194188191881918,20,20,"CDK1, CDK2, CDK5, CDK9"
GDSC,GDSC release 8.5 fitted dose response; AUC lower values interpreted as higher sensitivity,STAD_AXIS_189,STAD,Fisetin | CDK2/MYC,Fisetin,CDK2,MYC,target_class,AT-7519,0.702074,0.8976014760147601,0.7629612546125462,22,22,"CDK1, CDK2, CDK4, CDK6, CDK9"
GDSC,GDSC release 8.5 fitted dose response; AUC lower values interpreted as higher sensitivity,STAD_AXIS_189,STAD,Fisetin | CDK2/MYC,Fisetin,CDK2,MYC,target_class,CGP-60474,0.767374,0.8514760147601477,0.7237546125461255,6,6,"CDK1,CDK2,CDK5,CDK7,CDK9, PKC"
GDSC,GDSC release 8.5 fitted dose response; AUC lower values interpreted as higher sensitivity,STAD_AXIS_189,STAD,Fisetin | CDK2/MYC,Fisetin,CDK2,MYC,target_class,AZD5438,0.775696,0.834870848708487,0.7096402214022139,41,24,CDK2
GDSC,GDSC release 8.5 fitted dose response; AUC lower values interpreted as higher sensitivity,STAD_AXIS_189,STAD,Fisetin | CDK2/MYC,Fisetin,CDK2,MYC,target_class,PHA-793887,0.90315,0.5950184501845018,0.5057656826568265,22,22,"CDK2, CDK7, CDK5"
GDSC,GDSC release 8.5 fitted dose response; AUC lower values interpreted as higher sensitivity,STAD_AXIS_189,STAD,Fisetin | CDK2/MYC,Fisetin,CDK2,MYC,target_class,Seliciclib,0.90396,0.5913284132841328,0.5026291512915129,6,6,"CDK2, CDK7, CDK9"
GDSC,GDSC release 8.5 fitted dose response; AUC lower values interpreted as higher sensitivity,STAD_AXIS_189,STAD,Fisetin | CDK2/MYC,Fisetin,CDK2,MYC,target_class,MK-8776,0.923794,0.5119926199261993,0.4351937269372694,23,23,"CHEK1, CHEK2, CDK2"
GDSC,GDSC release 8.5 fitted dose response; AUC lower values interpreted as higher sensitivity,STAD_AXIS_148,STAD,Acacetin | CYP1B1/EP300,Acacetin,CYP1B1,EP300,tf_or_regulator_class,SGC-CBP30,0.9597935,0.33671586715867163,0.21886531365313658,18,18,"EP300, CBP"
GDSC,GDSC release 8.5 fitted dose response; AUC lower values interpreted as higher sensitivity,STAD_AXIS_148,STAD,Acacetin | CYP1B1/EP300,Acacetin,CYP1B1,EP300,tf_or_regulator_class,CPI-637,0.9609110000000001,0.327490774907749,0.21286900369003686,22,22,EP300
GDSC,GDSC release 8.5 fitted dose response; AUC lower values interpreted as higher sensitivity,STAD_AXIS_148,STAD,Acacetin | CYP1B1/EP300,Acacetin,CYP1B1,EP300,tf_or_regulator_class,I-CBP112,0.980686,0.04704797047970477,0.030581180811808103,15,15,"EP300, CBP"
