cancer,compound_master_id,compound_representative_name,target_gene_symbol,SC-HGNN-Rank-full,S_integrated,R-GCN-simple,HGT-like-rank,GAT-simple,GCN-simple,downloaded_external_validation_score,downloaded_drug_sensitivity_score,n_downloaded_external_layers_ge_0_50,moderate_or_strong_external_support,multilayer_external_support,any_direct_compound_drug_response_hit,any_target_or_regulator_class_hit,frozen_axis_id
COAD,CMPD004807,M-xylene,ACHE,0.3033333333333333,0.29,0.2783333333333333,0.35333333333333333,0.23166666666666666,0.15166666666666667,0.35638488432320437,0.54140625,2,0,1,0,1,COAD_AXIS_117
COAD,CMPD004917,Toluene,ACHE,0.3183333333333333,0.285,0.2833333333333333,0.3183333333333333,0.21333333333333335,0.29833333333333334,0.35638488432320437,0.54140625,2,0,1,0,1,COAD_AXIS_119
COAD,CMPD013120,Pcr,ACHE,0.35000000000000003,0.295,0.27666666666666667,0.4116666666666666,0.16666666666666666,0.255,0.35638488432320437,0.54140625,2,0,1,0,1,COAD_AXIS_118
COAD,CMPD013394,"1,2-dimethylbenzene",ACHE,0.33166666666666667,0.3,0.28,0.32666666666666666,0.19833333333333333,0.2866666666666667,0.35638488432320437,0.54140625,2,0,1,0,1,COAD_AXIS_116
COAD,CMPD013588,2-epigalanthamine,ACHE,0.7033333333333333,0.685,0.6716666666666667,0.7050000000000001,0.7200000000000001,0.6916666666666668,0.42857929040055254,0.63541091160221,3,1,1,0,1,COAD_AXIS_041;COAD_AXIS_045;COAD_AXIS_112;COAD_AXIS_156
COAD,CMPD016599,Physostigmine,ACHE,0.8166666666666668,0.77,0.7933333333333333,0.9316666666666666,0.8799999999999999,0.8649999999999999,0.42857929040055254,0.63541091160221,3,1,1,0,1,COAD_AXIS_030;COAD_AXIS_035;COAD_AXIS_092;COAD_AXIS_102;COAD_AXIS_115
COAD,CMPD019676,Berberine chloride,ACHE,0.6366666666666666,0.64,0.665,0.6316666666666667,0.59,0.6,0.42857929040055254,0.63541091160221,3,1,1,0,1,COAD_AXIS_078;COAD_AXIS_085;COAD_AXIS_164
COAD,CMPD024768,Kaempferol,ACHE,0.9433333333333334,0.935,0.8316666666666667,0.9491666666666667,0.9216666666666667,0.9566666666666667,0.42857929040055254,0.63541091160221,3,1,1,0,1,COAD_AXIS_010;COAD_AXIS_028;COAD_AXIS_056;COAD_AXIS_065;COAD_AXIS_101;COAD_AXIS_184;COAD_AXIS_196
COAD,CMPD024768,Kaempferol,MMP1,0.6183333333333333,0.595,0.6216666666666667,0.6633333333333333,0.615,0.5866666666666667,0.3258244129834254,0.6782976519337016,2,0,1,0,1,COAD_AXIS_081;COAD_AXIS_083
COAD,CMPD024768,Kaempferol,PPARG,0.36166666666666664,0.455,0.13333333333333333,0.07,0.25166666666666665,0.10833333333333334,0.5402505611187846,0.81015625,3,1,1,0,1,COAD_AXIS_198
COAD,CMPD024770,Quercetin,ACHE,0.96,0.965,0.9116666666666666,0.8816666666666667,0.8766666666666666,0.9533333333333333,0.42857929040055254,0.63541091160221,3,1,1,0,1,COAD_AXIS_003;COAD_AXIS_019;COAD_AXIS_036;COAD_AXIS_043;COAD_AXIS_087;COAD_AXIS_146;COAD_AXIS_152;COAD_AXIS_158;COAD_AXIS_190
COAD,CMPD024770,Quercetin,CDK1,0.935,1.0,0.8850000000000001,0.9833333333333334,0.8233333333333333,0.8566666666666666,0.7461505109159344,0.8476562499999999,4,1,1,0,1,COAD_AXIS_015;COAD_AXIS_034;COAD_AXIS_038;COAD_AXIS_039;COAD_AXIS_090;COAD_AXIS_148;COAD_AXIS_154;COAD_AXIS_177
COAD,CMPD024770,Quercetin,MMP1,0.6666666666666666,0.61,0.6533333333333333,0.6533333333333333,0.645,0.5483333333333333,0.3258244129834254,0.6782976519337016,2,0,1,0,1,COAD_AXIS_074;COAD_AXIS_075
COAD,CMPD024770,Quercetin,PLAU,0.18166666666666664,0.18,0.295,0.25666666666666665,0.32666666666666666,0.3116666666666667,0.28873877762430944,0.6174551104972377,2,0,1,0,1,COAD_AXIS_151;COAD_AXIS_159
COAD,CMPD024770,Quercetin,PPARG,0.4033333333333333,0.465,0.21333333333333335,0.13999999999999999,0.30833333333333335,0.225,0.5402505611187846,0.81015625,3,1,1,0,1,COAD_AXIS_197
COAD,CMPD024770,Quercetin,XDH,0.4033333333333333,0.45,0.23833333333333337,0.2916666666666667,0.355,0.36000000000000004,0.4546540486878452,0.6632812499999999,3,1,1,0,1,COAD_AXIS_160
COAD,CMPD024776,Sumatrol,ACHE,0.43,0.385,0.36000000000000004,0.40166666666666667,0.3,0.34833333333333333,0.35638488432320437,0.54140625,2,0,1,0,1,COAD_AXIS_130
COAD,CMPD024806,(-)-epigallocatechin-3-gallate,MMP1,0.6466666666666666,0.59,0.6633333333333334,0.6016666666666667,0.6183333333333333,0.5966666666666667,0.3258244129834254,0.6782976519337016,2,0,1,0,1,COAD_AXIS_086;COAD_AXIS_088
COAD,CMPD024820,Luteolin,MMP1,0.6416666666666667,0.6,0.6183333333333333,0.5983333333333333,0.6466666666666666,0.6,0.3258244129834254,0.6782976519337016,2,0,1,0,1,COAD_AXIS_080;COAD_AXIS_082
COAD,CMPD024820,Luteolin,XDH,0.405,0.445,0.19333333333333333,0.325,0.26166666666666666,0.2916666666666667,0.4546540486878452,0.6632812499999999,3,1,1,0,1,COAD_AXIS_167
COAD,CMPD024838,Berberine,ACHE,0.6116666666666667,0.635,0.6549999999999999,0.6416666666666666,0.615,0.6,0.47077973929558015,0.8042127071823204,3,1,1,1,1,COAD_AXIS_079;COAD_AXIS_084;COAD_AXIS_165
COAD,CMPD024843,Dihydrosanguinarine,ACHE,0.94,0.91,0.8966666666666666,0.9250000000000002,0.9349999999999999,0.8716666666666666,0.42857929040055254,0.63541091160221,3,1,1,0,1,COAD_AXIS_012;COAD_AXIS_033;COAD_AXIS_068;COAD_AXIS_071;COAD_AXIS_105
COAD,CMPD024851,(S)-Scoulerine,DRD1,0.6983333333333333,0.74,0.6483333333333333,0.6483333333333333,0.5750000000000001,0.5950000000000001,0.32794263639502763,0.46171875,0,0,0,0,1,COAD_AXIS_051
COAD,CMPD024927,Dinatin,ACHE,0.38833333333333336,0.355,0.4166666666666667,0.3233333333333333,0.3516666666666666,0.42,0.35638488432320437,0.54140625,2,0,1,0,1,COAD_AXIS_123
COAD,CMPD024946,Baicalein,CDK1,0.23666666666666666,0.245,0.23666666666666666,0.235,0.205,0.30833333333333335,0.7461505109159344,0.8476562499999999,4,1,1,0,1,COAD_AXIS_157
COAD,CMPD024991,Pisatin,ACHE,0.41500000000000004,0.325,0.46166666666666667,0.3566666666666667,0.42333333333333334,0.35333333333333333,0.35638488432320437,0.54140625,2,0,1,0,1,COAD_AXIS_136
COAD,CMPD025051,ellagic acid,GSTP1,0.345,0.44,0.405,0.49,0.40166666666666667,0.3,0.134375,0.0,1,0,0,0,0,COAD_AXIS_147
COAD,CMPD025089,"Quercetin tetramethyl(3',4',5,7) ether",ACHE,0.4166666666666667,0.4,0.39166666666666666,0.3216666666666667,0.32666666666666666,0.395,0.35638488432320437,0.54140625,2,0,1,0,1,COAD_AXIS_127
COAD,CMPD025112,7-Methoxy-2-methyl isoflavone,ACHE,0.41333333333333333,0.36,0.37666666666666665,0.39833333333333326,0.31666666666666665,0.35833333333333334,0.35638488432320437,0.54140625,2,0,1,0,1,COAD_AXIS_126
COAD,CMPD025140,Dihydrotanshinoneⅰ,ACHE,0.36833333333333335,0.28,0.3566666666666667,0.3566666666666667,0.265,0.18000000000000002,0.35638488432320437,0.54140625,2,0,1,0,1,COAD_AXIS_114
COAD,CMPD025143,Isocryptanshinone,ACHE,0.38833333333333336,0.335,0.44166666666666665,0.3933333333333333,0.43,0.365,0.35638488432320437,0.54140625,2,0,1,0,1,COAD_AXIS_134
COAD,CMPD025156,Salvilenone,ACHE,0.37999999999999995,0.345,0.425,0.325,0.36000000000000004,0.4283333333333334,0.35638488432320437,0.54140625,2,0,1,0,1,COAD_AXIS_129
COAD,CMPD025158,"(6S)-6-hydroxy-1-methyl-6-methylol-8,9-dihydro-7H-naphtho[8,7-g]benzofuran-10,11-quinone",ACHE,0.4483333333333333,0.41,0.3433333333333333,0.405,0.2833333333333333,0.3383333333333333,0.35638488432320437,0.54140625,2,0,1,0,1,COAD_AXIS_124
COAD,CMPD025160,Tanshinone iia,ACHE,0.9666666666666667,0.96,0.96,0.9199999999999999,0.9633333333333334,0.9366666666666666,0.42857929040055254,0.63541091160221,3,1,1,0,1,COAD_AXIS_004;COAD_AXIS_020;COAD_AXIS_048;COAD_AXIS_049;COAD_AXIS_094;COAD_AXIS_169;COAD_AXIS_172;COAD_AXIS_183
COAD,CMPD025163,Indirubin,CCNA2,0.57,0.615,0.625,0.61,0.51,0.59,0.3252287638121547,0.7634150552486189,2,0,1,0,1,COAD_AXIS_047
COAD,CMPD025163,Indirubin,CDK1,0.5650000000000001,0.545,0.6583333333333333,0.63,0.6583333333333333,0.6416666666666666,0.7461505109159344,0.8476562499999999,4,1,1,0,1,COAD_AXIS_077;COAD_AXIS_145
COAD,CMPD025173,Stepholidine,DRD1,0.945,0.985,0.9983333333333334,0.9249999999999999,0.9199999999999999,0.8883333333333333,0.32794263639502763,0.46171875,0,0,0,0,1,COAD_AXIS_016;COAD_AXIS_037
COAD,CMPD025181,"5-(1-methoxyethyl)-2,6-dihydroxy-1,7-dimethyl-9,10-dihydrophenanthrene",ACHE,0.4683333333333333,0.405,0.4116666666666666,0.35333333333333333,0.37333333333333335,0.3033333333333333,0.35638488432320437,0.54140625,2,0,1,0,1,COAD_AXIS_137
COAD,CMPD025188,Eriodyctiol (flavanone),HSP90AB1,0.7366666666666667,0.7,0.7066666666666667,0.665,0.6549999999999999,0.695,0.4590223855018246,0.8050932320441989,2,1,1,0,1,COAD_AXIS_059;COAD_AXIS_109;COAD_AXIS_199
COAD,CMPD025216,Marmesinin,ACHE,0.955,0.93,0.9216666666666665,0.89,0.965,0.9033333333333333,0.42857929040055254,0.63541091160221,3,1,1,0,1,COAD_AXIS_007;COAD_AXIS_027;COAD_AXIS_052;COAD_AXIS_060;COAD_AXIS_097;COAD_AXIS_186;COAD_AXIS_195
COAD,CMPD025251,Decursin,ACHE,0.965,0.925,0.9116666666666667,0.8566666666666668,0.9249999999999999,0.91,0.42857929040055254,0.63541091160221,3,1,1,0,1,COAD_AXIS_005;COAD_AXIS_026;COAD_AXIS_053;COAD_AXIS_063;COAD_AXIS_099;COAD_AXIS_188;COAD_AXIS_193
COAD,CMPD025264,Deltoin,ACHE,0.9433333333333334,0.9,0.9033333333333333,0.88,0.915,0.9016666666666667,0.42857929040055254,0.63541091160221,3,1,1,0,1,COAD_AXIS_013;COAD_AXIS_031;COAD_AXIS_067;COAD_AXIS_072;COAD_AXIS_104
COAD,CMPD025287,Gancaonin A,ACHE,0.3666666666666667,0.33,0.4383333333333333,0.3283333333333333,0.37333333333333335,0.44166666666666665,0.35638488432320437,0.54140625,2,0,1,0,1,COAD_AXIS_133
COAD,CMPD025302,Glabridin,ACHE,0.4183333333333333,0.365,0.37166666666666665,0.39999999999999997,0.3116666666666667,0.3566666666666667,0.35638488432320437,0.54140625,2,0,1,0,1,COAD_AXIS_132
COAD,CMPD025303,Glabranin,ACHE,0.37333333333333335,0.275,0.3566666666666667,0.3416666666666666,0.27666666666666667,0.20166666666666666,0.35638488432320437,0.54140625,2,0,1,0,1,COAD_AXIS_120
COAD,CMPD025332,Glycyrrhiza flavonol a,ACHE,0.4033333333333333,0.42,0.38999999999999996,0.36000000000000004,0.35333333333333333,0.255,0.35638488432320437,0.54140625,2,0,1,0,1,COAD_AXIS_141
COAD,CMPD025348,Galangin,PPARG,0.39999999999999997,0.49,0.28,0.25833333333333336,0.3283333333333333,0.12333333333333334,0.5402505611187846,0.81015625,3,1,1,0,1,COAD_AXIS_176;COAD_AXIS_179;COAD_AXIS_182
COAD,CMPD025384,Angustidine,ACHE,0.9483333333333333,0.94,0.9083333333333333,0.8958333333333334,0.9566666666666667,0.9333333333333332,0.42857929040055254,0.63541091160221,3,1,1,0,1,COAD_AXIS_009;COAD_AXIS_025;COAD_AXIS_055;COAD_AXIS_061;COAD_AXIS_100;COAD_AXIS_189;COAD_AXIS_192
COAD,CMPD025387,"methyl (E)-2-[(2S,3Z,12bS)-3-ethylidene-2,4,6,7,12,12b-hexahydro-1H-indolo[3,2-h]quinolizin-2-yl]-3-methoxyprop-2-enoate",ACHE,0.96,0.945,0.915,0.91,0.9516666666666667,0.8883333333333333,0.42857929040055254,0.63541091160221,3,1,1,0,1,COAD_AXIS_006;COAD_AXIS_024;COAD_AXIS_054;COAD_AXIS_064;COAD_AXIS_096;COAD_AXIS_187;COAD_AXIS_191
COAD,CMPD025391,Rhynchophylline,ACHE,0.41,0.32,0.4666666666666666,0.35833333333333334,0.4283333333333334,0.35833333333333334,0.35638488432320437,0.54140625,2,0,1,0,1,COAD_AXIS_128
COAD,CMPD025399,Dihydrocorynantheine,ACHE,0.40499999999999997,0.37,0.36833333333333335,0.285,0.32,0.46,0.35638488432320437,0.54140625,2,0,1,0,1,COAD_AXIS_135
COAD,CMPD025402,Coryincine,ADRA1B,0.023333333333333334,0.05,0.18666666666666665,0.44166666666666665,0.27166666666666667,0.11499999999999999,0.3070398825966851,0.6031595303867403,2,0,1,0,1,COAD_AXIS_163
COAD,CMPD025420,"(13aS)-2,3,10-trimethoxy-6,8,13,13a-tetrahydro-5H-isoquinolino[2,1-b]isoquinolin-9-ol",DRD1,0.6783333333333333,0.73,0.6366666666666667,0.6533333333333333,0.5683333333333334,0.58,0.32794263639502763,0.46171875,0,0,0,0,1,COAD_AXIS_066
COAD,CMPD025501,Rutaecarpine,PTGS2,0.5366666666666667,0.54,0.61,0.6433333333333333,0.5483333333333333,0.5866666666666666,0.4819589520027624,0.6632812499999999,3,1,1,0,1,COAD_AXIS_091
COAD,CMPD025506,Isocorypalmine,DRD1,0.9366666666666666,0.97,0.9933333333333333,0.9466666666666667,0.9116666666666666,0.8833333333333333,0.32794263639502763,0.46171875,0,0,0,0,1,COAD_AXIS_021;COAD_AXIS_050
COAD,CMPD025509,(S)-Canadine,DRD1,0.8116666666666666,0.805,0.7600000000000001,0.915,0.87,0.7533333333333333,0.32794263639502763,0.46171875,0,0,0,0,1,COAD_AXIS_044
COAD,CMPD025553,Physovenine,ACHE,0.9899999999999999,0.98,0.9816666666666666,0.8450000000000001,0.9716666666666667,0.9516666666666667,0.42857929040055254,0.63541091160221,3,1,1,0,1,COAD_AXIS_001;COAD_AXIS_002;COAD_AXIS_011;COAD_AXIS_018;COAD_AXIS_029;COAD_AXIS_058;COAD_AXIS_093;COAD_AXIS_110;COAD_AXIS_143;COAD_AXIS_144;COAD_AXIS_149;COAD_AXIS_162;COAD_AXIS_166;COAD_AXIS_171
COAD,CMPD025602,"3,5-dihydroxy-2-(4-hydroxyphenyl)chromone",ACHE,0.36333333333333334,0.415,0.26333333333333336,0.2383333333333333,0.3383333333333334,0.25,0.35638488432320437,0.54140625,2,0,1,0,1,COAD_AXIS_131
COAD,CMPD025602,"3,5-dihydroxy-2-(4-hydroxyphenyl)chromone",PPARG,0.40499999999999997,0.5,0.33,0.37166666666666665,0.3416666666666666,0.14833333333333334,0.5402505611187846,0.81015625,3,1,1,0,1,COAD_AXIS_175;COAD_AXIS_178;COAD_AXIS_181
COAD,CMPD025623,Psi-Baptigenin,PPARG,0.43999999999999995,0.495,0.37833333333333335,0.43166666666666664,0.28833333333333333,0.25166666666666665,0.5402505611187846,0.81015625,3,1,1,0,1,COAD_AXIS_168;COAD_AXIS_173;COAD_AXIS_174
COAD,CMPD025671,Eckol,BACE1,0.52,0.51,0.7583333333333333,0.665,0.6466666666666666,0.7416666666666667,0.28873877762430944,0.6174551104972377,2,0,1,0,1,COAD_AXIS_076;COAD_AXIS_106
COAD,CMPD025678,Hyperforin,NR1I2,0.16166666666666665,0.045,0.19000000000000003,0.4066666666666667,0.26,0.18333333333333335,0.5754456578038674,0.82890625,3,1,1,0,1,COAD_AXIS_180
COAD,CMPD025693,Triptolide,PTGS2,0.5333333333333333,0.535,0.5650000000000001,0.5783333333333333,0.5516666666666666,0.5650000000000001,0.596937713275918,0.99896408839779,3,1,1,1,0,COAD_AXIS_095
COAD,CMPD025754,Ibogain,ACHE,0.4116666666666667,0.395,0.225,0.2783333333333334,0.265,0.22666666666666666,0.35638488432320437,0.54140625,2,0,1,0,1,COAD_AXIS_142
COAD,CMPD025754,Ibogain,SLC6A4,0.995,0.99,0.975,0.7949999999999999,0.8266666666666667,0.855,0.21164968922651933,0.22159875690607736,1,0,0,0,1,COAD_AXIS_089
COAD,CMPD025841,Guggulsterone,PGR,0.8433333333333334,0.83,0.9633333333333333,0.9983333333333334,0.8783333333333333,0.9033333333333333,0.33167731353591157,0.6642092541436464,2,0,1,0,1,COAD_AXIS_017;COAD_AXIS_170
COAD,CMPD025856,Allopseudococain,SLC6A2,0.2783333333333333,0.31,0.2733333333333334,0.44166666666666665,0.315,0.21,0.2009366367403315,0.17874654696132594,1,0,0,0,1,COAD_AXIS_153;COAD_AXIS_161
COAD,CMPD025856,Allopseudococain,SLC6A4,0.9983333333333334,0.995,0.9933333333333333,0.7816666666666666,0.86,0.86,0.21164968922651933,0.22159875690607736,1,0,0,0,1,COAD_AXIS_022
COAD,CMPD025893,Xyloidone,ACHE,0.435,0.39,0.355,0.4033333333333333,0.295,0.3466666666666667,0.35638488432320437,0.54140625,2,0,1,0,1,COAD_AXIS_138
COAD,CMPD025911,Anhydroicaritin,ACHE,0.4183333333333334,0.38,0.41333333333333333,0.395,0.40166666666666667,0.34,0.35638488432320437,0.54140625,2,0,1,0,1,COAD_AXIS_125
COAD,CMPD025929,Artemisinin,CYP2B6,0.7566666666666667,0.88,0.7533333333333333,0.9233333333333333,0.8166666666666668,0.7999999999999999,0.28975202866022104,0.441039364640884,1,0,0,1,1,COAD_AXIS_073;COAD_AXIS_113;COAD_AXIS_150
COAD,CMPD026024,Zizyphusine,ACHE,0.37333333333333335,0.315,0.4566666666666667,0.39166666666666666,0.445,0.37666666666666665,0.35638488432320437,0.54140625,2,0,1,0,1,COAD_AXIS_140
COAD,CMPD026077,Tetrahydropalmatine,DRD1,0.7949999999999999,0.82,0.8083333333333332,0.9016666666666667,0.8833333333333333,0.8650000000000001,0.32794263639502763,0.46171875,0,0,0,0,1,COAD_AXIS_040
COAD,CMPD026110,isodihydrofutoquinol a,ACHE,0.375,0.375,0.41500000000000004,0.36166666666666664,0.37833333333333335,0.27999999999999997,0.35638488432320437,0.54140625,2,0,1,0,1,COAD_AXIS_121
COAD,CMPD026148,Corydalmine,ACHE,0.96,0.92,0.9199999999999999,0.8666666666666667,0.9333333333333332,0.9183333333333333,0.42857929040055254,0.63541091160221,3,1,1,0,1,COAD_AXIS_008;COAD_AXIS_023;COAD_AXIS_057;COAD_AXIS_062;COAD_AXIS_098;COAD_AXIS_185;COAD_AXIS_194
COAD,CMPD026150,Luteanin,ACHE,0.375,0.34,0.43,0.32666666666666666,0.365,0.43333333333333335,0.35638488432320437,0.54140625,2,0,1,0,1,COAD_AXIS_139
COAD,CMPD026190,Pectolinarigenin,ACHE,0.9483333333333333,0.905,0.875,0.8649999999999999,0.8883333333333333,0.8483333333333333,0.42857929040055254,0.63541091160221,3,1,1,0,1,COAD_AXIS_014;COAD_AXIS_032;COAD_AXIS_069;COAD_AXIS_070;COAD_AXIS_103;COAD_AXIS_200
COAD,CMPD026195,Noscapine,ACHE,0.43333333333333335,0.35,0.44333333333333336,0.355,0.405,0.33499999999999996,0.35638488432320437,0.54140625,2,0,1,0,1,COAD_AXIS_122
COAD,CMPD057237,(-)-huperzine a,ACHE,0.7166666666666667,0.67,0.7366666666666667,0.6783333333333333,0.7133333333333333,0.6966666666666667,0.42857929040055254,0.63541091160221,3,1,1,0,1,COAD_AXIS_042;COAD_AXIS_046;COAD_AXIS_111;COAD_AXIS_155
COAD,CMPD063162,Alpha-lipoic acid,ACHE,0.36333333333333334,0.305,0.2916666666666667,0.37333333333333335,0.25666666666666665,0.30833333333333335,0.3870583160575217,0.54140625,2,0,1,1,1,COAD_AXIS_107;COAD_AXIS_108
LIHC,CMPD008994,Acteoside,BACE1,0.29333333333333333,0.23,0.17166666666666663,0.20166666666666666,0.06833333333333334,0.22333333333333336,0.3445754463560286,0.45229627071823203,1,0,0,0,1,LIHC_AXIS_167
LIHC,CMPD015725,Uosolic Acid,RELA,0.29333333333333333,0.3,0.375,0.41333333333333333,0.19499999999999998,0.325,0.5740376812845304,0.8491194751381215,3,1,1,0,1,LIHC_AXIS_159
LIHC,CMPD024768,Kaempferol,AHR,0.8633333333333333,0.87,0.8533333333333334,0.9033333333333333,0.9783333333333334,0.9183333333333333,0.46592847385846603,0.6947341160220993,3,1,1,0,1,LIHC_AXIS_006;LIHC_AXIS_021;LIHC_AXIS_037;LIHC_AXIS_125;LIHC_AXIS_126
LIHC,CMPD024768,Kaempferol,AR,0.805,0.875,0.7716666666666666,0.9066666666666666,0.8633333333333333,0.8316666666666667,0.42504075758998017,0.6683183701657459,2,1,1,0,1,LIHC_AXIS_073;LIHC_AXIS_091;LIHC_AXIS_109
LIHC,CMPD024768,Kaempferol,CYP1A1,0.7933333333333333,0.85,0.7983333333333333,0.8016666666666667,0.9075000000000001,0.8466666666666667,0.2857432665745856,0.48047306629834247,1,0,0,0,1,LIHC_AXIS_017;LIHC_AXIS_132
LIHC,CMPD024768,Kaempferol,CYP1B1,0.6166666666666667,0.69,0.5983333333333333,0.7050000000000001,0.6066666666666666,0.6183333333333333,0.2561807665745856,0.48047306629834247,1,0,0,0,1,LIHC_AXIS_081;LIHC_AXIS_153;LIHC_AXIS_178
LIHC,CMPD024768,Kaempferol,DPP4,0.2816666666666667,0.275,0.14666666666666667,0.14666666666666667,0.3633333333333333,0.205,0.28696369993093923,0.4798860497237569,1,0,0,0,1,LIHC_AXIS_115;LIHC_AXIS_174
LIHC,CMPD024768,Kaempferol,MMP1,0.9483333333333333,0.99,0.965,0.9700000000000001,0.9816666666666666,0.9833333333333334,0.5094204099975626,0.6606871546961326,3,1,1,0,1,LIHC_AXIS_010;LIHC_AXIS_025;LIHC_AXIS_044;LIHC_AXIS_060;LIHC_AXIS_078;LIHC_AXIS_084;LIHC_AXIS_108;LIHC_AXIS_112;LIHC_AXIS_121;LIHC_AXIS_134;LIHC_AXIS_155;LIHC_AXIS_161;LIHC_AXIS_164
LIHC,CMPD024768,Kaempferol,RELA,0.3016666666666667,0.325,0.11,0.22166666666666668,0.24666666666666667,0.33166666666666667,0.5740376812845304,0.8491194751381215,3,1,1,0,1,LIHC_AXIS_187
LIHC,CMPD024770,Quercetin,AKR1B1,0.58,0.63,0.7399999999999999,0.66,0.7000000000000001,0.7183333333333334,0.2055809737569061,0.28482389502762434,1,0,0,0,1,LIHC_AXIS_048;LIHC_AXIS_058
LIHC,CMPD024770,Quercetin,ALOX5,0.5166666666666667,0.515,0.5716666666666667,0.6083333333333334,0.6233333333333333,0.5633333333333334,0.2857294544198895,0.365417817679558,1,0,0,0,1,LIHC_AXIS_016
LIHC,CMPD024770,Quercetin,BACE1,0.26166666666666666,0.22,0.255,0.14,0.22666666666666668,0.4166666666666667,0.3445754463560286,0.45229627071823203,1,0,0,0,1,LIHC_AXIS_150
LIHC,CMPD024770,Quercetin,CDK1,0.8166666666666668,0.775,0.805,0.9433333333333334,0.7949999999999999,0.8333333333333334,0.8186972552533123,0.84453125,4,1,1,0,1,LIHC_AXIS_023;LIHC_AXIS_027;LIHC_AXIS_028;LIHC_AXIS_032;LIHC_AXIS_035;LIHC_AXIS_051;LIHC_AXIS_056;LIHC_AXIS_094;LIHC_AXIS_135;LIHC_AXIS_138;LIHC_AXIS_139;LIHC_AXIS_169;LIHC_AXIS_173
LIHC,CMPD024770,Quercetin,CTNNB1,0.295,0.32,0.16833333333333333,0.30166666666666664,0.245,0.38999999999999996,0.45250582700276243,0.5333045580110497,2,1,1,0,1,LIHC_AXIS_172
LIHC,CMPD024770,Quercetin,CYP1A1,0.85,0.885,0.8816666666666667,0.9083333333333333,0.85,0.855,0.2857432665745856,0.48047306629834247,1,0,0,0,1,LIHC_AXIS_009;LIHC_AXIS_100
LIHC,CMPD024770,Quercetin,CYP1B1,0.65,0.72,0.68,0.69,0.63,0.6783333333333333,0.2561807665745856,0.48047306629834247,1,0,0,0,1,LIHC_AXIS_072;LIHC_AXIS_116;LIHC_AXIS_117
LIHC,CMPD024770,Quercetin,MMP1,0.9633333333333334,0.995,0.995,0.9316666666666666,0.9266666666666667,0.9816666666666668,0.5094204099975626,0.6606871546961326,3,1,1,0,1,LIHC_AXIS_008;LIHC_AXIS_020;LIHC_AXIS_031;LIHC_AXIS_034;LIHC_AXIS_050;LIHC_AXIS_061;LIHC_AXIS_068;LIHC_AXIS_088;LIHC_AXIS_096;LIHC_AXIS_099;LIHC_AXIS_110;LIHC_AXIS_140;LIHC_AXIS_143;LIHC_AXIS_145
LIHC,CMPD024770,Quercetin,PLAU,0.595,0.605,0.59,0.6699999999999999,0.655,0.5499999999999999,0.2932277279005525,0.63541091160221,2,0,1,0,1,LIHC_AXIS_036;LIHC_AXIS_087;LIHC_AXIS_123;LIHC_AXIS_130;LIHC_AXIS_154
LIHC,CMPD024778,Daucene,CTNNB1,0.46166666666666667,0.475,0.375,0.49666666666666665,0.18666666666666668,0.11166666666666668,0.45250582700276243,0.5333045580110497,2,1,1,0,1,LIHC_AXIS_158
LIHC,CMPD024806,(-)-epigallocatechin-3-gallate,BACE1,0.285,0.235,0.14333333333333334,0.13333333333333333,0.065,0.2783333333333333,0.3445754463560286,0.45229627071823203,1,0,0,0,1,LIHC_AXIS_166
LIHC,CMPD024806,(-)-epigallocatechin-3-gallate,MMP1,0.9516666666666667,0.98,0.985,0.855,0.8516666666666667,0.9500000000000001,0.5094204099975626,0.6606871546961326,3,1,1,0,1,LIHC_AXIS_013;LIHC_AXIS_030;LIHC_AXIS_049;LIHC_AXIS_071;LIHC_AXIS_086;LIHC_AXIS_089;LIHC_AXIS_118;LIHC_AXIS_122;LIHC_AXIS_131;LIHC_AXIS_170;LIHC_AXIS_177
LIHC,CMPD024806,(-)-epigallocatechin-3-gallate,RELA,0.3383333333333334,0.395,0.12333333333333334,0.32,0.18833333333333335,0.3016666666666667,0.5740376812845304,0.8491194751381215,3,1,1,0,1,LIHC_AXIS_197
LIHC,CMPD024817,Acacetin,RELA,0.33166666666666667,0.425,0.2333333333333333,0.34833333333333333,0.18166666666666664,0.19499999999999998,0.5740376812845304,0.8491194751381215,3,1,1,0,1,LIHC_AXIS_195
LIHC,CMPD024820,Luteolin,DPP4,0.2866666666666667,0.25,0.18000000000000002,0.205,0.305,0.18999999999999997,0.28696369993093923,0.4798860497237569,1,0,0,0,1,LIHC_AXIS_144
LIHC,CMPD024820,Luteolin,MMP1,0.9633333333333333,0.985,0.9700000000000001,0.9366666666666666,0.9633333333333333,0.9766666666666666,0.5094204099975626,0.6606871546961326,3,1,1,0,1,LIHC_AXIS_011;LIHC_AXIS_026;LIHC_AXIS_045;LIHC_AXIS_059;LIHC_AXIS_079;LIHC_AXIS_083;LIHC_AXIS_107;LIHC_AXIS_113;LIHC_AXIS_120;LIHC_AXIS_133;LIHC_AXIS_156;LIHC_AXIS_160;LIHC_AXIS_165
LIHC,CMPD024820,Luteolin,RELA,0.3333333333333333,0.37,0.20333333333333334,0.2866666666666667,0.17166666666666666,0.3566666666666667,0.5740376812845304,0.8491194751381215,3,1,1,0,1,LIHC_AXIS_199
LIHC,CMPD024820,Luteolin,TYR,0.505,0.505,0.5433333333333333,0.6183333333333333,0.5233333333333333,0.5516666666666666,0.34721598756906075,0.688863950276243,2,0,1,0,1,LIHC_AXIS_042
LIHC,CMPD024820,Luteolin,XDH,0.6549999999999999,0.625,0.5766666666666667,0.6783333333333333,0.5266666666666667,0.6016666666666667,0.45313902796961325,0.66015625,3,1,1,0,1,LIHC_AXIS_005
LIHC,CMPD024872,Wogonin,RELA,0.38166666666666665,0.415,0.37333333333333335,0.395,0.235,0.17166666666666666,0.5740376812845304,0.8491194751381215,3,1,1,0,1,LIHC_AXIS_184
LIHC,CMPD024903,Picropodophyllin,RELA,0.4083333333333334,0.39,0.42333333333333334,0.41,0.18666666666666668,0.2683333333333333,0.5740376812845304,0.8491194751381215,3,1,1,0,1,LIHC_AXIS_192
LIHC,CMPD024922,Chryseriol,MAPK14,0.5566666666666668,0.555,0.53,0.5983333333333333,0.5116666666666667,0.5116666666666667,0.42022941125690605,0.7223238950276243,2,1,1,0,1,LIHC_AXIS_063
LIHC,CMPD024946,Baicalein,CDK1,0.7133333333333333,0.735,0.6716666666666667,0.665,0.6833333333333332,0.67,0.8186972552533123,0.84453125,4,1,1,0,1,LIHC_AXIS_024;LIHC_AXIS_052;LIHC_AXIS_070;LIHC_AXIS_085;LIHC_AXIS_095;LIHC_AXIS_127;LIHC_AXIS_162
LIHC,CMPD024946,Baicalein,RELA,0.3333333333333333,0.355,0.19499999999999998,0.34500000000000003,0.18500000000000003,0.36833333333333335,0.5740376812845304,0.8491194751381215,3,1,1,0,1,LIHC_AXIS_194
LIHC,CMPD024967,Taxifolin,RELA,0.39166666666666666,0.34,0.435,0.42083333333333334,0.20166666666666666,0.2658333333333333,0.5740376812845304,0.8491194751381215,3,1,1,0,1,LIHC_AXIS_181
LIHC,CMPD024968,Yamogenin,RELA,0.37833333333333335,0.375,0.4183333333333333,0.4383333333333333,0.23500000000000001,0.3016666666666667,0.5740376812845304,0.8491194751381215,3,1,1,0,1,LIHC_AXIS_198
LIHC,CMPD025012,Naringenin,CYP19A1,0.5716666666666667,0.535,0.6816666666666666,0.6533333333333333,0.6333333333333333,0.75,0.33636826657458563,0.48047306629834247,1,0,0,0,1,LIHC_AXIS_012;LIHC_AXIS_067
LIHC,CMPD025012,Naringenin,RELA,0.3216666666666667,0.36,0.15166666666666667,0.3016666666666667,0.13166666666666668,0.3833333333333333,0.5740376812845304,0.8491194751381215,3,1,1,0,1,LIHC_AXIS_186
LIHC,CMPD025015,"4',5-Dihydroxyflavone",AR,0.9866666666666667,1.0,0.9266666666666667,0.8783333333333333,0.8883333333333333,0.835,0.6445684158923788,0.6683183701657459,4,1,1,0,1,LIHC_AXIS_004;LIHC_AXIS_046;LIHC_AXIS_069;LIHC_AXIS_092;LIHC_AXIS_103;LIHC_AXIS_111;LIHC_AXIS_146;LIHC_AXIS_148
LIHC,CMPD025023,Deoxypodophyllotoxin,RELA,0.39333333333333337,0.41,0.40499999999999997,0.4266666666666667,0.22166666666666668,0.3,0.5740376812845304,0.8491194751381215,3,1,1,0,1,LIHC_AXIS_196
LIHC,CMPD025051,ellagic acid,RELA,0.35833333333333334,0.365,0.365,0.38833333333333336,0.26833333333333337,0.20000000000000004,0.5740376812845304,0.8491194751381215,3,1,1,0,1,LIHC_AXIS_183
LIHC,CMPD025067,Irisolidone,RELA,0.35833333333333334,0.345,0.395,0.4141666666666666,0.25333333333333335,0.17416666666666666,0.5740376812845304,0.8491194751381215,3,1,1,0,1,LIHC_AXIS_190
LIHC,CMPD025160,Tanshinone iia,RELA,0.31666666666666665,0.335,0.205,0.3416666666666666,0.18000000000000002,0.3666666666666667,0.5740376812845304,0.8491194751381215,3,1,1,0,1,LIHC_AXIS_179
LIHC,CMPD025163,Indirubin,AHR,0.8850000000000001,0.89,0.8633333333333333,0.8849999999999999,0.9516666666666667,0.8716666666666667,0.46592847385846603,0.6947341160220993,3,1,1,0,1,LIHC_AXIS_002;LIHC_AXIS_007;LIHC_AXIS_014;LIHC_AXIS_029;LIHC_AXIS_065;LIHC_AXIS_101;LIHC_AXIS_102
LIHC,CMPD025163,Indirubin,CDK1,0.7716666666666666,0.76,0.785,0.96,0.815,0.7966666666666667,0.8186972552533123,0.84453125,4,1,1,0,1,LIHC_AXIS_022;LIHC_AXIS_041;LIHC_AXIS_054;LIHC_AXIS_066;LIHC_AXIS_075;LIHC_AXIS_076;LIHC_AXIS_080;LIHC_AXIS_082;LIHC_AXIS_105;LIHC_AXIS_142
LIHC,CMPD025163,Indirubin,GSK3B,0.4916666666666667,0.495,0.08666666666666667,0.4366666666666667,0.17500000000000002,0.31666666666666665,0.6074607112086305,0.7452175414364641,4,1,1,0,1,LIHC_AXIS_151
LIHC,CMPD025188,Eriodyctiol (flavanone),HSP90AB1,0.4883333333333333,0.45,0.30833333333333335,0.4366666666666667,0.18666666666666668,0.25166666666666665,0.5708663191623334,0.814485497237569,3,1,1,0,1,LIHC_AXIS_104;LIHC_AXIS_119;LIHC_AXIS_124;LIHC_AXIS_129;LIHC_AXIS_152;LIHC_AXIS_175
LIHC,CMPD025316,Licochalcone A,RELA,0.36000000000000004,0.33,0.4466666666666666,0.41,0.315,0.23833333333333337,0.5740376812845304,0.8491194751381215,3,1,1,0,1,LIHC_AXIS_189
LIHC,CMPD025348,Galangin,CYP1A1,0.7999999999999999,0.83,0.7883333333333334,0.77,0.8616666666666667,0.7733333333333334,0.2857432665745856,0.48047306629834247,1,0,0,0,1,LIHC_AXIS_018;LIHC_AXIS_039;LIHC_AXIS_137
LIHC,CMPD025402,Coryincine,ADRA1D,0.5316666666666667,0.57,0.5666666666666667,0.5516666666666666,0.5483333333333333,0.5783333333333333,0.3013164709944751,0.5802658839779006,2,0,1,0,1,LIHC_AXIS_074
LIHC,CMPD025479,Ellipticine,CYP1A1,0.89,0.955,0.82,0.7883333333333334,0.8933333333333332,0.8233333333333334,0.2857432665745856,0.48047306629834247,1,0,0,0,1,LIHC_AXIS_001;LIHC_AXIS_038;LIHC_AXIS_136
LIHC,CMPD025501,Rutaecarpine,CYP1A2,0.8649999999999999,0.965,0.8233333333333333,0.8616666666666667,0.8466666666666667,0.7783333333333333,0.259949067679558,0.377296270718232,1,0,0,0,1,LIHC_AXIS_043
LIHC,CMPD025553,Physovenine,ACHE,0.6966666666666667,0.61,0.6516666666666667,0.6266666666666666,0.6266666666666666,0.7133333333333333,0.37158580801104973,0.5687500000000001,2,0,1,0,1,LIHC_AXIS_019;LIHC_AXIS_053
LIHC,CMPD025566,"3',4',7-trihydroxyflavanone",BACE1,0.3016666666666667,0.215,0.23833333333333337,0.215,0.05666666666666667,0.15833333333333335,0.3445754463560286,0.45229627071823203,1,0,0,0,1,LIHC_AXIS_168
LIHC,CMPD025602,"3,5-dihydroxy-2-(4-hydroxyphenyl)chromone",MAPK14,0.5633333333333334,0.56,0.5133333333333333,0.6066666666666667,0.515,0.515,0.42022941125690605,0.7223238950276243,2,1,1,0,1,LIHC_AXIS_062
LIHC,CMPD025602,"3,5-dihydroxy-2-(4-hydroxyphenyl)chromone",RELA,0.34,0.405,0.24,0.34833333333333333,0.20166666666666666,0.21,0.5740376812845304,0.8491194751381215,3,1,1,0,1,LIHC_AXIS_180
LIHC,CMPD025671,Eckol,BACE1,0.8300000000000001,0.8,0.9049999999999999,0.8733333333333334,0.9016666666666667,0.9383333333333334,0.4263927856881703,0.6493266574585635,3,1,1,0,1,LIHC_AXIS_033;LIHC_AXIS_040;LIHC_AXIS_057;LIHC_AXIS_077;LIHC_AXIS_098
LIHC,CMPD025676,Sophoridine,RELA,0.4066666666666667,0.435,0.4116666666666667,0.38166666666666665,0.2833333333333333,0.24,0.5740376812845304,0.8491194751381215,3,1,1,0,1,LIHC_AXIS_200
LIHC,CMPD025678,Hyperforin,NR1I2,0.8433333333333334,0.795,0.82,0.8300000000000001,0.8666666666666667,0.7933333333333333,0.5737277710635359,0.8414062499999999,3,1,1,0,1,LIHC_AXIS_003;LIHC_AXIS_015
LIHC,CMPD025693,Triptolide,PTGS2,0.7983333333333333,0.755,0.8366666666666666,0.8416666666666667,0.8966666666666666,0.8333333333333334,0.5849891838641534,0.99896408839779,3,1,1,1,0,LIHC_AXIS_055;LIHC_AXIS_090
LIHC,CMPD025693,Triptolide,RELA,0.36166666666666664,0.4,0.20833333333333334,0.25166666666666665,0.1366666666666667,0.33166666666666667,0.6231141838641534,0.99896408839779,3,1,1,1,0,LIHC_AXIS_193
LIHC,CMPD025856,Allopseudococain,SLC6A2,0.49,0.49,0.255,0.435,0.23166666666666666,0.19333333333333336,0.2410005179558011,0.3390020718232044,1,0,0,0,1,LIHC_AXIS_141
LIHC,CMPD025898,Praeruptorin A,RELA,0.39666666666666667,0.385,0.42333333333333334,0.4266666666666667,0.26499999999999996,0.225,0.5740376812845304,0.8491194751381215,3,1,1,0,1,LIHC_AXIS_182
LIHC,CMPD025929,Artemisinin,CYP2B6,0.7933333333333333,0.815,0.7983333333333333,0.8566666666666666,0.9116666666666666,0.8416666666666667,0.30445765711325967,0.5029868784530387,2,0,1,1,1,LIHC_AXIS_047;LIHC_AXIS_114;LIHC_AXIS_147
LIHC,CMPD025929,Artemisinin,RELA,0.37333333333333335,0.35,0.2733333333333334,0.3233333333333333,0.13333333333333333,0.3016666666666667,0.5740376812845304,0.8491194751381215,3,1,1,0,1,LIHC_AXIS_188
LIHC,CMPD025942,arachidonic acid,RELA,0.41500000000000004,0.42,0.4066666666666667,0.4116666666666667,0.25,0.22666666666666666,0.5740376812845304,0.8491194751381215,3,1,1,0,1,LIHC_AXIS_185
LIHC,CMPD026190,Pectolinarigenin,MAPK14,0.56,0.565,0.5166666666666667,0.5583333333333333,0.5083333333333333,0.52,0.42022941125690605,0.7223238950276243,2,1,1,0,1,LIHC_AXIS_064
LIHC,CMPD026234,Fisetin,CTNNB1,0.4566666666666667,0.47,0.33666666666666667,0.49833333333333335,0.13,0.19000000000000003,0.45250582700276243,0.5333045580110497,2,1,1,0,1,LIHC_AXIS_157
LIHC,CMPD026234,Fisetin,RELA,0.3833333333333333,0.38,0.38166666666666665,0.40499999999999997,0.25666666666666665,0.3383333333333333,0.5740376812845304,0.8491194751381215,3,1,1,0,1,LIHC_AXIS_191
LIHC,CMPD026829,Flavopiridol,CDK1,0.29333333333333333,0.295,0.385,0.3633333333333333,0.26166666666666666,0.155,0.8523016241853509,0.929126213592233,4,1,1,1,1,LIHC_AXIS_106;LIHC_AXIS_149
LIHC,CMPD038626,Beta-naphthoflavone,AHR,0.7466666666666667,0.745,0.7033333333333333,0.65,0.6683333333333333,0.6866666666666666,0.4141913415055248,0.6947341160220993,2,1,1,0,1,LIHC_AXIS_097;LIHC_AXIS_171
LIHC,CMPD051922,"3,4-benzopyrene",AHR,0.45,0.31,0.4083333333333334,0.42333333333333334,0.2783333333333333,0.11166666666666665,0.4020038415055248,0.6947341160220993,2,1,1,0,1,LIHC_AXIS_128
LIHC,CMPD052974,Collagen,BACE1,0.2916666666666667,0.225,0.29,0.24666666666666667,0.051666666666666666,0.26166666666666666,0.3445754463560286,0.45229627071823203,1,0,0,0,1,LIHC_AXIS_176
LIHC,CMPD053196,Rocaglamide,RELA,0.6133333333333333,0.58,0.5666666666666668,0.6916666666666668,0.5750000000000001,0.5466666666666667,0.5740376812845304,0.8491194751381215,3,1,1,0,1,LIHC_AXIS_093;LIHC_AXIS_163
STAD,CMPD002559,"2,4,2',4'-tetrahydroxychalcone",BACE1,0.5499999999999999,0.51,0.5116666666666667,0.585,0.5116666666666667,0.5083333333333333,0.4250039989234644,0.6493266574585635,3,1,1,0,1,STAD_AXIS_099
STAD,CMPD003830,Scutellarein,CYP1B1,0.18666666666666668,0.055,0.3416666666666666,0.3116666666666667,0.33666666666666667,0.17833333333333334,0.41965181436870325,0.5492230662983425,2,1,1,0,1,STAD_AXIS_163
STAD,CMPD003852,Pyrene,CYP1B1,0.6083333333333333,0.615,0.6783333333333333,0.6441666666666667,0.6483333333333333,0.62,0.41965181436870325,0.5492230662983425,2,1,1,0,1,STAD_AXIS_060
STAD,CMPD003951,Chrysin,CYP1B1,0.5650000000000001,0.59,0.6966666666666667,0.6683333333333333,0.6216666666666667,0.6,0.41965181436870325,0.5492230662983425,2,1,1,0,1,STAD_AXIS_069
STAD,CMPD004090,Flavone,CYP1B1,0.24,0.125,0.34,0.3516666666666666,0.2333333333333333,0.23666666666666666,0.41965181436870325,0.5492230662983425,2,1,1,0,1,STAD_AXIS_162
STAD,CMPD004403,Alizarin,CYP1B1,0.26166666666666666,0.13,0.38000000000000006,0.3166666666666667,0.3183333333333333,0.17833333333333332,0.41965181436870325,0.5492230662983425,2,1,1,0,1,STAD_AXIS_161
STAD,CMPD005156,Hydroxytyrosol,BACE1,0.5416666666666666,0.515,0.525,0.64,0.5133333333333333,0.5083333333333333,0.4250039989234644,0.6493266574585635,3,1,1,0,1,STAD_AXIS_088
STAD,CMPD006353,Chalkone,CYP1B1,0.2316666666666667,0.09,0.41,0.32,0.3475,0.20083333333333334,0.41965181436870325,0.5492230662983425,2,1,1,0,1,STAD_AXIS_153
STAD,CMPD007412,Cannabinol,CYP1B1,0.25,0.095,0.34,0.2783333333333333,0.2991666666666667,0.3041666666666667,0.41965181436870325,0.5492230662983425,2,1,1,0,1,STAD_AXIS_154
STAD,CMPD008074,Purpurin,CYP1B1,0.2316666666666667,0.12,0.295,0.3066666666666667,0.28833333333333333,0.13333333333333333,0.41965181436870325,0.5492230662983425,2,1,1,0,1,STAD_AXIS_158
STAD,CMPD008994,Acteoside,BACE1,0.5916666666666667,0.55,0.5316666666666667,0.5716666666666667,0.53,0.5266666666666667,0.4250039989234644,0.6493266574585635,3,1,1,0,1,STAD_AXIS_064
STAD,CMPD010476,Flavonol,CYP1B1,0.26,0.185,0.39999999999999997,0.32666666666666666,0.3216666666666667,0.295,0.41965181436870325,0.5492230662983425,2,1,1,0,1,STAD_AXIS_128
STAD,CMPD010794,Eugeniin,BACE1,0.3466666666666667,0.235,0.2316666666666667,0.34833333333333333,0.12166666666666666,0.20166666666666666,0.4250039989234644,0.6493266574585635,3,1,1,0,1,STAD_AXIS_181
STAD,CMPD011207,Podocarpusflavone A,BACE1,0.35333333333333333,0.27,0.215,0.365,0.16833333333333333,0.07916666666666666,0.4250039989234644,0.6493266574585635,3,1,1,0,1,STAD_AXIS_123
STAD,CMPD011639,Pterostilbene,CYP1B1,0.19666666666666666,0.08,0.4025,0.33666666666666667,0.4041666666666666,0.24,0.41965181436870325,0.5492230662983425,2,1,1,0,1,STAD_AXIS_156
STAD,CMPD011790,"Kampferol-3,4'-dimethyl ether",CYP1B1,0.29333333333333333,0.2,0.4466666666666666,0.295,0.4066666666666667,0.24,0.41965181436870325,0.5492230662983425,2,1,1,0,1,STAD_AXIS_131
STAD,CMPD012823,Apigenin,BACE1,0.32666666666666666,0.24,0.13166666666666668,0.16,0.07666666666666666,0.19666666666666666,0.4250039989234644,0.6493266574585635,3,1,1,0,1,STAD_AXIS_179
STAD,CMPD012823,Apigenin,CYP1B1,0.5716666666666667,0.595,0.6616666666666667,0.6566666666666666,0.6416666666666667,0.6116666666666667,0.41965181436870325,0.5492230662983425,2,1,1,0,1,STAD_AXIS_071
STAD,CMPD014972,Pinosylvin,CYP1B1,0.6133333333333334,0.58,0.66,0.6583333333333333,0.5883333333333333,0.5783333333333333,0.41965181436870325,0.5492230662983425,2,1,1,0,1,STAD_AXIS_080
STAD,CMPD015715,"1-(3,5-dihydroxyphenyl)-2-(4-hydroxyphenyl)ethylene; (e)-form",CYP1B1,0.6216666666666667,0.625,0.6866666666666666,0.635,0.6566666666666667,0.6283333333333333,0.41965181436870325,0.5492230662983425,2,1,1,0,1,STAD_AXIS_059
STAD,CMPD015725,Uosolic Acid,RELA,0.15833333333333333,0.205,0.29333333333333333,0.40499999999999997,0.25833333333333336,0.3583333333333334,0.5144283062845303,0.8491194751381215,3,1,1,0,1,STAD_AXIS_188
STAD,CMPD015728,Myricetin,BACE1,0.32,0.255,0.11166666666666668,0.18500000000000003,0.12166666666666666,0.09666666666666668,0.4269506494759506,0.6571132596685083,3,1,1,1,1,STAD_AXIS_133
STAD,CMPD015728,Myricetin,CYP1B1,0.5766666666666667,0.53,0.6133333333333333,0.6566666666666667,0.5883333333333333,0.575,0.4466243627112447,0.6571132596685083,2,1,1,1,1,STAD_AXIS_090
STAD,CMPD019676,Berberine chloride,CYP1B1,0.5983333333333333,0.555,0.6166666666666667,0.6516666666666667,0.5716666666666667,0.5566666666666666,0.41965181436870325,0.5492230662983425,2,1,1,0,1,STAD_AXIS_094
STAD,CMPD020484,Dehydroevidiamine,CYP1B1,0.21166666666666667,0.06,0.43,0.3233333333333333,0.36833333333333335,0.215,0.41965181436870325,0.5492230662983425,2,1,1,0,1,STAD_AXIS_164
STAD,CMPD021553,Curcumin,BACE1,0.3433333333333333,0.25,0.2833333333333334,0.40499999999999997,0.25666666666666665,0.145,0.49744297408189797,0.7288602941176471,3,1,1,1,0,STAD_AXIS_134
STAD,CMPD024768,Kaempferol,ACHE,0.10166666666666667,0.325,0.065,0.02666666666666667,0.18166666666666667,0.27,0.4137150379834254,0.6407976519337016,2,1,1,0,1,STAD_AXIS_144;STAD_AXIS_178
STAD,CMPD024768,Kaempferol,AHR,0.7966666666666667,0.775,0.8266666666666667,0.86,0.9550000000000001,0.8733333333333334,0.47000636019255765,0.7182147790055249,3,1,1,0,1,STAD_AXIS_012;STAD_AXIS_044;STAD_AXIS_084;STAD_AXIS_116;STAD_AXIS_119;STAD_AXIS_127
STAD,CMPD024768,Kaempferol,ALOX5,0.6750000000000002,0.66,0.5783333333333333,0.6366666666666667,0.68,0.6266666666666666,0.4250039989234644,0.6493266574585635,3,1,1,0,1,STAD_AXIS_047;STAD_AXIS_183
STAD,CMPD024768,Kaempferol,CYP1B1,0.9066666666666666,0.885,0.8766666666666666,0.9700000000000001,0.9400000000000001,0.9333333333333332,0.5318997653121691,0.6302849264705883,2,1,1,0,1,STAD_AXIS_003;STAD_AXIS_004;STAD_AXIS_018;STAD_AXIS_045;STAD_AXIS_136
STAD,CMPD024768,Kaempferol,MMP1,0.9483333333333333,0.86,0.9833333333333334,0.8649999999999999,0.9266666666666667,0.98,0.4318493941948326,0.6824067679558011,2,1,1,0,1,STAD_AXIS_034;STAD_AXIS_098
STAD,CMPD024770,Quercetin,AKR1B1,0.8783333333333333,0.91,0.8883333333333333,0.9049999999999999,0.8766666666666666,0.8216666666666667,0.4850039989234644,0.6493266574585635,3,1,1,0,1,STAD_AXIS_019;STAD_AXIS_067
STAD,CMPD024770,Quercetin,ALOX5,0.7966666666666667,0.76,0.89,0.8566666666666666,0.9049999999999999,0.8683333333333333,0.4250039989234644,0.6493266574585635,3,1,1,0,1,STAD_AXIS_016;STAD_AXIS_038;STAD_AXIS_192
STAD,CMPD024770,Quercetin,BACE1,0.5766666666666667,0.585,0.5333333333333333,0.61,0.5433333333333333,0.52,0.4250039989234644,0.6493266574585635,3,1,1,0,1,STAD_AXIS_052
STAD,CMPD024770,Quercetin,CYP1B1,0.9216666666666667,0.905,0.9466666666666667,0.9283333333333333,0.9133333333333334,0.9016666666666667,0.5318997653121691,0.6302849264705883,2,1,1,0,1,STAD_AXIS_001;STAD_AXIS_002;STAD_AXIS_013;STAD_AXIS_026;STAD_AXIS_055;STAD_AXIS_079;STAD_AXIS_095;STAD_AXIS_135;STAD_AXIS_172
STAD,CMPD024770,Quercetin,MMP1,0.945,0.89,0.9866666666666667,0.8083333333333335,0.8816666666666667,0.9683333333333333,0.4318493941948326,0.6824067679558011,2,1,1,0,1,STAD_AXIS_028;STAD_AXIS_068
STAD,CMPD024770,Quercetin,MMP9,0.7266666666666666,0.74,0.6333333333333333,0.6,0.5183333333333334,0.6466666666666666,0.4598595044889503,0.6824067679558011,3,1,1,0,1,STAD_AXIS_053;STAD_AXIS_117
STAD,CMPD024770,Quercetin,PLAU,0.965,1.0,0.9483333333333333,0.9533333333333333,0.8683333333333333,0.965,0.4250039989234644,0.6493266574585635,3,1,1,0,1,STAD_AXIS_005;STAD_AXIS_007;STAD_AXIS_008;STAD_AXIS_010;STAD_AXIS_017;STAD_AXIS_022;STAD_AXIS_024;STAD_AXIS_027;STAD_AXIS_029;STAD_AXIS_039;STAD_AXIS_040;STAD_AXIS_041;STAD_AXIS_042;STAD_AXIS_049;STAD_AXIS_050;STAD_AXIS_078;STAD_AXIS_100;STAD_AXIS_139;STAD_AXIS_149;STAD_AXIS_187
STAD,CMPD024773,Stigmasterol,PLAU,0.7600000000000001,0.78,0.7600000000000001,0.8333333333333334,0.9083333333333333,0.84,0.4250039989234644,0.6493266574585635,3,1,1,0,1,STAD_AXIS_086;STAD_AXIS_182
STAD,CMPD024806,(-)-epigallocatechin-3-gallate,APP,0.9683333333333333,0.975,0.8383333333333333,0.8133333333333334,0.935,0.7966666666666667,0.4429827779696133,0.61953125,3,1,1,0,1,STAD_AXIS_085;STAD_AXIS_124
STAD,CMPD024806,(-)-epigallocatechin-3-gallate,BACE1,0.5950000000000001,0.525,0.5316666666666667,0.5750000000000001,0.5283333333333333,0.525,0.4250039989234644,0.6493266574585635,3,1,1,0,1,STAD_AXIS_065
STAD,CMPD024806,(-)-epigallocatechin-3-gallate,MMP1,0.9816666666666666,0.85,1.0,0.7733333333333334,0.98,0.9933333333333333,0.32685169198895025,0.6824067679558011,2,0,1,0,1,STAD_AXIS_036
STAD,CMPD024806,(-)-epigallocatechin-3-gallate,PLAU,0.8366666666666666,0.83,0.79,0.895,0.9216666666666667,0.9216666666666667,0.4250039989234644,0.6493266574585635,3,1,1,0,1,STAD_AXIS_033;STAD_AXIS_077;STAD_AXIS_083;STAD_AXIS_115
STAD,CMPD024817,Acacetin,CYP1B1,0.6699999999999999,0.65,0.6833333333333332,0.7416666666666667,0.6716666666666667,0.6733333333333333,0.4866221137764626,0.5492230662983425,2,1,1,0,1,STAD_AXIS_043;STAD_AXIS_148
STAD,CMPD024820,Luteolin,BACE1,0.33,0.265,0.08833333333333333,0.12,0.04666666666666667,0.23666666666666666,0.4250039989234644,0.6493266574585635,3,1,1,0,1,STAD_AXIS_121
STAD,CMPD024820,Luteolin,CYP1B1,0.5966666666666667,0.605,0.57,0.64,0.6516666666666667,0.5516666666666666,0.41965181436870325,0.5492230662983425,2,1,1,0,1,STAD_AXIS_072
STAD,CMPD024820,Luteolin,MMP1,0.9500000000000001,0.855,0.9916666666666667,0.805,0.9233333333333333,0.9833333333333334,0.4318493941948326,0.6824067679558011,2,1,1,0,1,STAD_AXIS_035;STAD_AXIS_097
STAD,CMPD024820,Luteolin,MMP9,0.33166666666666667,0.4,0.15333333333333335,0.3283333333333333,0.16333333333333333,0.385,0.4598595044889503,0.6824067679558011,3,1,1,0,1,STAD_AXIS_141
STAD,CMPD024838,Berberine,CYP1B1,0.5466666666666667,0.535,0.6083333333333333,0.6616666666666666,0.6083333333333334,0.5566666666666668,0.4809820975178746,0.7945441988950276,2,1,1,1,1,STAD_AXIS_091
STAD,CMPD024843,Dihydrosanguinarine,ACHE,0.11166666666666665,0.31,0.19666666666666666,0.12166666666666666,0.205,0.35333333333333333,0.4137150379834254,0.6407976519337016,2,1,1,0,1,STAD_AXIS_168;STAD_AXIS_185
STAD,CMPD024876,Dasycarpamin,BACE1,0.4566666666666667,0.455,0.3433333333333333,0.3416666666666666,0.35000000000000003,0.19000000000000003,0.4250039989234644,0.6493266574585635,3,1,1,0,1,STAD_AXIS_108
STAD,CMPD024882,Ammidin,CYP1B1,0.25,0.115,0.39166666666666666,0.31833333333333336,0.33,0.18666666666666668,0.41965181436870325,0.5492230662983425,2,1,1,0,1,STAD_AXIS_152
STAD,CMPD024921,Diosmetin,CYP1B1,0.6266666666666666,0.6,0.6733333333333333,0.645,0.6116666666666667,0.6,0.41965181436870325,0.5492230662983425,2,1,1,0,1,STAD_AXIS_070
STAD,CMPD024922,Chryseriol,CYP1B1,0.5583333333333332,0.545,0.6666666666666666,0.715,0.5766666666666667,0.55,0.41965181436870325,0.5492230662983425,2,1,1,0,1,STAD_AXIS_092
STAD,CMPD024925,Eupatorin,CYP1B1,0.5583333333333333,0.56,0.65,0.6749999999999999,0.5933333333333333,0.5633333333333334,0.41965181436870325,0.5492230662983425,2,1,1,0,1,STAD_AXIS_089
STAD,CMPD024946,Baicalein,ALOX12,0.6,0.665,0.64,0.5499999999999999,0.5333333333333333,0.7066666666666667,0.15431629834254143,0.07976519337016574,1,0,0,1,0,STAD_AXIS_009;STAD_AXIS_120
STAD,CMPD024946,Baicalein,CYP1B1,0.19499999999999998,0.065,0.13833333333333334,0.165,0.16666666666666666,0.3133333333333333,0.41965181436870325,0.5492230662983425,2,1,1,0,1,STAD_AXIS_165
STAD,CMPD024964,Kaempferide,CYP1B1,0.6083333333333333,0.61,0.7033333333333333,0.6875,0.6216666666666667,0.6133333333333333,0.41965181436870325,0.5492230662983425,2,1,1,0,1,STAD_AXIS_062
STAD,CMPD024977,Bergaptin,BACE1,0.34833333333333333,0.26,0.22,0.3666666666666667,0.17333333333333334,0.0825,0.4250039989234644,0.6493266574585635,3,1,1,0,1,STAD_AXIS_122
STAD,CMPD025012,Naringenin,CYP19A1,0.8283333333333333,0.875,0.84,0.86,0.9166666666666666,0.8033333333333333,0.4468789989234644,0.6493266574585635,3,1,1,0,1,STAD_AXIS_014
STAD,CMPD025017,Catechin,BACE1,0.3516666666666666,0.23,0.2733333333333334,0.42,0.10500000000000002,0.17,0.4250039989234644,0.6493266574585635,3,1,1,0,1,STAD_AXIS_180
STAD,CMPD025038,Hesperetin,CYP1B1,0.21666666666666667,0.07,0.425,0.3216666666666667,0.3633333333333333,0.2133333333333333,0.41965181436870325,0.5492230662983425,2,1,1,0,1,STAD_AXIS_166
STAD,CMPD025039,Citromitin,HSP90AB1,0.36166666666666664,0.395,0.4166666666666667,0.4083333333333334,0.39999999999999997,0.19499999999999998,0.3377028660220994,0.8133114640883978,2,0,1,0,1,STAD_AXIS_198
STAD,CMPD025152,prolithospermic acid,HSP90AB1,0.33,0.36,0.395,0.3933333333333333,0.36833333333333335,0.13166666666666668,0.3377028660220994,0.8133114640883978,2,0,1,0,1,STAD_AXIS_195
STAD,CMPD025160,Tanshinone iia,ACHE,0.12,0.315,0.18000000000000002,0.10666666666666667,0.19999999999999998,0.37166666666666665,0.3381193888121547,0.4765625,1,0,0,0,1,STAD_AXIS_132
STAD,CMPD025163,Indirubin,AHR,0.8233333333333334,0.79,0.8566666666666666,0.8116666666666666,0.9416666666666668,0.835,0.47000636019255765,0.7182147790055249,3,1,1,0,1,STAD_AXIS_006;STAD_AXIS_037;STAD_AXIS_057;STAD_AXIS_074;STAD_AXIS_075;STAD_AXIS_096;STAD_AXIS_118
STAD,CMPD025173,Stepholidine,DRD1,0.245,0.335,0.10833333333333334,0.21833333333333335,0.17,0.16,0.34320290918508284,0.46640624999999997,0,0,0,0,1,STAD_AXIS_171
STAD,CMPD025188,Eriodyctiol (flavanone),HSP90AB1,1.0,0.985,0.9883333333333333,0.8150000000000001,1.0,0.985,0.3377028660220994,0.8133114640883978,2,0,1,0,1,STAD_AXIS_021;STAD_AXIS_191
STAD,CMPD025191,Tetramethoxyluteolin,BACE1,0.44166666666666665,0.45,0.31,0.27666666666666667,0.2333333333333333,0.24166666666666667,0.4250039989234644,0.6493266574585635,3,1,1,0,1,STAD_AXIS_113
STAD,CMPD025216,Marmesinin,ACHE,0.125,0.33,0.13333333333333333,0.11666666666666665,0.18499999999999997,0.33666666666666667,0.4137150379834254,0.6407976519337016,2,1,1,0,1,STAD_AXIS_147;STAD_AXIS_174
STAD,CMPD025251,Decursin,ACHE,0.08333333333333333,0.285,0.23500000000000001,0.08166666666666667,0.26999999999999996,0.33,0.4137150379834254,0.6407976519337016,2,1,1,0,1,STAD_AXIS_146;STAD_AXIS_176
STAD,CMPD025264,Deltoin,ACHE,0.10833333333333334,0.32,0.24666666666666667,0.11333333333333334,0.27,0.29666666666666663,0.4137150379834254,0.6407976519337016,2,1,1,0,1,STAD_AXIS_169;STAD_AXIS_186
STAD,CMPD025266,Karanjin,CYP1B1,0.24333333333333332,0.19,0.4266666666666667,0.3133333333333333,0.455,0.27166666666666667,0.41965181436870325,0.5492230662983425,2,1,1,0,1,STAD_AXIS_130
STAD,CMPD025269,Euchrenone,BACE1,0.42,0.43,0.29833333333333334,0.30666666666666664,0.2816666666666667,0.13166666666666665,0.4250039989234644,0.6493266574585635,3,1,1,0,1,STAD_AXIS_101
STAD,CMPD025348,Galangin,CYP1B1,0.6133333333333333,0.62,0.6233333333333334,0.68,0.6333333333333333,0.605,0.41965181436870325,0.5492230662983425,2,1,1,0,1,STAD_AXIS_061
STAD,CMPD025353,8-o-methylreyusi,BACE1,0.4116666666666666,0.41,0.33666666666666667,0.28,0.26,0.2683333333333333,0.4250039989234644,0.6493266574585635,3,1,1,0,1,STAD_AXIS_104
STAD,CMPD025356,Palmatine,HSP90AB1,0.36333333333333334,0.365,0.41,0.39999999999999997,0.2833333333333334,0.20333333333333334,0.3377028660220994,0.8133114640883978,2,0,1,0,1,STAD_AXIS_196
STAD,CMPD025384,Angustidine,ACHE,0.09499999999999999,0.29,0.13166666666666668,0.07,0.24,0.2833333333333333,0.4137150379834254,0.6407976519337016,2,1,1,0,1,STAD_AXIS_142;STAD_AXIS_177
STAD,CMPD025387,"methyl (E)-2-[(2S,3Z,12bS)-3-ethylidene-2,4,6,7,12,12b-hexahydro-1H-indolo[3,2-h]quinolizin-2-yl]-3-methoxyprop-2-enoate",ACHE,0.10166666666666667,0.295,0.17500000000000002,0.10666666666666665,0.19499999999999998,0.37166666666666665,0.4137150379834254,0.6407976519337016,2,1,1,0,1,STAD_AXIS_145;STAD_AXIS_175
STAD,CMPD025399,Dihydrocorynantheine,BACE1,0.4383333333333333,0.445,0.24666666666666667,0.25333333333333335,0.19666666666666666,0.27666666666666667,0.4250039989234644,0.6493266574585635,3,1,1,0,1,STAD_AXIS_109
STAD,CMPD025402,Coryincine,ADRA1D,0.9583333333333334,0.915,0.9483333333333333,0.7999999999999999,0.975,0.9483333333333333,0.4468789989234644,0.6493266574585635,3,1,1,0,1,STAD_AXIS_020
STAD,CMPD025402,Coryincine,HTR2A,0.49333333333333335,0.5,0.19166666666666665,0.37166666666666665,0.3416666666666666,0.3016666666666667,0.434052356698895,0.7323031767955801,2,1,1,0,1,STAD_AXIS_150
STAD,CMPD025439,Futokadsurin C,BACE1,0.43,0.44,0.29,0.305,0.2733333333333334,0.12333333333333334,0.4250039989234644,0.6493266574585635,3,1,1,0,1,STAD_AXIS_107
STAD,CMPD025446,Kadsurenone,BACE1,0.42,0.42,0.32833333333333337,0.2783333333333333,0.25166666666666665,0.26,0.4250039989234644,0.6493266574585635,3,1,1,0,1,STAD_AXIS_112
STAD,CMPD025479,Ellipticine,CYP1A1,0.060000000000000005,0.01,0.17833333333333334,0.36833333333333335,0.20666666666666667,0.19333333333333336,0.3909018143687033,0.5492230662983425,2,0,1,0,1,STAD_AXIS_190
STAD,CMPD025501,Rutaecarpine,CYP1B1,0.5516666666666666,0.54,0.6666666666666666,0.71,0.5783333333333333,0.5416666666666666,0.41965181436870325,0.5492230662983425,2,1,1,0,1,STAD_AXIS_093
STAD,CMPD025520,"5,2'-Dihydroxy-6,7,8-trimethoxyflavone",HSP90AB1,0.375,0.385,0.40166666666666667,0.4116666666666666,0.27166666666666667,0.205,0.3377028660220994,0.8133114640883978,2,0,1,0,1,STAD_AXIS_200
STAD,CMPD025549,Homoeriodictyol,CYP1B1,0.5750000000000001,0.575,0.6816666666666666,0.7116666666666666,0.5933333333333333,0.5766666666666667,0.41965181436870325,0.5492230662983425,2,1,1,0,1,STAD_AXIS_087
STAD,CMPD025553,Physovenine,ACHE,0.05333333333333334,0.04,0.09500000000000001,0.03666666666666667,0.17,0.25,0.3381193888121547,0.4765625,1,0,0,0,1,STAD_AXIS_140
STAD,CMPD025566,"3',4',7-trihydroxyflavanone",BACE1,0.5650000000000001,0.565,0.5183333333333334,0.6316666666666667,0.53,0.5266666666666667,0.4250039989234644,0.6493266574585635,3,1,1,0,1,STAD_AXIS_063
STAD,CMPD025566,"3',4',7-trihydroxyflavanone",PLAU,0.3833333333333333,0.275,0.225,0.3333333333333333,0.29,0.17333333333333334,0.4250039989234644,0.6493266574585635,3,1,1,0,1,STAD_AXIS_137;STAD_AXIS_138
STAD,CMPD025602,"3,5-dihydroxy-2-(4-hydroxyphenyl)chromone",CYP1B1,0.6533333333333333,0.64,0.65,0.7433333333333333,0.6699999999999999,0.65,0.41965181436870325,0.5492230662983425,2,1,1,0,1,STAD_AXIS_048
STAD,CMPD025607,"5-hydroxy-7-methoxy-2-(3,4,5-trimethoxyphenyl)chromone",BACE1,0.44166666666666665,0.425,0.375,0.3,0.32166666666666666,0.17666666666666667,0.4250039989234644,0.6493266574585635,3,1,1,0,1,STAD_AXIS_103
STAD,CMPD025671,Eckol,BACE1,0.8916666666666666,0.88,0.91,0.9116666666666666,0.9733333333333333,0.9483333333333333,0.4326962773196295,0.6493266574585635,3,1,1,0,1,STAD_AXIS_011;STAD_AXIS_015;STAD_AXIS_030;STAD_AXIS_031;STAD_AXIS_056;STAD_AXIS_058;STAD_AXIS_066
STAD,CMPD025679,Isoxanthohumol,HSP90AB1,0.3466666666666667,0.37,0.43166666666666664,0.3933333333333333,0.41500000000000004,0.19333333333333333,0.3377028660220994,0.8133114640883978,2,0,1,0,1,STAD_AXIS_199
STAD,CMPD025693,Triptolide,PLAU,0.8466666666666667,0.835,0.7733333333333334,0.94,0.8483333333333333,0.7883333333333334,0.5644928603347417,0.99896408839779,3,1,1,1,0,STAD_AXIS_032;STAD_AXIS_076;STAD_AXIS_082;STAD_AXIS_114
STAD,CMPD025841,Guggulsterone,PGR,0.815,0.82,0.8066666666666666,0.9466666666666667,0.8533333333333334,0.7916666666666666,0.4562539989234644,0.6493266574585635,3,1,1,0,1,STAD_AXIS_023;STAD_AXIS_051;STAD_AXIS_081
STAD,CMPD025848,Negletein,HSP90AB1,0.34833333333333333,0.39,0.37666666666666665,0.4083333333333334,0.35000000000000003,0.13,0.3377028660220994,0.8133114640883978,2,0,1,0,1,STAD_AXIS_197
STAD,CMPD025871,Lucidumoside D,HSP90AB1,0.34833333333333333,0.375,0.40166666666666667,0.41333333333333333,0.30833333333333335,0.24166666666666667,0.3377028660220994,0.8133114640883978,2,0,1,0,1,STAD_AXIS_194
STAD,CMPD025921,16-epi-Isositsirikine,BACE1,0.40166666666666667,0.405,0.31666666666666665,0.30833333333333335,0.3,0.15,0.4250039989234644,0.6493266574585635,3,1,1,0,1,STAD_AXIS_105
STAD,CMPD025924,Tamarixetin,CYP1B1,0.28833333333333333,0.18,0.3866666666666667,0.25666666666666665,0.3666666666666667,0.34833333333333333,0.41965181436870325,0.5492230662983425,2,1,1,0,1,STAD_AXIS_129
STAD,CMPD025925,Cirsiliol,CYP1B1,0.2233333333333333,0.105,0.35000000000000003,0.34833333333333333,0.25166666666666665,0.24666666666666667,0.41965181436870325,0.5492230662983425,2,1,1,0,1,STAD_AXIS_159
STAD,CMPD026062,Evodiamine,CYP1B1,0.205,0.085,0.32416666666666666,0.31,0.31749999999999995,0.16,0.5437095283555411,0.7144337016574586,3,1,1,1,0,STAD_AXIS_155
STAD,CMPD026068,Evodiamide,BACE1,0.45166666666666666,0.46,0.3016666666666667,0.27499999999999997,0.225,0.2333333333333333,0.4250039989234644,0.6493266574585635,3,1,1,0,1,STAD_AXIS_110
STAD,CMPD026069,Goshuyuamide I,BACE1,0.4533333333333333,0.435,0.345,0.3516666666666666,0.21333333333333335,0.22333333333333336,0.4250039989234644,0.6493266574585635,3,1,1,0,1,STAD_AXIS_102
STAD,CMPD026072,N-(2-Methylaminobenzoyl)Tryptamine,BACE1,0.43333333333333335,0.415,0.3833333333333333,0.3016666666666667,0.33,0.18166666666666664,0.4250039989234644,0.6493266574585635,3,1,1,0,1,STAD_AXIS_106
STAD,CMPD026148,Corydalmine,ACHE,0.09500000000000001,0.305,0.22166666666666668,0.08666666666666667,0.25,0.32166666666666666,0.4137150379834254,0.6407976519337016,2,1,1,0,1,STAD_AXIS_143;STAD_AXIS_173
STAD,CMPD026161,Leonticine,BACE1,0.4749999999999999,0.465,0.33,0.35333333333333333,0.19333333333333336,0.20833333333333334,0.4250039989234644,0.6493266574585635,3,1,1,0,1,STAD_AXIS_111
STAD,CMPD026190,Pectolinarigenin,ACHE,0.11,0.3,0.24,0.11333333333333334,0.25833333333333336,0.30666666666666664,0.4137150379834254,0.6407976519337016,2,1,1,0,1,STAD_AXIS_170;STAD_AXIS_184
STAD,CMPD026234,Fisetin,CDK2,0.42,0.495,0.445,0.42,0.36999999999999994,0.42,0.7715037465788159,0.8476562499999999,4,1,1,0,1,STAD_AXIS_189
STAD,CMPD027217,5-hydroxyflavone,CYP1B1,0.19166666666666665,0.075,0.4083333333333334,0.33499999999999996,0.41,0.2416666666666667,0.41965181436870325,0.5492230662983425,2,1,1,0,1,STAD_AXIS_151
STAD,CMPD027440,3-hydroxy-4-methoxy-acetophenone,PLAU,0.40166666666666667,0.28,0.3233333333333333,0.43333333333333335,0.355,0.3016666666666667,0.4250039989234644,0.6493266574585635,3,1,1,0,1,STAD_AXIS_125;STAD_AXIS_126
STAD,CMPD029494,Alpha-naphthoflavone,CYP1B1,0.7183333333333333,0.745,0.73,0.7000000000000001,0.6633333333333332,0.71,0.4866221137764626,0.5492230662983425,2,1,1,0,1,STAD_AXIS_025;STAD_AXIS_046
STAD,CMPD034648,"Trans-3,5-dihydroxy-5-methoxy-stilbene",CYP1B1,0.21666666666666667,0.1,0.3116666666666667,0.30833333333333335,0.305,0.14833333333333334,0.41965181436870325,0.5492230662983425,2,1,1,0,1,STAD_AXIS_160
STAD,CMPD038626,Beta-naphthoflavone,AHR,0.14500000000000002,0.03,0.15833333333333333,0.37166666666666665,0.10833333333333332,0.19166666666666668,0.4289677572513812,0.7182147790055249,2,1,1,0,1,STAD_AXIS_193
STAD,CMPD047932,Pongapin,CYP1B1,0.22166666666666668,0.05,0.36833333333333335,0.27999999999999997,0.32833333333333337,0.33166666666666667,0.41965181436870325,0.5492230662983425,2,1,1,0,1,STAD_AXIS_167
STAD,CMPD051525,7-hydroxy flavone,CYP1B1,0.2283333333333333,0.11,0.34833333333333333,0.35000000000000003,0.24666666666666667,0.245,0.41965181436870325,0.5492230662983425,2,1,1,0,1,STAD_AXIS_157
STAD,CMPD052974,Collagen,BACE1,0.5466666666666667,0.52,0.5233333333333333,0.5816666666666667,0.5266666666666667,0.525,0.4250039989234644,0.6493266574585635,3,1,1,0,1,STAD_AXIS_073
STAD,CMPD053196,Rocaglamide,RELA,0.5416666666666666,0.57,0.58,0.615,0.6883333333333334,0.595,0.5144283062845303,0.8491194751381215,3,1,1,0,1,STAD_AXIS_054
