frozen_axis_id,cancer,compound_representative_name,target_gene_symbol,tf_gene_symbol,dominant_spatial_celltype,hpa_evaluable,hpa_score_if_evaluable,gdsc_evaluable,gdsc_score_if_evaluable,gdsc_matched_detail_rows,gdsc_match_type,prism_evaluable,prism_score_if_evaluable,prism_matched_detail_rows,prism_match_type,ctrp_evaluable,ctrp_score_if_evaluable,ctrp_matched_detail_rows,ctrp_match_type,legacy_fixed_four_external_score,available_source_external_score,n_evaluable_databases,database_coverage_fraction,evaluable_databases,aggregation_status,score_change
COAD_AXIS_034,COAD,Quercetin,CDK1,MYB,Myeloid,True,0.5375,True,0.8084409594095942,4,target_class,True,0.7910048342541437,12,target_class,True,0.8476562499999999,6,target_class,0.7461505109159344,0.7461505109159344,4,1.0,HPA;GDSC;PRISM;CTRP,available_source_mean,0.0
COAD_AXIS_022,COAD,Allopseudococain,SLC6A4,ATF4,Myeloid,True,0.625,False,,0,no_hit,True,0.2215987569060773,5,target_class,False,,0,no_hit,0.2116496892265193,0.42329937845303867,2,0.5,HPA;PRISM,available_source_mean,0.21164968922651936
COAD_AXIS_089,COAD,Ibogain,SLC6A4,ATF4,Myeloid,True,0.625,False,,0,no_hit,True,0.2215987569060773,5,target_class,False,,0,no_hit,0.2116496892265193,0.42329937845303867,2,0.5,HPA;PRISM,available_source_mean,0.21164968922651936
COAD_AXIS_037,COAD,Stepholidine,DRD1,HR,Myeloid,True,0.45,False,,0,no_hit,True,0.4000517955801105,6,target_class,True,0.46171875,1,target_class,0.3279426363950276,0.4372568485267035,3,0.75,HPA;PRISM;CTRP,available_source_mean,0.10931421213167591
COAD_AXIS_029,COAD,Physovenine,ACHE,TBP,Myeloid,True,0.5375,False,,0,no_hit,True,0.3466332872928176,5,target_class,True,0.54140625,1,target_class,0.3563848843232043,0.47517984576427247,3,0.75,HPA;PRISM;CTRP,available_source_mean,0.11879496144106816
COAD_AXIS_001,COAD,Physovenine,ACHE,TFAP2A,Myeloid,True,0.5375,False,,0,no_hit,True,0.3466332872928176,5,target_class,True,0.54140625,1,target_class,0.3563848843232043,0.47517984576427247,3,0.75,HPA;PRISM;CTRP,available_source_mean,0.11879496144106816
COAD_AXIS_043,COAD,Quercetin,ACHE,TBP,Myeloid,True,0.5375,False,,0,no_hit,True,0.3466332872928176,5,target_class,True,0.54140625,1,target_class,0.3563848843232043,0.47517984576427247,3,0.75,HPA;PRISM;CTRP,available_source_mean,0.11879496144106816
COAD_AXIS_018,COAD,Physovenine,ACHE,MYC,Myeloid,True,0.5375,False,,0,no_hit,True,0.3466332872928176,6,target_class,True,0.54140625,1,target_class,0.3563848843232043,0.47517984576427247,3,0.75,HPA;PRISM;CTRP,available_source_mean,0.11879496144106816
LIHC_AXIS_092,LIHC,"4',5-Dihydroxyflavone",AR,HDAC1,T_NK_ILC,True,0.625,True,0.636747572815534,12,tf_or_regulator_class,True,0.6683183701657459,24,target_class,True,0.6482077205882353,12,tf_or_regulator_class,0.6445684158923788,0.6445684158923788,4,1.0,HPA;GDSC;PRISM;CTRP,available_source_mean,0.0
LIHC_AXIS_008,LIHC,Quercetin,MMP1,EHF,Tumor_Lineage,True,0.865,False,,0,no_hit,True,0.6606871546961326,2,target_class,False,,0,no_hit,0.3814217886740331,0.7628435773480663,2,0.5,HPA;PRISM,available_source_mean,0.3814217886740332
LIHC_AXIS_034,LIHC,Quercetin,MMP1,SMAD2,Plasma_cell,True,0.865,False,,0,no_hit,True,0.6606871546961326,2,target_class,False,,0,no_hit,0.3814217886740331,0.7628435773480663,2,0.5,HPA;PRISM,available_source_mean,0.3814217886740332
LIHC_AXIS_061,LIHC,Quercetin,MMP1,CEBPB,Plasma_cell,True,0.865,False,,0,no_hit,True,0.6606871546961326,2,target_class,False,,0,no_hit,0.3814217886740331,0.7628435773480663,2,0.5,HPA;PRISM,available_source_mean,0.3814217886740332
LIHC_AXIS_078,LIHC,Kaempferol,MMP1,CEBPB,Plasma_cell,True,0.865,False,,0,no_hit,True,0.6606871546961326,2,target_class,False,,0,no_hit,0.3814217886740331,0.7628435773480663,2,0.5,HPA;PRISM,available_source_mean,0.3814217886740332
LIHC_AXIS_079,LIHC,Luteolin,MMP1,CEBPB,Plasma_cell,True,0.865,False,,0,no_hit,True,0.6606871546961326,2,target_class,False,,0,no_hit,0.3814217886740331,0.7628435773480663,2,0.5,HPA;PRISM,available_source_mean,0.3814217886740332
LIHC_AXIS_086,LIHC,(-)-epigallocatechin-3-gallate,MMP1,CEBPB,Plasma_cell,True,0.865,False,,0,no_hit,True,0.6606871546961326,2,target_class,False,,0,no_hit,0.3814217886740331,0.7628435773480663,2,0.5,HPA;PRISM,available_source_mean,0.3814217886740332
LIHC_AXIS_002,LIHC,Indirubin,AHR,NR1H3,Plasma_cell,True,0.5375,False,,0,no_hit,True,0.6947341160220993,6,target_class,True,0.37578125,2,target_class,0.4020038415055248,0.5360051220073664,3,0.75,HPA;PRISM;CTRP,available_source_mean,0.13400128050184157
STAD_AXIS_017,STAD,Quercetin,PLAU,ETS1,Fibroblast_CAF,True,0.5375,False,,0,no_hit,False,,0,no_hit,False,,0,no_hit,0.134375,0.5375,1,0.25,HPA,available_source_mean,0.40312499999999996
STAD_AXIS_010,STAD,Quercetin,PLAU,MYC,Fibroblast_CAF,True,0.5375,False,,0,no_hit,True,0.3386912983425414,1,tf_or_regulator_class,False,,0,no_hit,0.2190478245856353,0.4380956491712707,2,0.5,HPA;PRISM,available_source_mean,0.2190478245856354
STAD_AXIS_027,STAD,Quercetin,PLAU,FOS,Fibroblast_CAF,True,0.5375,False,,0,no_hit,False,,0,no_hit,False,,0,no_hit,0.134375,0.5375,1,0.25,HPA,available_source_mean,0.40312499999999996
STAD_AXIS_021,STAD,Eriodyctiol (flavanone),HSP90AB1,HOPX,Fibroblast_CAF,True,0.5375,False,,0,no_hit,True,0.8133114640883978,1,target_class,False,,0,no_hit,0.3377028660220994,0.6754057320441988,2,0.5,HPA;PRISM,available_source_mean,0.3377028660220994
STAD_AXIS_029,STAD,Quercetin,PLAU,HIF1A,Fibroblast_CAF,True,0.5375,False,,0,no_hit,True,0.6259841160220995,3,tf_or_regulator_class,False,,0,no_hit,0.2908710290055248,0.5817420580110497,2,0.5,HPA;PRISM,available_source_mean,0.2908710290055249
STAD_AXIS_024,STAD,Quercetin,PLAU,JUN,Fibroblast_CAF,True,0.5375,False,,0,no_hit,True,0.6407976519337016,2,tf_or_regulator_class,False,,0,no_hit,0.2945744129834254,0.5891488259668508,2,0.5,HPA;PRISM,available_source_mean,0.2945744129834254
STAD_AXIS_049,STAD,Quercetin,PLAU,NR3C1,Fibroblast_CAF,True,0.5375,False,,0,no_hit,True,0.5393473756906078,12,tf_or_regulator_class,True,0.0256893382352941,1,tf_or_regulator_class,0.2756341784814755,0.36751223797530064,3,0.75,HPA;PRISM;CTRP,available_source_mean,0.09187805949382516
STAD_AXIS_015,STAD,Eckol,BACE1,HSF1,Fibroblast_CAF,True,0.5375,True,0.5414667896678967,2,tf_or_regulator_class,True,0.2785393646408839,1,target_class,False,,0,no_hit,0.3393765385771952,0.45250205143626027,3,0.75,HPA;GDSC;PRISM,available_source_mean,0.11312551285906508
