dataset_stage,cancer,stage_rank_within_cancer,axis_display_label,compound_representative_name,target_gene_symbol,tf_gene_symbol,regulon_target_gene_symbol,dominant_spatial_celltype,stage_score,stage_tier,integrated_axis_score_with_ppi_msi,main_axis_freeze_score,integrated_spatial_recurrence_score,rctd_spotlight_consistency_score,same_cancer_clinical_prognosis_score,drug_evidence_score,single_cell_regulatory_score,ppi_msi_local_support_score,cancer_context_specificity_score,bindingdb_support_level,bindingdb_n_rows,pubmed_n_pmids,publication_use_role,reason_for_main_text,stage_note,final_manuscript_role,freeze_rank_within_cancer,score_rank_within_cancer,spatial_recurrence_forced_into_main,frozen_axis_id,candidate_axis_id,predicted_soft_score,prob_high_positive,three_sample_class,median_fixed_abs_spearman,lincs_cmap_combined_support_score,depmap_axis_support_score,non_broad_cancer_sensitivity_score,evidence_layer_count_ge_0_60,integrated_evidence_tier,drug_evidence_class,clinical_prognosis_support_class,rctd_spotlight_consistency_class,ppi_msi_local_support_tier,sample_ids,candidate_genes_tested,axis_match_key
S5_main_text_core_axes,COAD,1,Quercetin | CDK1/MYB,Quercetin,CDK1,MYB,CDK1,Myeloid,0.7309834653031083,IS1_publication_core_axis,0.8391144570908674,0.7309834653031083,0.8580516639554029,0.7333326297500089,1.0,0.7853194478953663,0.6123153408061816,0.8154009307104897,0.9999983243607252,strong,3,3.0,main_text_flagship_axis,Top integrated/HGNN/spatial-clinical evidence axis within cancer,Core axes selected for main-text interpretation,main_text_core_axis,1,1,False,COAD_AXIS_034,COAD_CV034,0.7593769133333333,0.9999583873333333,,,0.0,0.0,0.0,5,IS1_publication_core_axis,D1_strong_binding_or_literature,C1_strong_same_cancer_prognosis,R1_strong_RCTD_SPOTlight_concordance,PPI1_strong_support,COAD_GSM8594567_P1CRC;COAD_GSM8594568_P2CRC;COAD_GSM8594569_P5CRC,CDK1;MYB,COAD||MYELOID||QUERCETIN||CDK1||MYB||CDK1
S5_main_text_core_axes,COAD,2,Allopseudococain | SLC6A4/ATF4,Allopseudococain,SLC6A4,ATF4,SLC6A4,Myeloid,0.7095915560276678,IS1_publication_core_axis,0.829032548306303,0.7095915560276678,0.7931617774762313,0.7333326297500089,0.849528600798618,0.9370378851683692,0.8306203735741209,0.6946818721728618,0.9999994752763256,strong,15,9.0,main_text_flagship_axis,Top integrated/HGNN/spatial-clinical evidence axis within cancer,Core axes selected for main-text interpretation,main_text_core_axis,2,2,False,COAD_AXIS_022,COAD_CV022,0.7826519946666667,0.9996984553333333,,,0.0,0.0,0.0,5,IS1_publication_core_axis,D1_strong_binding_or_literature,C1_strong_same_cancer_prognosis,R1_strong_RCTD_SPOTlight_concordance,PPI1_strong_support,COAD_GSM8594567_P1CRC;COAD_GSM8594568_P2CRC;COAD_GSM8594569_P5CRC,SLC6A4;ATF4,COAD||MYELOID||ALLOPSEUDOCOCAIN||SLC6A4||ATF4||SLC6A4
S5_main_text_core_axes,COAD,3,Ibogain | SLC6A4/ATF4,Ibogain,SLC6A4,ATF4,SLC6A4,Myeloid,0.6863369988406245,IS1_publication_core_axis,0.7999112302559706,0.6863369988406245,0.7931617774762313,0.7333326297500089,0.849528600798618,0.7281597239476832,0.8306203735741209,0.6958983916939223,0.99999901808395,strong,1,1.0,main_text_flagship_axis,Top integrated/HGNN/spatial-clinical evidence axis within cancer,Core axes selected for main-text interpretation,main_text_core_axis,3,3,False,COAD_AXIS_089,COAD_CV089,0.7813467953333333,0.9999169093333333,,,0.0,0.0,0.0,5,IS1_publication_core_axis,D1_strong_binding_or_literature,C1_strong_same_cancer_prognosis,R1_strong_RCTD_SPOTlight_concordance,PPI1_strong_support,COAD_GSM8594567_P1CRC;COAD_GSM8594568_P2CRC;COAD_GSM8594569_P5CRC,SLC6A4;ATF4,COAD||MYELOID||IBOGAIN||SLC6A4||ATF4||SLC6A4
S5_main_text_core_axes,COAD,4,Physovenine | ACHE/TBP,Physovenine,ACHE,TBP,ACHE,Myeloid,0.6699639930467307,IS1_publication_core_axis,0.7809782385803586,0.6699639930467307,0.661941630426899,0.7333326297500089,0.7977108356218675,0.7809597239476832,0.8585072589614885,0.7652596802173068,0.9999996125969848,very_strong,1,1.0,main_text_flagship_axis,Top integrated/HGNN/spatial-clinical evidence axis within cancer,Core axes selected for main-text interpretation,main_text_core_axis,4,4,False,COAD_AXIS_029,COAD_CV029,0.781257344,0.999907706,,,0.0,0.0,0.0,5,IS1_publication_core_axis,D1_strong_binding_or_literature,C1_strong_same_cancer_prognosis,R1_strong_RCTD_SPOTlight_concordance,PPI1_strong_support,COAD_GSM8594567_P1CRC;COAD_GSM8594568_P2CRC;COAD_GSM8594569_P5CRC,ACHE;TBP,COAD||MYELOID||PHYSOVENINE||ACHE||TBP||ACHE
S5_main_text_core_axes,COAD,5,Stepholidine | DRD1/HR,Stepholidine,DRD1,HR,DRD1,Myeloid,0.6643814912807277,IS2_high_priority_validation_axis,0.7815901897373574,0.6643814912807277,1.0,0.7333326297500089,0.4533182575348581,0.9536791718430496,0.8643538625442575,0.5602249823360164,0.999998737807418,very_strong,9,7.0,main_figure_candidate_panel,Top integrated/HGNN/spatial-clinical evidence axis within cancer,Core axes selected for main-text interpretation,main_text_core_axis,5,5,False,COAD_AXIS_037,COAD_CV037,0.768080644,0.9998769106666666,,,0.0,0.0,0.0,3,IS2_high_priority_validation_axis,D1_strong_binding_or_literature,C2_moderate_same_cancer_prognosis,R1_strong_RCTD_SPOTlight_concordance,PPI2_moderate_support,COAD_GSM8594567_P1CRC;COAD_GSM8594568_P2CRC;COAD_GSM8594569_P5CRC,DRD1;HR,COAD||MYELOID||STEPHOLIDINE||DRD1||HR||DRD1
S5_main_text_core_axes,COAD,6,Physovenine | ACHE/MYC,Physovenine,ACHE,MYC,ACHE,Myeloid,0.6609398292326683,IS2_high_priority_validation_axis,0.7590011958690785,0.6609398292326683,0.9466317380585186,0.7333326297500089,0.4454757715236179,0.7809597239476832,0.7411888480469154,0.8638614381974908,0.9999993141599244,very_strong,1,1.0,supplementary_top50_axis,Top integrated/HGNN/spatial-clinical evidence axis within cancer,Core axes selected for main-text interpretation,main_text_core_axis,6,6,False,COAD_AXIS_018,COAD_CV018,0.7591908980000001,0.9999529833333334,,,0.0,0.0,0.0,4,IS2_high_priority_validation_axis,D1_strong_binding_or_literature,C3_weak_or_cross_cancer_prognosis,R1_strong_RCTD_SPOTlight_concordance,PPI1_strong_support,COAD_GSM8594567_P1CRC;COAD_GSM8594568_P2CRC;COAD_GSM8594569_P5CRC,ACHE;MYC,COAD||MYELOID||PHYSOVENINE||ACHE||MYC||ACHE
S5_main_text_core_axes,COAD,7,Physovenine | ACHE/TFAP2A,Physovenine,ACHE,TFAP2A,ACHE,Myeloid,0.6597170142524549,IS2_high_priority_validation_axis,0.7730871896382334,0.6597170142524549,0.9903990119807774,0.7333326297500089,0.4454757715236179,0.7809597239476832,0.8607849956943785,0.7311712346962592,0.9999996744454338,very_strong,1,1.0,main_figure_candidate_panel,Top integrated/HGNN/spatial-clinical evidence axis within cancer,Core axes selected for main-text interpretation,main_text_core_axis,7,7,False,COAD_AXIS_001,COAD_CV001,0.764976508,0.999918114,,,0.0,0.0,0.0,4,IS2_high_priority_validation_axis,D1_strong_binding_or_literature,C3_weak_or_cross_cancer_prognosis,R1_strong_RCTD_SPOTlight_concordance,PPI1_strong_support,COAD_GSM8594567_P1CRC;COAD_GSM8594568_P2CRC;COAD_GSM8594569_P5CRC,ACHE;TFAP2A,COAD||MYELOID||PHYSOVENINE||ACHE||TFAP2A||ACHE
S5_main_text_core_axes,COAD,8,Quercetin | ACHE/TBP,Quercetin,ACHE,TBP,ACHE,Myeloid,0.6587183963137363,IS2_high_priority_validation_axis,0.769271226599485,0.6587183963137363,0.661941630426899,0.7333326297500089,0.7977108356218675,0.7003235364986989,0.8585072589614885,0.761080286451263,0.9999995065734611,moderate,5,2.0,main_figure_candidate_panel,Top integrated/HGNN/spatial-clinical evidence axis within cancer,Core axes selected for main-text interpretation,main_text_core_axis,8,8,False,COAD_AXIS_043,COAD_CV043,0.7707861906666668,0.9999518559999999,,,0.0,0.0,0.0,5,IS2_high_priority_validation_axis,D2_external_database_supported,C1_strong_same_cancer_prognosis,R1_strong_RCTD_SPOTlight_concordance,PPI1_strong_support,COAD_GSM8594567_P1CRC;COAD_GSM8594568_P2CRC;COAD_GSM8594569_P5CRC,ACHE;TBP,COAD||MYELOID||QUERCETIN||ACHE||TBP||ACHE
S5_main_text_core_axes,LIHC,1,Indirubin | AHR/NR1H3,Indirubin,AHR,NR1H3,AHR,Plasma_cell,0.6510660378458696,IS2_high_priority_validation_axis,0.7341620556267837,0.6510660378458696,0.8078295057904876,0.4571780025987867,0.6156618463158938,0.7809597239476832,0.8064089858397268,0.793554745393672,0.999999177481118,very_strong,1,1.0,supplementary_top50_axis,Forced into main text because it has same-cancer three-sample spatial recurrence,Core axes selected for main-text interpretation,main_text_core_axis,1,18,True,LIHC_AXIS_002,LIHC_CV002,0.7566445866666667,0.9999560726666666,three_sample_recurrent_high,0.3453271144412858,0.0,0.0,0.0,4,IS2_high_priority_validation_axis,D1_strong_binding_or_literature,C2_moderate_same_cancer_prognosis,R2_moderate_RCTD_SPOTlight_concordance,PPI1_strong_support,LIHC_P5T_P5T;LIHC_P7T_P7T;LIHC_P8T_P8T,AHR;NR1H3,LIHC||PLASMA_CELL||INDIRUBIN||AHR||NR1H3||AHR
S5_main_text_core_axes,LIHC,2,"4',5-Dihydroxyflavone | AR/HDAC1","4',5-Dihydroxyflavone",AR,HDAC1,AR,T_NK_ILC,0.6723705953191058,IS1_publication_core_axis,0.7818611871908144,0.6723705953191058,0.5604529075615624,0.7773004860217321,0.8135140276512416,0.7299597239476832,0.9211680076528572,0.9363664269254623,0.9999927856941055,strong,2,1.0,main_text_flagship_axis,Top integrated/HGNN/spatial-clinical evidence axis within cancer,Core axes selected for main-text interpretation,main_text_core_axis,2,1,False,LIHC_AXIS_092,LIHC_CV092,0.7777498386666667,0.999709846,,,0.0,0.0,0.0,4,IS1_publication_core_axis,D1_strong_binding_or_literature,C1_strong_same_cancer_prognosis,R1_strong_RCTD_SPOTlight_concordance,PPI1_strong_support,LIHC_P5T_P5T;LIHC_P7T_P7T;LIHC_P8T_P8T,AR;HDAC1,"LIHC||T_NK_ILC||4',5-DIHYDROXYFLAVONE||AR||HDAC1||AR"
S5_main_text_core_axes,LIHC,3,Quercetin | MMP1/CEBPB,Quercetin,MMP1,CEBPB,MMP1,Plasma_cell,0.6603947910394509,IS2_high_priority_validation_axis,0.7465374437418311,0.6603947910394509,0.8522780795714092,0.4571780025987867,0.7827720351406074,0.7087235364986989,0.63535158628096,0.8668421080375898,0.9999967361384248,moderate,3,2.0,supplementary_top50_axis,Top integrated/HGNN/spatial-clinical evidence axis within cancer,Core axes selected for main-text interpretation,main_text_core_axis,3,2,False,LIHC_AXIS_061,LIHC_CV061,0.762950266,0.999953044,,,0.0,0.0,0.0,4,IS2_high_priority_validation_axis,D2_external_database_supported,C1_strong_same_cancer_prognosis,R2_moderate_RCTD_SPOTlight_concordance,PPI1_strong_support,LIHC_P5T_P5T;LIHC_P7T_P7T;LIHC_P8T_P8T,MMP1;CEBPB,LIHC||PLASMA_CELL||QUERCETIN||MMP1||CEBPB||MMP1
S5_main_text_core_axes,LIHC,4,Quercetin | MMP1/SMAD2,Quercetin,MMP1,SMAD2,MMP1,Plasma_cell,0.6580555891357222,IS2_high_priority_validation_axis,0.7512244494920141,0.6580555891357222,0.852800645331435,0.4571780025987867,0.7827720351406074,0.7087235364986989,0.6551964903241421,0.8226026262879399,0.9999976076044388,moderate,3,2.0,main_figure_candidate_panel,Top integrated/HGNN/spatial-clinical evidence axis within cancer,Core axes selected for main-text interpretation,main_text_core_axis,4,3,False,LIHC_AXIS_034,LIHC_CV034,0.763539752,0.9999509713333333,,,0.0,0.0,0.0,4,IS2_high_priority_validation_axis,D2_external_database_supported,C1_strong_same_cancer_prognosis,R2_moderate_RCTD_SPOTlight_concordance,PPI1_strong_support,LIHC_P5T_P5T;LIHC_P7T_P7T;LIHC_P8T_P8T,MMP1;SMAD2,LIHC||PLASMA_CELL||QUERCETIN||MMP1||SMAD2||MMP1
S5_main_text_core_axes,LIHC,5,Kaempferol | MMP1/CEBPB,Kaempferol,MMP1,CEBPB,MMP1,Plasma_cell,0.6574915156907748,IS2_high_priority_validation_axis,0.7419367492450862,0.6574915156907748,0.8522780795714092,0.4571780025987867,0.7827720351406074,0.6773597239476832,0.630795426966538,0.8702121245962041,0.9999963481762016,moderate,4,1.0,supplementary_top50_axis,Top integrated/HGNN/spatial-clinical evidence axis within cancer,Core axes selected for main-text interpretation,main_text_core_axis,5,4,False,LIHC_AXIS_078,LIHC_CV078,0.7648857166666667,0.9999609073333333,,,0.0,0.0,0.0,4,IS2_high_priority_validation_axis,D2_external_database_supported,C1_strong_same_cancer_prognosis,R2_moderate_RCTD_SPOTlight_concordance,PPI1_strong_support,LIHC_P5T_P5T;LIHC_P7T_P7T;LIHC_P8T_P8T,MMP1;CEBPB,LIHC||PLASMA_CELL||KAEMPFEROL||MMP1||CEBPB||MMP1
S5_main_text_core_axes,LIHC,6,Quercetin | MMP1/EHF,Quercetin,MMP1,EHF,MMP1,Tumor_Lineage,0.6572437167287554,IS2_high_priority_validation_axis,0.7669307042133857,0.6572437167287554,0.6759397196992994,0.8977793296042744,0.7827720351406074,0.7087235364986989,0.7912478473715854,0.6032830706597978,0.9999983873402984,moderate,3,2.0,main_figure_candidate_panel,Top integrated/HGNN/spatial-clinical evidence axis within cancer,Core axes selected for main-text interpretation,main_text_core_axis,6,5,False,LIHC_AXIS_008,LIHC_CV008,0.759392646,0.9999528206666667,,,0.0,0.0,0.0,5,IS2_high_priority_validation_axis,D2_external_database_supported,C1_strong_same_cancer_prognosis,R1_strong_RCTD_SPOTlight_concordance,PPI2_moderate_support,LIHC_P5T_P5T;LIHC_P7T_P7T;LIHC_P8T_P8T,MMP1;EHF,LIHC||TUMOR_LINEAGE||QUERCETIN||MMP1||EHF||MMP1
S5_main_text_core_axes,LIHC,7,Luteolin | MMP1/CEBPB,Luteolin,MMP1,CEBPB,MMP1,Plasma_cell,0.6570976918284611,IS2_high_priority_validation_axis,0.7415711491839944,0.6570976918284611,0.8522780795714092,0.4571780025987867,0.7827720351406074,0.6773597239476832,0.630795426966538,0.8665561239852851,0.9999963481762016,moderate,2,1.0,supplementary_top50_axis,Top integrated/HGNN/spatial-clinical evidence axis within cancer,Core axes selected for main-text interpretation,main_text_core_axis,7,6,False,LIHC_AXIS_079,LIHC_CV079,0.76476954,0.999956034,,,0.0,0.0,0.0,4,IS2_high_priority_validation_axis,D2_external_database_supported,C1_strong_same_cancer_prognosis,R2_moderate_RCTD_SPOTlight_concordance,PPI1_strong_support,LIHC_P5T_P5T;LIHC_P7T_P7T;LIHC_P8T_P8T,MMP1;CEBPB,LIHC||PLASMA_CELL||LUTEOLIN||MMP1||CEBPB||MMP1
S5_main_text_core_axes,LIHC,8,(-)-epigallocatechin-... | MMP1/CEBPB,(-)-epigallocatechin-3-gallate,MMP1,CEBPB,MMP1,Plasma_cell,0.6564147407581982,IS2_high_priority_validation_axis,0.7399228437320526,0.6564147407581982,0.8522780795714092,0.4571780025987867,0.7827720351406074,0.6689597239476832,0.6244168039263471,0.869487531099839,0.9999961581999656,moderate,1,1.0,supplementary_top50_axis,Top integrated/HGNN/spatial-clinical evidence axis within cancer,Core axes selected for main-text interpretation,main_text_core_axis,8,7,False,LIHC_AXIS_086,LIHC_CV086,0.7654204486666667,0.9999600253333334,,,0.0,0.0,0.0,4,IS2_high_priority_validation_axis,D2_external_database_supported,C1_strong_same_cancer_prognosis,R2_moderate_RCTD_SPOTlight_concordance,PPI1_strong_support,LIHC_P5T_P5T;LIHC_P7T_P7T;LIHC_P8T_P8T,MMP1;CEBPB,LIHC||PLASMA_CELL||(-)-EPIGALLOCATECHIN-3-GALLATE||MMP1||CEBPB||MMP1
S5_main_text_core_axes,STAD,1,Eckol | BACE1/HSF1,Eckol,BACE1,HSF1,BACE1,Fibroblast_CAF,0.6568261271967065,IS2_high_priority_validation_axis,0.7385558422147566,0.6568261271967065,0.7620795463250641,0.8815972798421099,0.4916431586456512,0.7003235364986989,0.7702710156478068,0.7916475640713688,0.912418477467108,moderate,3,2.0,supplementary_top50_axis,Forced into main text because it has same-cancer three-sample spatial recurrence,Core axes selected for main-text interpretation,main_text_core_axis,1,39,True,STAD_AXIS_015,STAD_CV015,0.7445091493333333,0.9999506813333333,three_sample_recurrent_high,0.325731365376149,0.0,0.0,0.0,4,IS2_high_priority_validation_axis,D2_external_database_supported,C2_moderate_same_cancer_prognosis,R1_strong_RCTD_SPOTlight_concordance,PPI1_strong_support,STAD_GSM7990473_GC1;STAD_GSM7990474_21_00731_LI_SING;STAD_GSM7990475_21_00732_LI_SING,BACE1;HSF1,STAD||FIBROBLAST_CAF||ECKOL||BACE1||HSF1||BACE1
S5_main_text_core_axes,STAD,2,Eriodyctiol | HSP90AB1/HOPX,Eriodyctiol (flavanone),HSP90AB1,HOPX,HSP90AB1,Fibroblast_CAF,0.7387591149818986,IS1_publication_core_axis,0.8192460420844396,0.7387591149818986,0.7440378530815416,0.8815972798421099,0.9645813597317514,0.6806,0.8356743547390865,0.8444811439794759,0.5680923896207927,strong,1,,main_text_flagship_axis,Top integrated/HGNN/spatial-clinical evidence axis within cancer,Core axes selected for main-text interpretation,main_text_core_axis,2,1,False,STAD_AXIS_021,STAD_CV021,0.7830911460000001,0.9998847373333334,three_sample_recurrent_high,0.3342788628467369,0.0,0.0,0.0,5,IS1_publication_core_axis,D1_strong_binding_or_literature,C1_strong_same_cancer_prognosis,R1_strong_RCTD_SPOTlight_concordance,PPI1_strong_support,STAD_GSM7990473_GC1;STAD_GSM7990474_21_00731_LI_SING;STAD_GSM7990475_21_00732_LI_SING,HSP90AB1;HOPX,STAD||FIBROBLAST_CAF||ERIODYCTIOL (FLAVANONE)||HSP90AB1||HOPX||HSP90AB1
S5_main_text_core_axes,STAD,3,Quercetin | PLAU/ETS1,Quercetin,PLAU,ETS1,PLAU,Fibroblast_CAF,0.7146258669504014,IS1_publication_core_axis,0.831244882031456,0.7146258669504014,0.8471185487289651,0.8815972798421099,0.8158751301563165,0.6877235364986989,0.7867624467797294,0.8452976521247821,0.9999995523440104,moderate,3,2.0,main_text_flagship_axis,Top integrated/HGNN/spatial-clinical evidence axis within cancer,Core axes selected for main-text interpretation,main_text_core_axis,3,2,False,STAD_AXIS_017,STAD_CV017,0.772351522,0.9998853733333333,,,0.0,0.0,0.0,5,IS1_publication_core_axis,D2_external_database_supported,C1_strong_same_cancer_prognosis,R1_strong_RCTD_SPOTlight_concordance,PPI1_strong_support,STAD_GSM7990473_GC1;STAD_GSM7990474_21_00731_LI_SING;STAD_GSM7990475_21_00732_LI_SING,PLAU;ETS1,STAD||FIBROBLAST_CAF||QUERCETIN||PLAU||ETS1||PLAU
S5_main_text_core_axes,STAD,4,Quercetin | PLAU/HIF1A,Quercetin,PLAU,HIF1A,PLAU,Fibroblast_CAF,0.7141191280535707,IS1_publication_core_axis,0.8191509548381224,0.7141191280535707,0.8353754176461786,0.8815972798421099,0.8158751301563165,0.6877235364986989,0.6639337225075225,0.8952392398202462,0.9999993384497124,moderate,3,2.0,main_text_flagship_axis,Top integrated/HGNN/spatial-clinical evidence axis within cancer,Core axes selected for main-text interpretation,main_text_core_axis,4,3,False,STAD_AXIS_029,STAD_CV029,0.7699502653333333,0.9998964026666666,,,0.0,0.0,0.0,5,IS1_publication_core_axis,D2_external_database_supported,C1_strong_same_cancer_prognosis,R1_strong_RCTD_SPOTlight_concordance,PPI1_strong_support,STAD_GSM7990473_GC1;STAD_GSM7990474_21_00731_LI_SING;STAD_GSM7990475_21_00732_LI_SING,PLAU;HIF1A,STAD||FIBROBLAST_CAF||QUERCETIN||PLAU||HIF1A||PLAU
S5_main_text_core_axes,STAD,5,Quercetin | PLAU/MYC,Quercetin,PLAU,MYC,PLAU,Fibroblast_CAF,0.7139673585862254,IS1_publication_core_axis,0.8267994771279995,0.7139673585862254,0.8125986023801656,0.8815972798421099,0.8158751301563165,0.6877235364986989,0.8257085299724876,0.9156480865802864,0.9999997346377114,moderate,3,2.0,main_text_flagship_axis,Top integrated/HGNN/spatial-clinical evidence axis within cancer,Core axes selected for main-text interpretation,main_text_core_axis,5,4,False,STAD_AXIS_010,STAD_CV010,0.7658728526666666,0.999515036,,,0.0,0.0,0.0,5,IS1_publication_core_axis,D2_external_database_supported,C1_strong_same_cancer_prognosis,R1_strong_RCTD_SPOTlight_concordance,PPI1_strong_support,STAD_GSM7990473_GC1;STAD_GSM7990474_21_00731_LI_SING;STAD_GSM7990475_21_00732_LI_SING,PLAU;MYC,STAD||FIBROBLAST_CAF||QUERCETIN||PLAU||MYC||PLAU
S5_main_text_core_axes,STAD,6,Quercetin | PLAU/NR3C1,Quercetin,PLAU,NR3C1,PLAU,Fibroblast_CAF,0.7111519844803519,IS1_publication_core_axis,0.8114054178277956,0.7111519844803519,0.8344634995523436,0.8815972798421099,0.8158751301563165,0.6877235364986989,0.6098973398851286,0.8844515260741609,0.9999990700786467,moderate,3,2.0,supplementary_top50_axis,Top integrated/HGNN/spatial-clinical evidence axis within cancer,Core axes selected for main-text interpretation,main_text_core_axis,6,5,False,STAD_AXIS_049,STAD_CV049,0.7683353866666667,0.9999070466666667,,,0.0,0.0,0.0,5,IS1_publication_core_axis,D2_external_database_supported,C1_strong_same_cancer_prognosis,R1_strong_RCTD_SPOTlight_concordance,PPI1_strong_support,STAD_GSM7990473_GC1;STAD_GSM7990474_21_00731_LI_SING;STAD_GSM7990475_21_00732_LI_SING,PLAU;NR3C1,STAD||FIBROBLAST_CAF||QUERCETIN||PLAU||NR3C1||PLAU
S5_main_text_core_axes,STAD,7,Quercetin | PLAU/FOS,Quercetin,PLAU,FOS,PLAU,Fibroblast_CAF,0.7090889489807087,IS1_publication_core_axis,0.8194719619094621,0.7090889489807087,0.7937741885572319,0.8815972798421099,0.8158751301563165,0.6877235364986989,0.7380565325549403,0.8927043300967068,0.9999994493795918,moderate,3,2.0,main_text_flagship_axis,Top integrated/HGNN/spatial-clinical evidence axis within cancer,Core axes selected for main-text interpretation,main_text_core_axis,7,6,False,STAD_AXIS_027,STAD_CV027,0.7704732633333333,0.9998976,,,0.0,0.0,0.0,5,IS1_publication_core_axis,D2_external_database_supported,C1_strong_same_cancer_prognosis,R1_strong_RCTD_SPOTlight_concordance,PPI1_strong_support,STAD_GSM7990473_GC1;STAD_GSM7990474_21_00731_LI_SING;STAD_GSM7990475_21_00732_LI_SING,PLAU;FOS,STAD||FIBROBLAST_CAF||QUERCETIN||PLAU||FOS||PLAU
S5_main_text_core_axes,STAD,8,Quercetin | PLAU/JUN,Quercetin,PLAU,JUN,PLAU,Fibroblast_CAF,0.7070092308116857,IS1_publication_core_axis,0.8162367726106996,0.7070092308116857,0.7665448788795638,0.8815972798421099,0.8158751301563165,0.6877235364986989,0.7362577392041131,0.9169697795720174,0.9999991642352488,moderate,3,2.0,main_figure_candidate_panel,Top integrated/HGNN/spatial-clinical evidence axis within cancer,Core axes selected for main-text interpretation,main_text_core_axis,8,7,False,STAD_AXIS_024,STAD_CV024,0.7702416226666666,0.9998943873333332,,,0.0,0.0,0.0,5,IS1_publication_core_axis,D2_external_database_supported,C1_strong_same_cancer_prognosis,R1_strong_RCTD_SPOTlight_concordance,PPI1_strong_support,STAD_GSM7990473_GC1;STAD_GSM7990474_21_00731_LI_SING;STAD_GSM7990475_21_00732_LI_SING,PLAU;JUN,STAD||FIBROBLAST_CAF||QUERCETIN||PLAU||JUN||PLAU
