cancer,dataset_id,sample_id,patient_id,site,cohort_role,include_main_patient_level,compound,target,tf,cell_context,n_spots_matrix,n_spots_rctd_aligned,n_markers_detected,target_detection_fraction,target_context_spearman,target_marker_spearman,permutation_p_two_sided,expression_matched_gene_p_two_sided,null_gene_median_spearman,null_gene_abs_spearman_q95,n_expression_matched_null_genes,rctd_source,selection_order,stage,histologic_subtype,permutation_fdr,expression_matched_gene_fdr,prespecified_direction,supports_prespecified_positive_direction,passes_both_two_sided_null_controls
STAD,GSE270678,STAD_GSM8349863_D02T1,D02,tumor_core,independent_additional_validation,True,Eriodyctiol,HSP90AB1,HOPX,Fibroblast,1618,1618,7,0.9752781211372065,-0.2463008869879779,-0.16173063368385127,0.000999000999000999,0.4036697247706422,-0.00857703105622867,0.5401839884171871,108,source_record/rctd_weights.csv.gz,1,Stage III,Indeterminate,0.001998001998001998,0.878048780487805,positive,False,False
STAD,GSE270678,STAD_GSM8349865_D03T2,D03,tumor_in_between,independent_additional_validation,True,Eriodyctiol,HSP90AB1,HOPX,Fibroblast,2303,2303,7,0.8844984802431611,-0.2120581508687743,-0.13926373898018993,0.000999000999000999,0.29838709677419356,0.05126800482082592,0.4433990564385885,123,source_record/rctd_weights.csv.gz,2,Stage III,Intestinal,0.001998001998001998,0.878048780487805,positive,False,False
STAD,GSE270678,STAD_GSM8349867_D07T2,D07,tumor_in_between,independent_additional_validation,True,Eriodyctiol,HSP90AB1,HOPX,Fibroblast,1753,1750,7,0.3497142857142857,0.00019382598110966826,0.16871696067251893,0.987012987012987,0.9901960784313726,-0.009031685223235532,0.09634971148075135,101,source_record/rctd_weights.csv.gz,3,Stage III,Indeterminate,0.9870129870129871,0.9901960784313726,positive,True,False
STAD,GSE270678,STAD_GSM8349868_D09T2,D09,tumor_in_between,independent_additional_validation,True,Eriodyctiol,HSP90AB1,HOPX,Fibroblast,1189,1189,7,0.7594617325483599,-0.010808747396262813,-0.006010333425648801,0.7072927072927073,0.8869565217391304,-0.035275186105248435,0.35150219670520166,114,source_record/rctd_weights.csv.gz,4,Stage III,Indeterminate,0.9870129870129871,0.9901960784313726,positive,False,False
STAD,GSE270678,STAD_GSM8349870_D10T2,D10,tumor_in_between,independent_additional_validation,True,Eriodyctiol,HSP90AB1,HOPX,Fibroblast,2515,2515,7,0.8664015904572565,-0.1259979471990247,-0.09014114728847608,0.000999000999000999,0.5459770114942529,-0.09395493762564631,0.3954492751878589,173,source_record/rctd_weights.csv.gz,5,Stage III,Intestinal,0.001998001998001998,0.9099616858237548,positive,False,False
STAD,GSE270678,STAD_GSM8349871_D11T1,D11,tumor_core,independent_additional_validation,True,Eriodyctiol,HSP90AB1,HOPX,Fibroblast,1734,1734,7,0.6931949250288351,-0.06896350356807729,-0.020554275663785496,0.004995004995004995,0.26785714285714285,-0.018032332939806273,0.15875769579402282,111,source_record/rctd_weights.csv.gz,6,Stage III,Indeterminate,0.008325008325008326,0.878048780487805,positive,False,False
STAD,GSE270678,STAD_GSM8349873_D12T1,D12,tumor_core,independent_additional_validation,True,Eriodyctiol,HSP90AB1,HOPX,Fibroblast,1878,1876,7,0.31343283582089554,-0.0009886566311143043,0.14946188762878845,0.967032967032967,0.9691358024691358,0.014336158869652352,0.11945425155351683,161,source_record/rctd_weights.csv.gz,7,Stage II,Diffuse,0.9870129870129871,0.9901960784313726,positive,False,False
STAD,GSE270678,STAD_GSM8349875_D15T2,D15,tumor_in_between,independent_additional_validation,True,Eriodyctiol,HSP90AB1,HOPX,Fibroblast,2213,2213,7,0.7871667419792138,0.003147202324047819,0.04481013518842846,0.8861138861138861,0.9327731092436975,-0.002402488372946063,0.15168646892534515,118,source_record/rctd_weights.csv.gz,8,Stage III,Indeterminate,0.9870129870129871,0.9901960784313726,positive,True,False
STAD,GSE270678,STAD_GSM8349877_D16T1,D16,tumor_core,independent_additional_validation,True,Eriodyctiol,HSP90AB1,HOPX,Fibroblast,1358,1358,7,0.9690721649484536,-0.3706392911663535,-0.3676133971972659,0.000999000999000999,0.25,-0.15943298605110443,0.6809043433203512,123,source_record/rctd_weights.csv.gz,9,Stage III,Diffuse,0.001998001998001998,0.878048780487805,positive,False,False
STAD,GSE270678,STAD_GSM8349879_D18T2,D18,tumor_in_between,independent_additional_validation,True,Eriodyctiol,HSP90AB1,HOPX,Fibroblast,3164,3164,7,0.8922250316055625,0.11284153107575035,0.09289290164812691,0.000999000999000999,0.43902439024390244,0.07172133073896705,0.35603035434853175,122,source_record/rctd_weights.csv.gz,10,Stage III,Diffuse,0.001998001998001998,0.878048780487805,positive,True,False
