cancer,dataset_id,sample_id,patient_id,site,cohort_role,include_main_patient_level,compound,target,tf,cell_context,n_spots_matrix,n_spots_rctd_aligned,n_markers_detected,target_detection_fraction,target_context_spearman,target_marker_spearman,permutation_p_two_sided,expression_matched_gene_p_two_sided,null_gene_median_spearman,null_gene_abs_spearman_q95,n_expression_matched_null_genes,rctd_source,permutation_fdr,expression_matched_gene_fdr,association_direction,passes_two_sided_spatial_nulls,cancer_majority_direction,concordant_with_cancer_direction,selection_order,stage,histologic_subtype,prespecified_direction,supports_prespecified_positive_direction,passes_both_two_sided_null_controls
STAD,GSE251950,STAD_GSM7990473_GC1,GC1,primary,original_discovery,True,Eriodyctiol,HSP90AB1,HOPX,Fibroblast,3572,3567,7,0.4393047378749649,0.0826989290138439,0.2711551199587705,0.0009990009990009,0.5447761194029851,0.0871890236183571,0.235121361442835,133,source_record/rctd_weights.csv.gz,0.0014271442842871,0.8395061728395061,positive,False,positive,True,,,,,,
STAD,GSE251950,STAD_GSM7990474_21_00731_LI_SING,GC2,primary,original_discovery,True,Eriodyctiol,HSP90AB1,HOPX,Fibroblast,4265,4265,7,0.9927315357561548,-0.3755161822321441,-0.2285167988774943,0.0009990009990009,0.1125827814569536,-0.140622118887868,0.4433602199899909,150,source_record/rctd_weights.csv.gz,0.0014271442842871,0.8395061728395061,negative,False,positive,False,,,,,,
STAD,GSE251950,STAD_GSM7990475_21_00732_LI_SING,GC3,primary,original_discovery,True,Eriodyctiol,HSP90AB1,HOPX,Fibroblast,3043,3043,7,0.9349326322707854,0.3834881338187243,0.0068354531176406,0.0009990009990009,0.1782178217821782,0.1895833638866019,0.5359536467610846,100,source_record/rctd_weights.csv.gz,0.0014271442842871,0.8395061728395061,positive,False,positive,True,,,,,,
STAD,GSE251950,STAD_GSM7990476_21_00733_LI_SING,GC4,primary,within_cohort_expansion,True,Eriodyctiol,HSP90AB1,HOPX,Fibroblast,4244,4244,7,0.942507068803016,-0.1843648358748423,-0.0770805221397084,0.0009990009990009,0.35,-0.0650947849207201,0.5195901292737296,199,source_record/rctd_weights.csv.gz,0.0014271442842871,0.8395061728395061,negative,False,positive,False,,,,,,
STAD,GSE251950,STAD_GSM7990477_21_00734_LI_SING,GC5,primary,within_cohort_expansion,True,Eriodyctiol,HSP90AB1,HOPX,Fibroblast,3577,3577,7,0.9840648588202404,0.2120488057481028,-0.2435624361728781,0.0009990009990009,0.4227642276422764,0.155143652819811,0.3585288523396377,122,source_record/rctd_weights.csv.gz,0.0014271442842871,0.8395061728395061,positive,False,positive,True,,,,,,
STAD,GSE251950,STAD_GSM7990478_21_01251_LI_SING,GC6,primary,within_cohort_expansion,True,Eriodyctiol,HSP90AB1,HOPX,Fibroblast,2425,2425,7,0.9550515463917526,-0.0220315240290021,-0.007385934313581,0.2967032967032967,0.8867924528301887,0.1236541053100599,0.3581002058278324,105,source_record/rctd_weights.csv.gz,0.3296703296703296,0.8867924528301888,negative,False,positive,False,,,,,,
STAD,GSE251950,STAD_GSM7990480_21_01253_LI_SING,GC7,primary,within_cohort_expansion,True,Eriodyctiol,HSP90AB1,HOPX,Fibroblast,1882,1882,7,0.9187035069075452,0.0623827850862982,-0.0272313761863655,0.0039960039960039,0.6936936936936937,0.001807040389386,0.3090176004276648,110,source_record/rctd_weights.csv.gz,0.0049950049950049,0.8395061728395061,positive,False,positive,True,,,,,,
STAD,GSE251950,STAD_GSM7990481_21_01254_LI_SING,GC8,primary,within_cohort_expansion,True,Eriodyctiol,HSP90AB1,HOPX,Fibroblast,3032,3032,7,0.612467018469657,0.09886511172449,0.1439399621319938,0.0009990009990009,0.4078947368421052,0.0723315834318694,0.1761357900869127,151,source_record/rctd_weights.csv.gz,0.0014271442842871,0.8395061728395061,positive,False,positive,True,,,,,,
STAD,GSE251950,STAD_GSM7990482_21_01675_LI_SING,GC9,primary,within_cohort_expansion,True,Eriodyctiol,HSP90AB1,HOPX,Fibroblast,3489,3489,7,0.9036973344797936,0.0962629206311952,0.0911258301257911,0.0009990009990009,0.651685393258427,0.0395007397757436,0.5141496670161383,177,source_record/rctd_weights.csv.gz,0.0014271442842871,0.8395061728395061,positive,False,positive,True,,,,,,
STAD,GSE270678,STAD_GSM8349861_D01T2,D01,tumor_in_between,independent_external,True,Eriodyctiol,HSP90AB1,HOPX,Fibroblast,1446,1446,7,0.6825726141078838,-0.0170526229716807,0.0700195690347925,0.5134865134865135,0.7555555555555555,-0.0025201206477224,0.1205285180016599,134,source_record/rctd_weights.csv.gz,0.5134865134865135,0.8395061728395061,negative,False,positive,False,,,,,,
STAD,GSE270678,STAD_GSM8349863_D02T1,D02,tumor_core,independent_additional_validation,True,Eriodyctiol,HSP90AB1,HOPX,Fibroblast,1618,1618,7,0.9752781211372065,-0.2463008869879779,-0.16173063368385127,0.000999000999000999,0.4036697247706422,-0.00857703105622867,0.5401839884171871,108,source_record/rctd_weights.csv.gz,0.001998001998001998,0.878048780487805,,,,,1.0,Stage III,Indeterminate,positive,False,False
STAD,GSE270678,STAD_GSM8349865_D03T2,D03,tumor_in_between,independent_additional_validation,True,Eriodyctiol,HSP90AB1,HOPX,Fibroblast,2303,2303,7,0.8844984802431611,-0.2120581508687743,-0.13926373898018993,0.000999000999000999,0.29838709677419356,0.05126800482082592,0.4433990564385885,123,source_record/rctd_weights.csv.gz,0.001998001998001998,0.878048780487805,,,,,2.0,Stage III,Intestinal,positive,False,False
STAD,GSE270678,STAD_GSM8349867_D07T2,D07,tumor_in_between,independent_additional_validation,True,Eriodyctiol,HSP90AB1,HOPX,Fibroblast,1753,1750,7,0.3497142857142857,0.00019382598110966826,0.16871696067251893,0.987012987012987,0.9901960784313726,-0.009031685223235532,0.09634971148075135,101,source_record/rctd_weights.csv.gz,0.9870129870129871,0.9901960784313726,,,,,3.0,Stage III,Indeterminate,positive,True,False
STAD,GSE270678,STAD_GSM8349868_D09T2,D09,tumor_in_between,independent_additional_validation,True,Eriodyctiol,HSP90AB1,HOPX,Fibroblast,1189,1189,7,0.7594617325483599,-0.010808747396262813,-0.006010333425648801,0.7072927072927073,0.8869565217391304,-0.035275186105248435,0.35150219670520166,114,source_record/rctd_weights.csv.gz,0.9870129870129871,0.9901960784313726,,,,,4.0,Stage III,Indeterminate,positive,False,False
STAD,GSE270678,STAD_GSM8349870_D10T2,D10,tumor_in_between,independent_additional_validation,True,Eriodyctiol,HSP90AB1,HOPX,Fibroblast,2515,2515,7,0.8664015904572565,-0.1259979471990247,-0.09014114728847608,0.000999000999000999,0.5459770114942529,-0.09395493762564631,0.3954492751878589,173,source_record/rctd_weights.csv.gz,0.001998001998001998,0.9099616858237548,,,,,5.0,Stage III,Intestinal,positive,False,False
STAD,GSE270678,STAD_GSM8349871_D11T1,D11,tumor_core,independent_additional_validation,True,Eriodyctiol,HSP90AB1,HOPX,Fibroblast,1734,1734,7,0.6931949250288351,-0.06896350356807729,-0.020554275663785496,0.004995004995004995,0.26785714285714285,-0.018032332939806273,0.15875769579402282,111,source_record/rctd_weights.csv.gz,0.008325008325008326,0.878048780487805,,,,,6.0,Stage III,Indeterminate,positive,False,False
STAD,GSE270678,STAD_GSM8349873_D12T1,D12,tumor_core,independent_additional_validation,True,Eriodyctiol,HSP90AB1,HOPX,Fibroblast,1878,1876,7,0.31343283582089554,-0.0009886566311143043,0.14946188762878845,0.967032967032967,0.9691358024691358,0.014336158869652352,0.11945425155351683,161,source_record/rctd_weights.csv.gz,0.9870129870129871,0.9901960784313726,,,,,7.0,Stage II,Diffuse,positive,False,False
STAD,GSE270678,STAD_GSM8349875_D15T2,D15,tumor_in_between,independent_additional_validation,True,Eriodyctiol,HSP90AB1,HOPX,Fibroblast,2213,2213,7,0.7871667419792138,0.003147202324047819,0.04481013518842846,0.8861138861138861,0.9327731092436975,-0.002402488372946063,0.15168646892534515,118,source_record/rctd_weights.csv.gz,0.9870129870129871,0.9901960784313726,,,,,8.0,Stage III,Indeterminate,positive,True,False
STAD,GSE270678,STAD_GSM8349877_D16T1,D16,tumor_core,independent_additional_validation,True,Eriodyctiol,HSP90AB1,HOPX,Fibroblast,1358,1358,7,0.9690721649484536,-0.3706392911663535,-0.3676133971972659,0.000999000999000999,0.25,-0.15943298605110443,0.6809043433203512,123,source_record/rctd_weights.csv.gz,0.001998001998001998,0.878048780487805,,,,,9.0,Stage III,Diffuse,positive,False,False
STAD,GSE270678,STAD_GSM8349879_D18T2,D18,tumor_in_between,independent_additional_validation,True,Eriodyctiol,HSP90AB1,HOPX,Fibroblast,3164,3164,7,0.8922250316055625,0.11284153107575035,0.09289290164812691,0.000999000999000999,0.43902439024390244,0.07172133073896705,0.35603035434853175,122,source_record/rctd_weights.csv.gz,0.001998001998001998,0.878048780487805,,,,,10.0,Stage III,Diffuse,positive,True,False
