display_order,cancer,dataset_id,sample_id,patient_id,site,cohort_role,include_main_patient_level,compound,target,tf,cell_context,n_spots_matrix,n_spots_rctd_aligned,n_markers_detected,target_detection_fraction,target_context_spearman,target_marker_spearman,permutation_p_two_sided,expression_matched_gene_p_two_sided,null_gene_median_spearman,null_gene_abs_spearman_q95,n_expression_matched_null_genes,rctd_source,permutation_fdr,expression_matched_gene_fdr,association_direction,passes_two_sided_spatial_nulls,cancer_majority_direction,concordant_with_cancer_direction,selection_order,stage,histologic_subtype,prespecified_direction,supports_prespecified_positive_direction,passes_both_two_sided_null_controls,display_selection_basis,analysis_role,eligible_for_directional_inference
1,STAD,GSE251950,STAD_GSM7990475_21_00732_LI_SING,GC3,primary,original_discovery,True,Eriodyctiol,HSP90AB1,HOPX,Fibroblast,3043,3043,7,0.9349326322707854,0.3834881338187243,0.0068354531176406,0.0009990009990009,0.1782178217821782,0.1895833638866019,0.5359536467610846,100,source_record/rctd_weights.csv.gz,0.0014271442842871,0.8395061728395061,positive,False,positive,True,,,,,,,positive direction in complete 20-section analysis,post-hoc representative spatial gallery only,False
2,STAD,GSE251950,STAD_GSM7990477_21_00734_LI_SING,GC5,primary,within_cohort_expansion,True,Eriodyctiol,HSP90AB1,HOPX,Fibroblast,3577,3577,7,0.9840648588202404,0.2120488057481028,-0.2435624361728781,0.0009990009990009,0.4227642276422764,0.155143652819811,0.3585288523396377,122,source_record/rctd_weights.csv.gz,0.0014271442842871,0.8395061728395061,positive,False,positive,True,,,,,,,positive direction in complete 20-section analysis,post-hoc representative spatial gallery only,False
3,STAD,GSE270678,STAD_GSM8349879_D18T2,D18,tumor_in_between,independent_additional_validation,True,Eriodyctiol,HSP90AB1,HOPX,Fibroblast,3164,3164,7,0.8922250316055625,0.1128415310757503,0.0928929016481269,0.0009990009990009,0.4390243902439024,0.071721330738967,0.3560303543485317,122,source_record/rctd_weights.csv.gz,0.0019980019980019,0.878048780487805,,,,,10.0,Stage III,Diffuse,positive,True,False,positive direction in complete 20-section analysis,post-hoc representative spatial gallery only,False
4,STAD,GSE251950,STAD_GSM7990481_21_01254_LI_SING,GC8,primary,within_cohort_expansion,True,Eriodyctiol,HSP90AB1,HOPX,Fibroblast,3032,3032,7,0.612467018469657,0.09886511172449,0.1439399621319938,0.0009990009990009,0.4078947368421052,0.0723315834318694,0.1761357900869127,151,source_record/rctd_weights.csv.gz,0.0014271442842871,0.8395061728395061,positive,False,positive,True,,,,,,,positive direction in complete 20-section analysis,post-hoc representative spatial gallery only,False
5,STAD,GSE251950,STAD_GSM7990482_21_01675_LI_SING,GC9,primary,within_cohort_expansion,True,Eriodyctiol,HSP90AB1,HOPX,Fibroblast,3489,3489,7,0.9036973344797936,0.0962629206311952,0.0911258301257911,0.0009990009990009,0.651685393258427,0.0395007397757436,0.5141496670161383,177,source_record/rctd_weights.csv.gz,0.0014271442842871,0.8395061728395061,positive,False,positive,True,,,,,,,positive direction in complete 20-section analysis,post-hoc representative spatial gallery only,False
6,STAD,GSE251950,STAD_GSM7990473_GC1,GC1,primary,original_discovery,True,Eriodyctiol,HSP90AB1,HOPX,Fibroblast,3572,3567,7,0.4393047378749649,0.0826989290138439,0.2711551199587705,0.0009990009990009,0.5447761194029851,0.0871890236183571,0.235121361442835,133,source_record/rctd_weights.csv.gz,0.0014271442842871,0.8395061728395061,positive,False,positive,True,,,,,,,positive direction in complete 20-section analysis,post-hoc representative spatial gallery only,False
7,STAD,GSE251950,STAD_GSM7990480_21_01253_LI_SING,GC7,primary,within_cohort_expansion,True,Eriodyctiol,HSP90AB1,HOPX,Fibroblast,1882,1882,7,0.9187035069075452,0.0623827850862982,-0.0272313761863655,0.0039960039960039,0.6936936936936937,0.001807040389386,0.3090176004276648,110,source_record/rctd_weights.csv.gz,0.0049950049950049,0.8395061728395061,positive,False,positive,True,,,,,,,positive direction in complete 20-section analysis,post-hoc representative spatial gallery only,False
8,STAD,GSE270678,STAD_GSM8349875_D15T2,D15,tumor_in_between,independent_additional_validation,True,Eriodyctiol,HSP90AB1,HOPX,Fibroblast,2213,2213,7,0.7871667419792138,0.0031472023240478,0.0448101351884284,0.8861138861138861,0.9327731092436976,-0.002402488372946,0.1516864689253451,118,source_record/rctd_weights.csv.gz,0.9870129870129872,0.9901960784313726,,,,,8.0,Stage III,Indeterminate,positive,True,False,positive direction in complete 20-section analysis,post-hoc representative spatial gallery only,False
9,STAD,GSE270678,STAD_GSM8349867_D07T2,D07,tumor_in_between,independent_additional_validation,True,Eriodyctiol,HSP90AB1,HOPX,Fibroblast,1753,1750,7,0.3497142857142857,0.0001938259811096,0.1687169606725189,0.987012987012987,0.9901960784313726,-0.0090316852232355,0.0963497114807513,101,source_record/rctd_weights.csv.gz,0.9870129870129872,0.9901960784313726,,,,,3.0,Stage III,Indeterminate,positive,True,False,positive direction in complete 20-section analysis,post-hoc representative spatial gallery only,False
10,STAD,GSE270678,STAD_GSM8349873_D12T1,D12,tumor_core,independent_additional_validation,True,Eriodyctiol,HSP90AB1,HOPX,Fibroblast,1878,1876,7,0.3134328358208955,-0.0009886566311143,0.1494618876287884,0.967032967032967,0.9691358024691358,0.0143361588696523,0.1194542515535168,161,source_record/rctd_weights.csv.gz,0.9870129870129872,0.9901960784313726,,,,,7.0,Stage II,Diffuse,positive,False,False,closest-to-zero non-positive section used as tenth display panel,post-hoc representative spatial gallery only,False
