cancer,dataset_id,sample_id,patient_id,site,cohort_role,include_main_patient_level,compound,target,tf,cell_context,n_spots_matrix,n_spots_rctd_aligned,n_markers_detected,target_detection_fraction,target_context_spearman,target_marker_spearman,permutation_p_two_sided,expression_matched_gene_p_two_sided,null_gene_median_spearman,null_gene_abs_spearman_q95,n_expression_matched_null_genes,rctd_source,selection_order,stage,histologic_subtype,fixed_before_directional_test,permutation_fdr,expression_matched_gene_fdr,association_direction,passes_both_two_sided_null_controls
STAD,GSE270678,STAD_GSM8349880_D20T1,D20,tumor_core,remaining_independent_donor_validation,True,Eriodyctiol,HSP90AB1,HOPX,Fibroblast,1020,1017,7,0.3166175024582104,0.0035885371720690666,0.05360627000801803,0.8971028971028971,0.9479768786127167,0.028210657174246184,0.2358389174246193,172,source_record/rctd_weights.csv.gz,1,Stage III,Diffuse,True,0.8971028971028971,0.9617834394904459,positive,False
STAD,GSE270678,STAD_GSM8349882_D21T2,D21,tumor_in_between,remaining_independent_donor_validation,True,Eriodyctiol,HSP90AB1,HOPX,Fibroblast,1948,1948,7,0.8095482546201233,-0.005077742271146487,0.05942616977877314,0.8261738261738262,0.9617834394904459,-0.045902056746987704,0.19721060223670822,156,source_record/rctd_weights.csv.gz,2,Stage III,Indeterminate,True,0.8971028971028971,0.9617834394904459,negative,False
STAD,GSE270678,STAD_GSM8349884_D22T2,D22,tumor_in_between,remaining_independent_donor_validation,True,Eriodyctiol,HSP90AB1,HOPX,Fibroblast,1589,1589,7,0.6016362492133417,-0.06984537873428777,0.07357087476680048,0.007992007992007992,0.16822429906542055,-0.0034669760510944196,0.09510304457186829,106,source_record/rctd_weights.csv.gz,3,Stage I,Diffuse,True,0.01198801198801199,0.5322580645161291,negative,False
STAD,GSE270678,STAD_GSM8349885_D23T2,D23,tumor_in_between,remaining_independent_donor_validation,True,Eriodyctiol,HSP90AB1,HOPX,Fibroblast,1783,1783,7,0.96578799775659,-0.10411142404320466,-0.11695219715071764,0.000999000999000999,0.3395061728395062,-0.053504233970388906,0.26238810185369915,161,source_record/rctd_weights.csv.gz,4,Stage II,Intestinal,True,0.002247752247752248,0.6111111111111112,negative,False
STAD,GSE270678,STAD_GSM8349886_D24T2,D24,tumor_in_between,remaining_independent_donor_validation,True,Eriodyctiol,HSP90AB1,HOPX,Fibroblast,3557,3557,7,0.9969075063255552,-0.15436924347174644,-0.1352580442147905,0.000999000999000999,0.1774193548387097,-0.03623827955924652,0.2526848648397729,123,source_record/rctd_weights.csv.gz,5,Stage II,Intestinal,True,0.002247752247752248,0.5322580645161291,negative,False
STAD,GSE270678,STAD_GSM8349888_D26T1,D26,tumor_core,remaining_independent_donor_validation,True,Eriodyctiol,HSP90AB1,HOPX,Fibroblast,3453,3453,7,0.6889661164205039,-0.3419320032301316,-0.12164609727330535,0.000999000999000999,0.06930693069306931,-0.15388071721361407,0.37611350197579246,100,source_record/rctd_weights.csv.gz,6,Stage II,Intestinal,True,0.002247752247752248,0.5322580645161291,negative,False
STAD,GSE270678,STAD_GSM8349891_D27T1,D27,tumor_core,remaining_independent_donor_validation,True,Eriodyctiol,HSP90AB1,HOPX,Fibroblast,1361,1361,7,0.9000734753857458,-0.11494560956032068,-0.059187901531131085,0.000999000999000999,0.5891472868217055,-0.1061247408551588,0.4516081117509136,128,source_record/rctd_weights.csv.gz,7,Stage II,Intestinal,True,0.002247752247752248,0.8571428571428571,negative,False
STAD,GSE270678,STAD_GSM8349893_D28T2,D28,tumor_in_between,remaining_independent_donor_validation,True,Eriodyctiol,HSP90AB1,HOPX,Fibroblast,2016,2015,7,0.47543424317617866,0.0319402589738239,0.2049192757059067,0.14885114885114886,0.6666666666666666,0.04121883711585961,0.22564898145622544,107,source_record/rctd_weights.csv.gz,8,Stage II,Indeterminate,True,0.19138004852290566,0.8571428571428571,positive,False
STAD,GSE270678,STAD_GSM8349931_D30T1_1,D30,tumor_core,remaining_independent_donor_validation,True,Eriodyctiol,HSP90AB1,HOPX,Fibroblast,1923,1877,7,0.16462440063931805,0.07042031327483471,0.19216560285187678,0.002997002997002997,0.25,0.03107415961338719,0.16778623172430523,119,source_record/rctd_weights.csv.gz,9,Stage III,Diffuse,True,0.005394605394605395,0.5625,positive,False
