cancer,dataset_id,sample_id,patient_id,site,cohort_role,include_main_patient_level,compound,target,tf,cell_context,n_spots_matrix,n_spots_rctd_aligned,n_markers_detected,target_detection_fraction,target_context_spearman,target_marker_spearman,permutation_p_two_sided,expression_matched_gene_p_two_sided,null_gene_median_spearman,null_gene_abs_spearman_q95,n_expression_matched_null_genes,rctd_source,permutation_fdr,expression_matched_gene_fdr,association_direction,passes_two_sided_spatial_nulls,cancer_majority_direction,concordant_with_cancer_direction,selection_order,stage,histologic_subtype,prespecified_direction,supports_prespecified_positive_direction,passes_both_two_sided_null_controls,fixed_before_directional_test
STAD,GSE270678,STAD_GSM8349861_D01T2,D01,tumor_in_between,independent_external,True,Eriodyctiol,HSP90AB1,HOPX,Fibroblast,1446,1446,7,0.6825726141078838,-0.0170526229716807,0.0700195690347925,0.5134865134865135,0.7555555555555555,-0.0025201206477224,0.1205285180016599,134,source_record/rctd_weights.csv.gz,0.5134865134865135,0.8395061728395061,negative,False,positive,False,,,,,,,
STAD,GSE270678,STAD_GSM8349863_D02T1,D02,tumor_core,independent_additional_validation,True,Eriodyctiol,HSP90AB1,HOPX,Fibroblast,1618,1618,7,0.9752781211372064,-0.2463008869879779,-0.1617306336838512,0.0009990009990009,0.4036697247706422,-0.0085770310562286,0.5401839884171871,108,source_record/rctd_weights.csv.gz,0.0019980019980019,0.878048780487805,,,,,1.0,Stage III,Indeterminate,positive,False,False,
STAD,GSE270678,STAD_GSM8349865_D03T2,D03,tumor_in_between,independent_additional_validation,True,Eriodyctiol,HSP90AB1,HOPX,Fibroblast,2303,2303,7,0.8844984802431611,-0.2120581508687743,-0.1392637389801899,0.0009990009990009,0.2983870967741935,0.0512680048208259,0.4433990564385885,123,source_record/rctd_weights.csv.gz,0.0019980019980019,0.878048780487805,,,,,2.0,Stage III,Intestinal,positive,False,False,
STAD,GSE270678,STAD_GSM8349867_D07T2,D07,tumor_in_between,independent_additional_validation,True,Eriodyctiol,HSP90AB1,HOPX,Fibroblast,1753,1750,7,0.3497142857142857,0.0001938259811096,0.1687169606725189,0.987012987012987,0.9901960784313726,-0.0090316852232355,0.0963497114807513,101,source_record/rctd_weights.csv.gz,0.9870129870129872,0.9901960784313726,,,,,3.0,Stage III,Indeterminate,positive,True,False,
STAD,GSE270678,STAD_GSM8349868_D09T2,D09,tumor_in_between,independent_additional_validation,True,Eriodyctiol,HSP90AB1,HOPX,Fibroblast,1189,1189,7,0.7594617325483599,-0.0108087473962628,-0.0060103334256488,0.7072927072927073,0.8869565217391304,-0.0352751861052484,0.3515021967052016,114,source_record/rctd_weights.csv.gz,0.9870129870129872,0.9901960784313726,,,,,4.0,Stage III,Indeterminate,positive,False,False,
STAD,GSE270678,STAD_GSM8349870_D10T2,D10,tumor_in_between,independent_additional_validation,True,Eriodyctiol,HSP90AB1,HOPX,Fibroblast,2515,2515,7,0.8664015904572565,-0.1259979471990247,-0.090141147288476,0.0009990009990009,0.5459770114942529,-0.0939549376256463,0.3954492751878589,173,source_record/rctd_weights.csv.gz,0.0019980019980019,0.9099616858237548,,,,,5.0,Stage III,Intestinal,positive,False,False,
STAD,GSE270678,STAD_GSM8349871_D11T1,D11,tumor_core,independent_additional_validation,True,Eriodyctiol,HSP90AB1,HOPX,Fibroblast,1734,1734,7,0.6931949250288351,-0.0689635035680772,-0.0205542756637854,0.0049950049950049,0.2678571428571428,-0.0180323329398062,0.1587576957940228,111,source_record/rctd_weights.csv.gz,0.0083250083250083,0.878048780487805,,,,,6.0,Stage III,Indeterminate,positive,False,False,
STAD,GSE270678,STAD_GSM8349873_D12T1,D12,tumor_core,independent_additional_validation,True,Eriodyctiol,HSP90AB1,HOPX,Fibroblast,1878,1876,7,0.3134328358208955,-0.0009886566311143,0.1494618876287884,0.967032967032967,0.9691358024691358,0.0143361588696523,0.1194542515535168,161,source_record/rctd_weights.csv.gz,0.9870129870129872,0.9901960784313726,,,,,7.0,Stage II,Diffuse,positive,False,False,
STAD,GSE270678,STAD_GSM8349875_D15T2,D15,tumor_in_between,independent_additional_validation,True,Eriodyctiol,HSP90AB1,HOPX,Fibroblast,2213,2213,7,0.7871667419792138,0.0031472023240478,0.0448101351884284,0.8861138861138861,0.9327731092436976,-0.002402488372946,0.1516864689253451,118,source_record/rctd_weights.csv.gz,0.9870129870129872,0.9901960784313726,,,,,8.0,Stage III,Indeterminate,positive,True,False,
STAD,GSE270678,STAD_GSM8349877_D16T1,D16,tumor_core,independent_additional_validation,True,Eriodyctiol,HSP90AB1,HOPX,Fibroblast,1358,1358,7,0.9690721649484536,-0.3706392911663535,-0.3676133971972659,0.0009990009990009,0.25,-0.1594329860511044,0.6809043433203512,123,source_record/rctd_weights.csv.gz,0.0019980019980019,0.878048780487805,,,,,9.0,Stage III,Diffuse,positive,False,False,
STAD,GSE270678,STAD_GSM8349879_D18T2,D18,tumor_in_between,independent_additional_validation,True,Eriodyctiol,HSP90AB1,HOPX,Fibroblast,3164,3164,7,0.8922250316055625,0.1128415310757503,0.0928929016481269,0.0009990009990009,0.4390243902439024,0.071721330738967,0.3560303543485317,122,source_record/rctd_weights.csv.gz,0.0019980019980019,0.878048780487805,,,,,10.0,Stage III,Diffuse,positive,True,False,
STAD,GSE270678,STAD_GSM8349880_D20T1,D20,tumor_core,remaining_independent_donor_validation,True,Eriodyctiol,HSP90AB1,HOPX,Fibroblast,1020,1017,7,0.3166175024582104,0.0035885371720690666,0.05360627000801803,0.8971028971028971,0.9479768786127167,0.028210657174246184,0.2358389174246193,172,source_record/rctd_weights.csv.gz,0.8971028971028971,0.9617834394904459,positive,,,,1.0,Stage III,Diffuse,,,False,True
STAD,GSE270678,STAD_GSM8349882_D21T2,D21,tumor_in_between,remaining_independent_donor_validation,True,Eriodyctiol,HSP90AB1,HOPX,Fibroblast,1948,1948,7,0.8095482546201233,-0.005077742271146487,0.05942616977877314,0.8261738261738262,0.9617834394904459,-0.045902056746987704,0.19721060223670822,156,source_record/rctd_weights.csv.gz,0.8971028971028971,0.9617834394904459,negative,,,,2.0,Stage III,Indeterminate,,,False,True
STAD,GSE270678,STAD_GSM8349884_D22T2,D22,tumor_in_between,remaining_independent_donor_validation,True,Eriodyctiol,HSP90AB1,HOPX,Fibroblast,1589,1589,7,0.6016362492133417,-0.06984537873428777,0.07357087476680048,0.007992007992007992,0.16822429906542055,-0.0034669760510944196,0.09510304457186829,106,source_record/rctd_weights.csv.gz,0.01198801198801199,0.5322580645161291,negative,,,,3.0,Stage I,Diffuse,,,False,True
STAD,GSE270678,STAD_GSM8349885_D23T2,D23,tumor_in_between,remaining_independent_donor_validation,True,Eriodyctiol,HSP90AB1,HOPX,Fibroblast,1783,1783,7,0.96578799775659,-0.10411142404320466,-0.11695219715071764,0.000999000999000999,0.3395061728395062,-0.053504233970388906,0.26238810185369915,161,source_record/rctd_weights.csv.gz,0.002247752247752248,0.6111111111111112,negative,,,,4.0,Stage II,Intestinal,,,False,True
STAD,GSE270678,STAD_GSM8349886_D24T2,D24,tumor_in_between,remaining_independent_donor_validation,True,Eriodyctiol,HSP90AB1,HOPX,Fibroblast,3557,3557,7,0.9969075063255552,-0.15436924347174644,-0.1352580442147905,0.000999000999000999,0.1774193548387097,-0.03623827955924652,0.2526848648397729,123,source_record/rctd_weights.csv.gz,0.002247752247752248,0.5322580645161291,negative,,,,5.0,Stage II,Intestinal,,,False,True
STAD,GSE270678,STAD_GSM8349888_D26T1,D26,tumor_core,remaining_independent_donor_validation,True,Eriodyctiol,HSP90AB1,HOPX,Fibroblast,3453,3453,7,0.6889661164205039,-0.3419320032301316,-0.12164609727330535,0.000999000999000999,0.06930693069306931,-0.15388071721361407,0.37611350197579246,100,source_record/rctd_weights.csv.gz,0.002247752247752248,0.5322580645161291,negative,,,,6.0,Stage II,Intestinal,,,False,True
STAD,GSE270678,STAD_GSM8349891_D27T1,D27,tumor_core,remaining_independent_donor_validation,True,Eriodyctiol,HSP90AB1,HOPX,Fibroblast,1361,1361,7,0.9000734753857458,-0.11494560956032068,-0.059187901531131085,0.000999000999000999,0.5891472868217055,-0.1061247408551588,0.4516081117509136,128,source_record/rctd_weights.csv.gz,0.002247752247752248,0.8571428571428571,negative,,,,7.0,Stage II,Intestinal,,,False,True
STAD,GSE270678,STAD_GSM8349893_D28T2,D28,tumor_in_between,remaining_independent_donor_validation,True,Eriodyctiol,HSP90AB1,HOPX,Fibroblast,2016,2015,7,0.47543424317617866,0.0319402589738239,0.2049192757059067,0.14885114885114886,0.6666666666666666,0.04121883711585961,0.22564898145622544,107,source_record/rctd_weights.csv.gz,0.19138004852290566,0.8571428571428571,positive,,,,8.0,Stage II,Indeterminate,,,False,True
STAD,GSE270678,STAD_GSM8349931_D30T1_1,D30,tumor_core,remaining_independent_donor_validation,True,Eriodyctiol,HSP90AB1,HOPX,Fibroblast,1923,1877,7,0.16462440063931805,0.07042031327483471,0.19216560285187678,0.002997002997002997,0.25,0.03107415961338719,0.16778623172430523,119,source_record/rctd_weights.csv.gz,0.005394605394605395,0.5625,positive,,,,9.0,Stage III,Diffuse,,,False,True
