final_manuscript_role,freeze_rank_within_cancer,score_rank_within_cancer,spatial_recurrence_forced_into_main,cancer,frozen_axis_id,candidate_axis_id,compound_representative_name,target_gene_symbol,tf_gene_symbol,regulon_target_gene_symbol,dominant_spatial_celltype,axis_display_label,main_axis_freeze_score,integrated_axis_score_with_ppi_msi,predicted_soft_score,prob_high_positive,integrated_spatial_recurrence_score,three_sample_class,median_fixed_abs_spearman,rctd_spotlight_consistency_score,same_cancer_clinical_prognosis_score,drug_evidence_score,single_cell_regulatory_score,ppi_msi_local_support_score,lincs_cmap_combined_support_score,depmap_axis_support_score,non_broad_cancer_sensitivity_score,cancer_context_specificity_score,evidence_layer_count_ge_0_60,integrated_evidence_tier,publication_use_role,bindingdb_support_level,bindingdb_n_rows,pubmed_n_pmids,drug_evidence_class,clinical_prognosis_support_class,rctd_spotlight_consistency_class,ppi_msi_local_support_tier,sample_ids,candidate_genes_tested,reason_for_main_text
main_text_core_axis,1,1,False,COAD,COAD_AXIS_034,COAD_CV034,Quercetin,CDK1,MYB,CDK1,Myeloid,Quercetin | CDK1/MYB,0.7309834653031083,0.8391144570908674,0.7593769133333333,0.9999583873333333,0.8580516639554029,,,0.7333326297500089,1.0,0.7853194478953663,0.6123153408061816,0.8154009307104897,0.0,0.0,0.0,0.9999983243607252,5,IS1_publication_core_axis,main_text_flagship_axis,strong,3,3.0,D1_strong_binding_or_literature,C1_strong_same_cancer_prognosis,R1_strong_RCTD_SPOTlight_concordance,PPI1_strong_support,COAD_GSM8594567_P1CRC;COAD_GSM8594568_P2CRC;COAD_GSM8594569_P5CRC,CDK1;MYB,Top integrated/HGNN/spatial-clinical evidence axis within cancer
main_text_core_axis,2,2,False,COAD,COAD_AXIS_022,COAD_CV022,Allopseudococain,SLC6A4,ATF4,SLC6A4,Myeloid,Allopseudococain | SLC6A4/ATF4,0.7095915560276678,0.829032548306303,0.7826519946666667,0.9996984553333333,0.7931617774762313,,,0.7333326297500089,0.849528600798618,0.9370378851683692,0.8306203735741209,0.6946818721728618,0.0,0.0,0.0,0.9999994752763256,5,IS1_publication_core_axis,main_text_flagship_axis,strong,15,9.0,D1_strong_binding_or_literature,C1_strong_same_cancer_prognosis,R1_strong_RCTD_SPOTlight_concordance,PPI1_strong_support,COAD_GSM8594567_P1CRC;COAD_GSM8594568_P2CRC;COAD_GSM8594569_P5CRC,SLC6A4;ATF4,Top integrated/HGNN/spatial-clinical evidence axis within cancer
main_text_core_axis,3,3,False,COAD,COAD_AXIS_089,COAD_CV089,Ibogain,SLC6A4,ATF4,SLC6A4,Myeloid,Ibogain | SLC6A4/ATF4,0.6863369988406245,0.7999112302559706,0.7813467953333333,0.9999169093333333,0.7931617774762313,,,0.7333326297500089,0.849528600798618,0.7281597239476832,0.8306203735741209,0.6958983916939223,0.0,0.0,0.0,0.99999901808395,5,IS1_publication_core_axis,main_text_flagship_axis,strong,1,1.0,D1_strong_binding_or_literature,C1_strong_same_cancer_prognosis,R1_strong_RCTD_SPOTlight_concordance,PPI1_strong_support,COAD_GSM8594567_P1CRC;COAD_GSM8594568_P2CRC;COAD_GSM8594569_P5CRC,SLC6A4;ATF4,Top integrated/HGNN/spatial-clinical evidence axis within cancer
main_text_core_axis,4,4,False,COAD,COAD_AXIS_029,COAD_CV029,Physovenine,ACHE,TBP,ACHE,Myeloid,Physovenine | ACHE/TBP,0.6699639930467307,0.7809782385803586,0.781257344,0.999907706,0.661941630426899,,,0.7333326297500089,0.7977108356218675,0.7809597239476832,0.8585072589614885,0.7652596802173068,0.0,0.0,0.0,0.9999996125969848,5,IS1_publication_core_axis,main_text_flagship_axis,very_strong,1,1.0,D1_strong_binding_or_literature,C1_strong_same_cancer_prognosis,R1_strong_RCTD_SPOTlight_concordance,PPI1_strong_support,COAD_GSM8594567_P1CRC;COAD_GSM8594568_P2CRC;COAD_GSM8594569_P5CRC,ACHE;TBP,Top integrated/HGNN/spatial-clinical evidence axis within cancer
main_text_core_axis,5,5,False,COAD,COAD_AXIS_037,COAD_CV037,Stepholidine,DRD1,HR,DRD1,Myeloid,Stepholidine | DRD1/HR,0.6643814912807277,0.7815901897373574,0.768080644,0.9998769106666666,1.0,,,0.7333326297500089,0.4533182575348581,0.9536791718430496,0.8643538625442575,0.5602249823360164,0.0,0.0,0.0,0.999998737807418,3,IS2_high_priority_validation_axis,main_figure_candidate_panel,very_strong,9,7.0,D1_strong_binding_or_literature,C2_moderate_same_cancer_prognosis,R1_strong_RCTD_SPOTlight_concordance,PPI2_moderate_support,COAD_GSM8594567_P1CRC;COAD_GSM8594568_P2CRC;COAD_GSM8594569_P5CRC,DRD1;HR,Top integrated/HGNN/spatial-clinical evidence axis within cancer
main_text_core_axis,6,6,False,COAD,COAD_AXIS_018,COAD_CV018,Physovenine,ACHE,MYC,ACHE,Myeloid,Physovenine | ACHE/MYC,0.6609398292326683,0.7590011958690785,0.7591908980000001,0.9999529833333334,0.9466317380585186,,,0.7333326297500089,0.4454757715236179,0.7809597239476832,0.7411888480469154,0.8638614381974908,0.0,0.0,0.0,0.9999993141599244,4,IS2_high_priority_validation_axis,supplementary_top50_axis,very_strong,1,1.0,D1_strong_binding_or_literature,C3_weak_or_cross_cancer_prognosis,R1_strong_RCTD_SPOTlight_concordance,PPI1_strong_support,COAD_GSM8594567_P1CRC;COAD_GSM8594568_P2CRC;COAD_GSM8594569_P5CRC,ACHE;MYC,Top integrated/HGNN/spatial-clinical evidence axis within cancer
main_text_core_axis,7,7,False,COAD,COAD_AXIS_001,COAD_CV001,Physovenine,ACHE,TFAP2A,ACHE,Myeloid,Physovenine | ACHE/TFAP2A,0.6597170142524549,0.7730871896382334,0.764976508,0.999918114,0.9903990119807774,,,0.7333326297500089,0.4454757715236179,0.7809597239476832,0.8607849956943785,0.7311712346962592,0.0,0.0,0.0,0.9999996744454338,4,IS2_high_priority_validation_axis,main_figure_candidate_panel,very_strong,1,1.0,D1_strong_binding_or_literature,C3_weak_or_cross_cancer_prognosis,R1_strong_RCTD_SPOTlight_concordance,PPI1_strong_support,COAD_GSM8594567_P1CRC;COAD_GSM8594568_P2CRC;COAD_GSM8594569_P5CRC,ACHE;TFAP2A,Top integrated/HGNN/spatial-clinical evidence axis within cancer
main_text_core_axis,8,8,False,COAD,COAD_AXIS_043,COAD_CV043,Quercetin,ACHE,TBP,ACHE,Myeloid,Quercetin | ACHE/TBP,0.6587183963137363,0.769271226599485,0.7707861906666668,0.9999518559999999,0.661941630426899,,,0.7333326297500089,0.7977108356218675,0.7003235364986989,0.8585072589614885,0.761080286451263,0.0,0.0,0.0,0.9999995065734611,5,IS2_high_priority_validation_axis,main_figure_candidate_panel,moderate,5,2.0,D2_external_database_supported,C1_strong_same_cancer_prognosis,R1_strong_RCTD_SPOTlight_concordance,PPI1_strong_support,COAD_GSM8594567_P1CRC;COAD_GSM8594568_P2CRC;COAD_GSM8594569_P5CRC,ACHE;TBP,Top integrated/HGNN/spatial-clinical evidence axis within cancer
main_text_core_axis,1,18,True,LIHC,LIHC_AXIS_002,LIHC_CV002,Indirubin,AHR,NR1H3,AHR,Plasma_cell,Indirubin | AHR/NR1H3,0.6510660378458696,0.7341620556267837,0.7566445866666667,0.9999560726666666,0.8078295057904876,three_sample_recurrent_high,0.3453271144412858,0.4571780025987867,0.6156618463158938,0.7809597239476832,0.8064089858397268,0.793554745393672,0.0,0.0,0.0,0.999999177481118,4,IS2_high_priority_validation_axis,supplementary_top50_axis,very_strong,1,1.0,D1_strong_binding_or_literature,C2_moderate_same_cancer_prognosis,R2_moderate_RCTD_SPOTlight_concordance,PPI1_strong_support,LIHC_P5T_P5T;LIHC_P7T_P7T;LIHC_P8T_P8T,AHR;NR1H3,Forced into main text because it has same-cancer three-sample spatial recurrence
main_text_core_axis,2,1,False,LIHC,LIHC_AXIS_092,LIHC_CV092,"4',5-Dihydroxyflavone",AR,HDAC1,AR,T_NK_ILC,"4',5-Dihydroxyflavone | AR/HDAC1",0.6723705953191058,0.7818611871908144,0.7777498386666667,0.999709846,0.5604529075615624,,,0.7773004860217321,0.8135140276512416,0.7299597239476832,0.9211680076528572,0.9363664269254623,0.0,0.0,0.0,0.9999927856941055,4,IS1_publication_core_axis,main_text_flagship_axis,strong,2,1.0,D1_strong_binding_or_literature,C1_strong_same_cancer_prognosis,R1_strong_RCTD_SPOTlight_concordance,PPI1_strong_support,LIHC_P5T_P5T;LIHC_P7T_P7T;LIHC_P8T_P8T,AR;HDAC1,Top integrated/HGNN/spatial-clinical evidence axis within cancer
main_text_core_axis,3,2,False,LIHC,LIHC_AXIS_061,LIHC_CV061,Quercetin,MMP1,CEBPB,MMP1,Plasma_cell,Quercetin | MMP1/CEBPB,0.6603947910394509,0.7465374437418311,0.762950266,0.999953044,0.8522780795714092,,,0.4571780025987867,0.7827720351406074,0.7087235364986989,0.63535158628096,0.8668421080375898,0.0,0.0,0.0,0.9999967361384248,4,IS2_high_priority_validation_axis,supplementary_top50_axis,moderate,3,2.0,D2_external_database_supported,C1_strong_same_cancer_prognosis,R2_moderate_RCTD_SPOTlight_concordance,PPI1_strong_support,LIHC_P5T_P5T;LIHC_P7T_P7T;LIHC_P8T_P8T,MMP1;CEBPB,Top integrated/HGNN/spatial-clinical evidence axis within cancer
main_text_core_axis,4,3,False,LIHC,LIHC_AXIS_034,LIHC_CV034,Quercetin,MMP1,SMAD2,MMP1,Plasma_cell,Quercetin | MMP1/SMAD2,0.6580555891357222,0.7512244494920141,0.763539752,0.9999509713333333,0.852800645331435,,,0.4571780025987867,0.7827720351406074,0.7087235364986989,0.6551964903241421,0.8226026262879399,0.0,0.0,0.0,0.9999976076044388,4,IS2_high_priority_validation_axis,main_figure_candidate_panel,moderate,3,2.0,D2_external_database_supported,C1_strong_same_cancer_prognosis,R2_moderate_RCTD_SPOTlight_concordance,PPI1_strong_support,LIHC_P5T_P5T;LIHC_P7T_P7T;LIHC_P8T_P8T,MMP1;SMAD2,Top integrated/HGNN/spatial-clinical evidence axis within cancer
main_text_core_axis,5,4,False,LIHC,LIHC_AXIS_078,LIHC_CV078,Kaempferol,MMP1,CEBPB,MMP1,Plasma_cell,Kaempferol | MMP1/CEBPB,0.6574915156907748,0.7419367492450862,0.7648857166666667,0.9999609073333333,0.8522780795714092,,,0.4571780025987867,0.7827720351406074,0.6773597239476832,0.630795426966538,0.8702121245962041,0.0,0.0,0.0,0.9999963481762016,4,IS2_high_priority_validation_axis,supplementary_top50_axis,moderate,4,1.0,D2_external_database_supported,C1_strong_same_cancer_prognosis,R2_moderate_RCTD_SPOTlight_concordance,PPI1_strong_support,LIHC_P5T_P5T;LIHC_P7T_P7T;LIHC_P8T_P8T,MMP1;CEBPB,Top integrated/HGNN/spatial-clinical evidence axis within cancer
main_text_core_axis,6,5,False,LIHC,LIHC_AXIS_008,LIHC_CV008,Quercetin,MMP1,EHF,MMP1,Tumor_Lineage,Quercetin | MMP1/EHF,0.6572437167287554,0.7669307042133857,0.759392646,0.9999528206666667,0.6759397196992994,,,0.8977793296042744,0.7827720351406074,0.7087235364986989,0.7912478473715854,0.6032830706597978,0.0,0.0,0.0,0.9999983873402984,5,IS2_high_priority_validation_axis,main_figure_candidate_panel,moderate,3,2.0,D2_external_database_supported,C1_strong_same_cancer_prognosis,R1_strong_RCTD_SPOTlight_concordance,PPI2_moderate_support,LIHC_P5T_P5T;LIHC_P7T_P7T;LIHC_P8T_P8T,MMP1;EHF,Top integrated/HGNN/spatial-clinical evidence axis within cancer
main_text_core_axis,7,6,False,LIHC,LIHC_AXIS_079,LIHC_CV079,Luteolin,MMP1,CEBPB,MMP1,Plasma_cell,Luteolin | MMP1/CEBPB,0.6570976918284611,0.7415711491839944,0.76476954,0.999956034,0.8522780795714092,,,0.4571780025987867,0.7827720351406074,0.6773597239476832,0.630795426966538,0.8665561239852851,0.0,0.0,0.0,0.9999963481762016,4,IS2_high_priority_validation_axis,supplementary_top50_axis,moderate,2,1.0,D2_external_database_supported,C1_strong_same_cancer_prognosis,R2_moderate_RCTD_SPOTlight_concordance,PPI1_strong_support,LIHC_P5T_P5T;LIHC_P7T_P7T;LIHC_P8T_P8T,MMP1;CEBPB,Top integrated/HGNN/spatial-clinical evidence axis within cancer
main_text_core_axis,8,7,False,LIHC,LIHC_AXIS_086,LIHC_CV086,(-)-epigallocatechin-3-gallate,MMP1,CEBPB,MMP1,Plasma_cell,(-)-epigallocatechin-... | MMP1/CEBPB,0.6564147407581982,0.7399228437320526,0.7654204486666667,0.9999600253333334,0.8522780795714092,,,0.4571780025987867,0.7827720351406074,0.6689597239476832,0.6244168039263471,0.869487531099839,0.0,0.0,0.0,0.9999961581999656,4,IS2_high_priority_validation_axis,supplementary_top50_axis,moderate,1,1.0,D2_external_database_supported,C1_strong_same_cancer_prognosis,R2_moderate_RCTD_SPOTlight_concordance,PPI1_strong_support,LIHC_P5T_P5T;LIHC_P7T_P7T;LIHC_P8T_P8T,MMP1;CEBPB,Top integrated/HGNN/spatial-clinical evidence axis within cancer
main_text_core_axis,1,39,True,STAD,STAD_AXIS_015,STAD_CV015,Eckol,BACE1,HSF1,BACE1,Fibroblast_CAF,Eckol | BACE1/HSF1,0.6568261271967065,0.7385558422147566,0.7445091493333333,0.9999506813333333,0.7620795463250641,three_sample_recurrent_high,0.325731365376149,0.8815972798421099,0.4916431586456512,0.7003235364986989,0.7702710156478068,0.7916475640713688,0.0,0.0,0.0,0.912418477467108,4,IS2_high_priority_validation_axis,supplementary_top50_axis,moderate,3,2.0,D2_external_database_supported,C2_moderate_same_cancer_prognosis,R1_strong_RCTD_SPOTlight_concordance,PPI1_strong_support,STAD_GSM7990473_GC1;STAD_GSM7990474_21_00731_LI_SING;STAD_GSM7990475_21_00732_LI_SING,BACE1;HSF1,Forced into main text because it has same-cancer three-sample spatial recurrence
main_text_core_axis,2,1,False,STAD,STAD_AXIS_021,STAD_CV021,Eriodyctiol (flavanone),HSP90AB1,HOPX,HSP90AB1,Fibroblast_CAF,Eriodyctiol | HSP90AB1/HOPX,0.7387591149818986,0.8192460420844396,0.7830911460000001,0.9998847373333334,0.7440378530815416,three_sample_recurrent_high,0.3342788628467369,0.8815972798421099,0.9645813597317514,0.6806,0.8356743547390865,0.8444811439794759,0.0,0.0,0.0,0.5680923896207927,5,IS1_publication_core_axis,main_text_flagship_axis,strong,1,,D1_strong_binding_or_literature,C1_strong_same_cancer_prognosis,R1_strong_RCTD_SPOTlight_concordance,PPI1_strong_support,STAD_GSM7990473_GC1;STAD_GSM7990474_21_00731_LI_SING;STAD_GSM7990475_21_00732_LI_SING,HSP90AB1;HOPX,Top integrated/HGNN/spatial-clinical evidence axis within cancer
main_text_core_axis,3,2,False,STAD,STAD_AXIS_017,STAD_CV017,Quercetin,PLAU,ETS1,PLAU,Fibroblast_CAF,Quercetin | PLAU/ETS1,0.7146258669504014,0.831244882031456,0.772351522,0.9998853733333333,0.8471185487289651,,,0.8815972798421099,0.8158751301563165,0.6877235364986989,0.7867624467797294,0.8452976521247821,0.0,0.0,0.0,0.9999995523440104,5,IS1_publication_core_axis,main_text_flagship_axis,moderate,3,2.0,D2_external_database_supported,C1_strong_same_cancer_prognosis,R1_strong_RCTD_SPOTlight_concordance,PPI1_strong_support,STAD_GSM7990473_GC1;STAD_GSM7990474_21_00731_LI_SING;STAD_GSM7990475_21_00732_LI_SING,PLAU;ETS1,Top integrated/HGNN/spatial-clinical evidence axis within cancer
main_text_core_axis,4,3,False,STAD,STAD_AXIS_029,STAD_CV029,Quercetin,PLAU,HIF1A,PLAU,Fibroblast_CAF,Quercetin | PLAU/HIF1A,0.7141191280535707,0.8191509548381224,0.7699502653333333,0.9998964026666666,0.8353754176461786,,,0.8815972798421099,0.8158751301563165,0.6877235364986989,0.6639337225075225,0.8952392398202462,0.0,0.0,0.0,0.9999993384497124,5,IS1_publication_core_axis,main_text_flagship_axis,moderate,3,2.0,D2_external_database_supported,C1_strong_same_cancer_prognosis,R1_strong_RCTD_SPOTlight_concordance,PPI1_strong_support,STAD_GSM7990473_GC1;STAD_GSM7990474_21_00731_LI_SING;STAD_GSM7990475_21_00732_LI_SING,PLAU;HIF1A,Top integrated/HGNN/spatial-clinical evidence axis within cancer
main_text_core_axis,5,4,False,STAD,STAD_AXIS_010,STAD_CV010,Quercetin,PLAU,MYC,PLAU,Fibroblast_CAF,Quercetin | PLAU/MYC,0.7139673585862254,0.8267994771279995,0.7658728526666666,0.999515036,0.8125986023801656,,,0.8815972798421099,0.8158751301563165,0.6877235364986989,0.8257085299724876,0.9156480865802864,0.0,0.0,0.0,0.9999997346377114,5,IS1_publication_core_axis,main_text_flagship_axis,moderate,3,2.0,D2_external_database_supported,C1_strong_same_cancer_prognosis,R1_strong_RCTD_SPOTlight_concordance,PPI1_strong_support,STAD_GSM7990473_GC1;STAD_GSM7990474_21_00731_LI_SING;STAD_GSM7990475_21_00732_LI_SING,PLAU;MYC,Top integrated/HGNN/spatial-clinical evidence axis within cancer
main_text_core_axis,6,5,False,STAD,STAD_AXIS_049,STAD_CV049,Quercetin,PLAU,NR3C1,PLAU,Fibroblast_CAF,Quercetin | PLAU/NR3C1,0.7111519844803519,0.8114054178277956,0.7683353866666667,0.9999070466666667,0.8344634995523436,,,0.8815972798421099,0.8158751301563165,0.6877235364986989,0.6098973398851286,0.8844515260741609,0.0,0.0,0.0,0.9999990700786467,5,IS1_publication_core_axis,supplementary_top50_axis,moderate,3,2.0,D2_external_database_supported,C1_strong_same_cancer_prognosis,R1_strong_RCTD_SPOTlight_concordance,PPI1_strong_support,STAD_GSM7990473_GC1;STAD_GSM7990474_21_00731_LI_SING;STAD_GSM7990475_21_00732_LI_SING,PLAU;NR3C1,Top integrated/HGNN/spatial-clinical evidence axis within cancer
main_text_core_axis,7,6,False,STAD,STAD_AXIS_027,STAD_CV027,Quercetin,PLAU,FOS,PLAU,Fibroblast_CAF,Quercetin | PLAU/FOS,0.7090889489807087,0.8194719619094621,0.7704732633333333,0.9998976,0.7937741885572319,,,0.8815972798421099,0.8158751301563165,0.6877235364986989,0.7380565325549403,0.8927043300967068,0.0,0.0,0.0,0.9999994493795918,5,IS1_publication_core_axis,main_text_flagship_axis,moderate,3,2.0,D2_external_database_supported,C1_strong_same_cancer_prognosis,R1_strong_RCTD_SPOTlight_concordance,PPI1_strong_support,STAD_GSM7990473_GC1;STAD_GSM7990474_21_00731_LI_SING;STAD_GSM7990475_21_00732_LI_SING,PLAU;FOS,Top integrated/HGNN/spatial-clinical evidence axis within cancer
main_text_core_axis,8,7,False,STAD,STAD_AXIS_024,STAD_CV024,Quercetin,PLAU,JUN,PLAU,Fibroblast_CAF,Quercetin | PLAU/JUN,0.7070092308116857,0.8162367726106996,0.7702416226666666,0.9998943873333332,0.7665448788795638,,,0.8815972798421099,0.8158751301563165,0.6877235364986989,0.7362577392041131,0.9169697795720174,0.0,0.0,0.0,0.9999991642352488,5,IS1_publication_core_axis,main_figure_candidate_panel,moderate,3,2.0,D2_external_database_supported,C1_strong_same_cancer_prognosis,R1_strong_RCTD_SPOTlight_concordance,PPI1_strong_support,STAD_GSM7990473_GC1;STAD_GSM7990474_21_00731_LI_SING;STAD_GSM7990475_21_00732_LI_SING,PLAU;JUN,Top integrated/HGNN/spatial-clinical evidence axis within cancer
