cancer,freeze_rank_within_cancer,axis_display_label,compound_representative_name,target_gene_symbol,tf_gene_symbol,dominant_spatial_celltype,manual_directness_final_class,manual_directness_score,manual_check_exact_compound_target,manual_check_binding_affinity_valid,manual_key_pmid_list,manual_key_affinity_or_assay,manual_decision_for_main_text,manual_reviewer_note,best_affinity_nm,potency_tier,bindingdb_n_rows,bindingdb_n_reactant_sets,bindingdb_search_hint
COAD,1,Quercetin | CDK1/MYB,Quercetin,CDK1,MYB,Myeloid,A1_direct_high_confidence,1.0,confirmed,confirmed,10843211|18639462|20638755,IC50=450.0 nM,main_text_direct_supported,"Can be described as direct compound-target evidence, with assay type and affinity reported. The directness audit is for compound->CDK1; the TF/regulon component MYB remains a regulatory-context link, not a direct drug-target claim.",450.0,P2_sub_1uM,3,3,Quercetin / CDK1
COAD,2,Allopseudococain | SLC6A4/ATF4,Allopseudococain,SLC6A4,ATF4,Myeloid,C1_identity_or_analog_conflict,0.25,not_confirmed,not_confirmed,10206550|10698458|12565962|12798324|14592523,Ki=155.0 nM,hold_direct_claim_until_identity_resolved,"Do not use as direct exact compound-target evidence in the main claim until compound identity/stereochemistry is resolved. The directness audit is for compound->SLC6A4; the TF/regulon component ATF4 remains a regulatory-context link, not a direct drug-target claim.",155.0,P2_sub_1uM,15,13,Allopseudococain / SLC6A4
COAD,3,Ibogain | SLC6A4/ATF4,Ibogain,SLC6A4,ATF4,Myeloid,A1_direct_high_confidence,1.0,confirmed,confirmed,35707155,IC50=500.0 nM,main_text_direct_supported,"Can be described as direct compound-target evidence, with assay type and affinity reported. The directness audit is for compound->SLC6A4; the TF/regulon component ATF4 remains a regulatory-context link, not a direct drug-target claim.",500.0,P2_sub_1uM,1,1,Ibogain / SLC6A4
COAD,4,Physovenine | ACHE/TBP,Physovenine,ACHE,TBP,Myeloid,A1_direct_high_confidence,1.0,confirmed,confirmed,35858523,IC50=4.0 nM,main_text_direct_supported,"Can be described as direct compound-target evidence, with assay type and affinity reported. The directness audit is for compound->ACHE; the TF/regulon component TBP remains a regulatory-context link, not a direct drug-target claim.",4.0,P1_sub_100nM_or_functional_high,1,1,Physovenine / ACHE
COAD,5,Stepholidine | DRD1/HR,Stepholidine,DRD1,HR,Myeloid,A1_direct_high_confidence,1.0,confirmed,confirmed,19744859|22748706|23332346|25308766|27688181,Ki=3.4 nM,main_text_direct_supported,"Can be described as direct compound-target evidence, with assay type and affinity reported. The directness audit is for compound->DRD1; the TF/regulon component HR remains a regulatory-context link, not a direct drug-target claim.",3.4,P1_sub_100nM_or_functional_high,9,9,Stepholidine / DRD1
COAD,6,Physovenine | ACHE/MYC,Physovenine,ACHE,MYC,Myeloid,A1_direct_high_confidence,1.0,confirmed,confirmed,35858523,IC50=4.0 nM,main_text_direct_supported,"Can be described as direct compound-target evidence, with assay type and affinity reported. The directness audit is for compound->ACHE; the TF/regulon component MYC remains a regulatory-context link, not a direct drug-target claim.",4.0,P1_sub_100nM_or_functional_high,1,1,Physovenine / ACHE
COAD,7,Physovenine | ACHE/TFAP2A,Physovenine,ACHE,TFAP2A,Myeloid,A1_direct_high_confidence,1.0,confirmed,confirmed,35858523,IC50=4.0 nM,main_text_direct_supported,"Can be described as direct compound-target evidence, with assay type and affinity reported. The directness audit is for compound->ACHE; the TF/regulon component TFAP2A remains a regulatory-context link, not a direct drug-target claim.",4.0,P1_sub_100nM_or_functional_high,1,1,Physovenine / ACHE
COAD,8,Quercetin | ACHE/TBP,Quercetin,ACHE,TBP,Myeloid,A2_direct_supported,0.75,confirmed,confirmed,19879672|33984802,IC50=2910.0 nM,main_text_supported_with_potency_note,"Can be described as direct supported evidence, but potency is moderate/weak and should be stated. The directness audit is for compound->ACHE; the TF/regulon component TBP remains a regulatory-context link, not a direct drug-target claim.",2910.0,P3_1_to_10uM,5,4,Quercetin / ACHE
LIHC,1,Indirubin | AHR/NR1H3,Indirubin,AHR,NR1H3,Plasma_cell,A1_direct_high_confidence,1.0,confirmed,confirmed,36274276,EC50=0.2 nM,main_text_direct_supported,"Can be described as direct compound-target evidence, with assay type and affinity reported. The directness audit is for compound->AHR; the TF/regulon component NR1H3 remains a regulatory-context link, not a direct drug-target claim.",0.2,P1_sub_100nM_or_functional_high,1,1,Indirubin / AHR
LIHC,2,"4',5-Dihydroxyflavone | AR/HDAC1","4',5-Dihydroxyflavone",AR,HDAC1,T_NK_ILC,A1_direct_high_confidence,1.0,confirmed,confirmed,23611768,IC50=851.0 nM,main_text_direct_supported,"Can be described as direct compound-target evidence, with assay type and affinity reported. The directness audit is for compound->AR; the TF/regulon component HDAC1 remains a regulatory-context link, not a direct drug-target claim.",851.0,P2_sub_1uM,2,2,"4',5-Dihydroxyflavone / AR"
LIHC,3,Quercetin | MMP1/CEBPB,Quercetin,MMP1,CEBPB,Plasma_cell,A2_direct_supported,0.75,confirmed,confirmed,22524676|35667156,IC50=1490.0 nM,main_text_supported_with_potency_note,"Can be described as direct supported evidence, but potency is moderate/weak and should be stated. The directness audit is for compound->MMP1; the TF/regulon component CEBPB remains a regulatory-context link, not a direct drug-target claim.",1490.0,P3_1_to_10uM,3,2,Quercetin / MMP1
LIHC,4,Quercetin | MMP1/SMAD2,Quercetin,MMP1,SMAD2,Plasma_cell,A2_direct_supported,0.75,confirmed,confirmed,22524676|35667156,IC50=1490.0 nM,main_text_supported_with_potency_note,"Can be described as direct supported evidence, but potency is moderate/weak and should be stated. The directness audit is for compound->MMP1; the TF/regulon component SMAD2 remains a regulatory-context link, not a direct drug-target claim.",1490.0,P3_1_to_10uM,3,2,Quercetin / MMP1
LIHC,5,Kaempferol | MMP1/CEBPB,Kaempferol,MMP1,CEBPB,Plasma_cell,A2_direct_supported,0.75,confirmed,confirmed,22524676,IC50=1350.0 nM,main_text_supported_with_potency_note,"Can be described as direct supported evidence, but potency is moderate/weak and should be stated. The directness audit is for compound->MMP1; the TF/regulon component CEBPB remains a regulatory-context link, not a direct drug-target claim.",1350.0,P3_1_to_10uM,4,2,Kaempferol / MMP1
LIHC,6,Quercetin | MMP1/EHF,Quercetin,MMP1,EHF,Tumor_Lineage,A2_direct_supported,0.75,confirmed,confirmed,22524676|35667156,IC50=1490.0 nM,main_text_supported_with_potency_note,"Can be described as direct supported evidence, but potency is moderate/weak and should be stated. The directness audit is for compound->MMP1; the TF/regulon component EHF remains a regulatory-context link, not a direct drug-target claim.",1490.0,P3_1_to_10uM,3,2,Quercetin / MMP1
LIHC,7,Luteolin | MMP1/CEBPB,Luteolin,MMP1,CEBPB,Plasma_cell,A2_direct_supported,0.75,confirmed,confirmed,22524676,IC50=3030.0 nM,main_text_supported_with_potency_note,"Can be described as direct supported evidence, but potency is moderate/weak and should be stated. The directness audit is for compound->MMP1; the TF/regulon component CEBPB remains a regulatory-context link, not a direct drug-target claim.",3030.0,P3_1_to_10uM,2,1,Luteolin / MMP1
LIHC,8,(-)-epigallocatechin-... | MMP1/CEBPB,(-)-epigallocatechin-3-gallate,MMP1,CEBPB,Plasma_cell,A2_direct_supported,0.75,confirmed,confirmed,38278079,IC50=7900.0 nM,main_text_supported_with_potency_note,"Can be described as direct supported evidence, but potency is moderate/weak and should be stated. The directness audit is for compound->MMP1; the TF/regulon component CEBPB remains a regulatory-context link, not a direct drug-target claim.",7900.0,P3_1_to_10uM,1,1,(-)-epigallocatechin-3-gallate / MMP1
STAD,1,Eckol | BACE1/HSF1,Eckol,BACE1,HSF1,Fibroblast_CAF,A2_direct_supported,0.75,confirmed,confirmed,20462757|33984802,IC50=7670.0 nM,main_text_supported_with_potency_note,"Can be described as direct supported evidence, but potency is moderate/weak and should be stated. The directness audit is for compound->BACE1; the TF/regulon component HSF1 remains a regulatory-context link, not a direct drug-target claim.",7670.0,P3_1_to_10uM,3,3,Eckol / BACE1
STAD,2,Eriodyctiol | HSP90AB1/HOPX,Eriodyctiol (flavanone),HSP90AB1,HOPX,Fibroblast_CAF,A1_direct_high_confidence,1.0,confirmed,confirmed,,IC50=200.0 nM,main_text_direct_supported,"Can be described as direct compound-target evidence, with assay type and affinity reported. The directness audit is for compound->HSP90AB1; the TF/regulon component HOPX remains a regulatory-context link, not a direct drug-target claim.",200.0,P2_sub_1uM,1,1,Eriodyctiol (flavanone) / HSP90AB1
STAD,3,Quercetin | PLAU/ETS1,Quercetin,PLAU,ETS1,Fibroblast_CAF,B1_weak_direct_low_potency,0.45,confirmed,confirmed,21981000|24610996,IC50=12100.0 nM,mechanistic_candidate_low_potency_note,"Use as weak direct biochemical support only; do not call it a potent target without functional validation. The directness audit is for compound->PLAU; the TF/regulon component ETS1 remains a regulatory-context link, not a direct drug-target claim.",12100.0,P4_above_10uM_low_potency,3,2,Quercetin / PLAU
STAD,4,Quercetin | PLAU/HIF1A,Quercetin,PLAU,HIF1A,Fibroblast_CAF,B1_weak_direct_low_potency,0.45,confirmed,confirmed,21981000|24610996,IC50=12100.0 nM,mechanistic_candidate_low_potency_note,"Use as weak direct biochemical support only; do not call it a potent target without functional validation. The directness audit is for compound->PLAU; the TF/regulon component HIF1A remains a regulatory-context link, not a direct drug-target claim.",12100.0,P4_above_10uM_low_potency,3,2,Quercetin / PLAU
STAD,5,Quercetin | PLAU/MYC,Quercetin,PLAU,MYC,Fibroblast_CAF,B1_weak_direct_low_potency,0.45,confirmed,confirmed,21981000|24610996,IC50=12100.0 nM,mechanistic_candidate_low_potency_note,"Use as weak direct biochemical support only; do not call it a potent target without functional validation. The directness audit is for compound->PLAU; the TF/regulon component MYC remains a regulatory-context link, not a direct drug-target claim.",12100.0,P4_above_10uM_low_potency,3,2,Quercetin / PLAU
STAD,6,Quercetin | PLAU/NR3C1,Quercetin,PLAU,NR3C1,Fibroblast_CAF,B1_weak_direct_low_potency,0.45,confirmed,confirmed,21981000|24610996,IC50=12100.0 nM,mechanistic_candidate_low_potency_note,"Use as weak direct biochemical support only; do not call it a potent target without functional validation. The directness audit is for compound->PLAU; the TF/regulon component NR3C1 remains a regulatory-context link, not a direct drug-target claim.",12100.0,P4_above_10uM_low_potency,3,2,Quercetin / PLAU
STAD,7,Quercetin | PLAU/FOS,Quercetin,PLAU,FOS,Fibroblast_CAF,B1_weak_direct_low_potency,0.45,confirmed,confirmed,21981000|24610996,IC50=12100.0 nM,mechanistic_candidate_low_potency_note,"Use as weak direct biochemical support only; do not call it a potent target without functional validation. The directness audit is for compound->PLAU; the TF/regulon component FOS remains a regulatory-context link, not a direct drug-target claim.",12100.0,P4_above_10uM_low_potency,3,2,Quercetin / PLAU
STAD,8,Quercetin | PLAU/JUN,Quercetin,PLAU,JUN,Fibroblast_CAF,B1_weak_direct_low_potency,0.45,confirmed,confirmed,21981000|24610996,IC50=12100.0 nM,mechanistic_candidate_low_potency_note,"Use as weak direct biochemical support only; do not call it a potent target without functional validation. The directness audit is for compound->PLAU; the TF/regulon component JUN remains a regulatory-context link, not a direct drug-target claim.",12100.0,P4_above_10uM_low_potency,3,2,Quercetin / PLAU
