cancer,cell_context,gene,qc_policy,sample_id,patient_id,n_context_cells,mean_log1p_cptt,detection_fraction
COAD,Myeloid,CDK1,main_qc,C103_T,C103,315,0.07434006400555263,0.05714285714285714
COAD,Myeloid,CDK1,main_qc,C104_T,C104,153,0.0664806202559112,0.032679738562091505
COAD,Myeloid,CDK1,main_qc,C105_T,C105,196,0.0178037024314158,0.01020408163265306
COAD,Myeloid,CDK1,main_qc,C106_N,C106,64,0.039309448542748524,0.015625
COAD,Myeloid,CDK1,main_qc,C106_T,C106,158,0.05809455891915497,0.05063291139240506
COAD,Myeloid,CDK1,main_qc,C107_N,C107,5,0.0,0.0
COAD,Myeloid,CDK1,main_qc,C107_T,C107,789,0.03858658427984087,0.036755386565272496
COAD,Myeloid,CDK1,main_qc,C109_N,C109,9,0.0,0.0
COAD,Myeloid,CDK1,main_qc,C109_T,C109,338,0.0073335515648480605,0.005917159763313609
COAD,Myeloid,CDK1,main_qc,C110_N,C110,63,0.032203310019656525,0.015873015873015872
COAD,Myeloid,CDK1,main_qc,C110_T,C110,1031,0.031405137276692585,0.028128031037827354
COAD,Myeloid,CDK1,main_qc,C111_N,C111,237,0.008640063689938452,0.008438818565400843
COAD,Myeloid,CDK1,main_qc,C111_T,C111,762,0.03226149801978083,0.031496062992125984
COAD,Myeloid,CDK1,main_qc,C112_N,C112,101,0.02964252950412558,0.039603960396039604
COAD,Myeloid,CDK1,main_qc,C112_T,C112,1249,0.07247283154189593,0.07205764611689351
COAD,Myeloid,CDK1,main_qc,C113_N,C113,28,0.0,0.0
COAD,Myeloid,CDK1,main_qc,C113_T,C113,200,0.0803144913559394,0.07
COAD,Myeloid,CDK1,main_qc,C114_N,C114,81,0.07303980329023509,0.024691358024691357
COAD,Myeloid,CDK1,main_qc,C114_T,C114,182,0.10179660979639704,0.1043956043956044
COAD,Myeloid,CDK1,main_qc,C115_N,C115,43,0.06356626229708136,0.046511627906976744
COAD,Myeloid,CDK1,main_qc,C115_T,C115,293,0.02313038496951413,0.017064846416382253
COAD,Myeloid,CDK1,main_qc,C116_N,C116,30,0.0,0.0
COAD,Myeloid,CDK1,main_qc,C116_T,C116,409,0.09743491909508047,0.08068459657701711
COAD,Myeloid,CDK1,main_qc,C118_T,C118,511,0.09136628013448071,0.08806262230919765
COAD,Myeloid,CDK1,main_qc,C119_N,C119,1,0.0,0.0
COAD,Myeloid,CDK1,main_qc,C119_T,C119,41,0.04920905486534845,0.04878048780487805
COAD,Myeloid,CDK1,main_qc,C122_N,C122,112,0.056546124328431015,0.026785714285714284
COAD,Myeloid,CDK1,main_qc,C122_T,C122,260,0.022912534426838386,0.015384615384615385
COAD,Myeloid,CDK1,main_qc,C123_N,C123,127,0.06395644163574128,0.031496062992125984
COAD,Myeloid,CDK1,main_qc,C123_T,C123,1295,0.06926906410045962,0.07181467181467181
COAD,Myeloid,CDK1,main_qc,C124_N,C124,128,0.05831399319964888,0.03125
COAD,Myeloid,CDK1,main_qc,C124_T,C124,1992,0.025668354962709295,0.020080321285140562
COAD,Myeloid,CDK1,main_qc,C125_N,C125,117,0.027299990787665564,0.017094017094017096
COAD,Myeloid,CDK1,main_qc,C125_T,C125,1268,0.09510311425583728,0.09858044164037855
COAD,Myeloid,CDK1,main_qc,C126_N,C126,165,0.06875905590456442,0.048484848484848485
COAD,Myeloid,CDK1,main_qc,C126_T,C126,1032,0.07578136106927687,0.05426356589147287
COAD,Myeloid,CDK1,main_qc,C129_N,C129,63,0.01878691820338977,0.015873015873015872
COAD,Myeloid,CDK1,main_qc,C129_T,C129,563,0.1132849660835428,0.0852575488454707
COAD,Myeloid,CDK1,main_qc,C130_N,C130,106,0.0609668062846881,0.04716981132075472
COAD,Myeloid,CDK1,main_qc,C130_TA,C130,365,0.03787876600589878,0.038356164383561646
COAD,Myeloid,CDK1,main_qc,C130_TB,C130,385,0.07503304177155959,0.08571428571428572
COAD,Myeloid,CDK1,main_qc,C132_N,C132,7,0.0,0.0
COAD,Myeloid,CDK1,main_qc,C132_T,C132,520,0.1289318971739426,0.11730769230769231
COAD,Myeloid,CDK1,main_qc,C133_N,C133,16,0.0,0.0
COAD,Myeloid,CDK1,main_qc,C133_T,C133,532,0.10487164173154037,0.08082706766917293
COAD,Myeloid,CDK1,main_qc,C134_N,C134,288,0.0837307126785773,0.0625
COAD,Myeloid,CDK1,main_qc,C134_T,C134,738,0.03727144004611289,0.017615176151761516
COAD,Myeloid,CDK1,main_qc,C135_N,C135,10,0.04068029009498243,0.1
COAD,Myeloid,CDK1,main_qc,C135_T,C135,1078,0.035168129942015854,0.026901669758812616
COAD,Myeloid,CDK1,main_qc,C136_N,C136,29,0.10294773014706166,0.06896551724137931
COAD,Myeloid,CDK1,main_qc,C136_T,C136,330,0.09267425548661727,0.09696969696969697
COAD,Myeloid,CDK1,main_qc,C137_N,C137,108,0.02667744224760951,0.009259259259259259
COAD,Myeloid,CDK1,main_qc,C137_T,C137,748,0.015866189350510845,0.013368983957219251
COAD,Myeloid,CDK1,main_qc,C138_N,C138,118,0.010431769311404666,0.01694915254237288
COAD,Myeloid,CDK1,main_qc,C138_T,C138,420,0.014936187479559453,0.007142857142857143
COAD,Myeloid,CDK1,main_qc,C139_N,C139,76,0.012771949187797718,0.02631578947368421
COAD,Myeloid,CDK1,main_qc,C139_T,C139,493,0.022374655183498376,0.02636916835699797
COAD,Myeloid,CDK1,main_qc,C140_N,C140,12,0.0,0.0
COAD,Myeloid,CDK1,main_qc,C140_T,C140,601,0.0479039248339059,0.04326123128119801
COAD,Myeloid,CDK1,main_qc,C142_N,C142,12,0.0,0.0
COAD,Myeloid,CDK1,main_qc,C142_T,C142,216,0.06066661150335489,0.046296296296296294
COAD,Myeloid,CDK1,main_qc,C143_N,C143,23,0.0,0.0
COAD,Myeloid,CDK1,main_qc,C143_T,C143,552,0.027169090403527923,0.028985507246376812
COAD,Myeloid,CDK1,main_qc,C144_T,C144,434,0.026782960037710572,0.018433179723502304
COAD,Myeloid,CDK1,main_qc,C145_T,C145,438,0.0540737017332025,0.045662100456621
COAD,Myeloid,CDK1,main_qc,C146_T,C146,569,0.03930539853883502,0.029876977152899824
COAD,Myeloid,CDK1,main_qc,C147_T,C147,699,0.07807399876634236,0.055793991416309016
COAD,Myeloid,CDK1,main_qc,C149_T,C149,357,0.049010314145387215,0.04481792717086835
COAD,Myeloid,CDK1,main_qc,C150_T,C150,190,0.07270871677775943,0.07894736842105263
COAD,Myeloid,CDK1,main_qc,C151_N,C151,57,0.028519870146562824,0.017543859649122806
COAD,Myeloid,CDK1,main_qc,C151_T,C151,44,0.022237266271912703,0.022727272727272728
COAD,Myeloid,CDK1,main_qc,C152_N,C152,3,0.0,0.0
COAD,Myeloid,CDK1,main_qc,C152_T,C152,143,0.037183382026045306,0.03496503496503497
COAD,Myeloid,CDK1,main_qc,C153_T,C153,793,0.07720800014563942,0.06305170239596469
COAD,Myeloid,CDK1,main_qc,C154_T,C154,164,0.05090533686247221,0.06707317073170732
COAD,Myeloid,CDK1,main_qc,C155_N,C155,26,0.0,0.0
COAD,Myeloid,CDK1,main_qc,C155_T,C155,307,0.09579699755926264,0.10423452768729642
COAD,Myeloid,CDK1,main_qc,C156_T,C156,329,0.19426761014858693,0.1641337386018237
COAD,Myeloid,CDK1,main_qc,C157_N,C157,104,0.09456684156874383,0.0673076923076923
COAD,Myeloid,CDK1,main_qc,C157_T,C157,735,0.09873400840397725,0.09251700680272108
COAD,Myeloid,CDK1,main_qc,C158_T,C158,1020,0.08881095553099898,0.09117647058823529
COAD,Myeloid,CDK1,main_qc,C159_T,C159,386,0.0935156353907055,0.10880829015544041
COAD,Myeloid,CDK1,main_qc,C160_T,C160,456,0.0801823708140529,0.08333333333333333
COAD,Myeloid,CDK1,main_qc,C161_T,C161,297,0.09113584960795448,0.09427609427609428
COAD,Myeloid,CDK1,main_qc,C162_N,C162,248,0.056145088263415015,0.06048387096774194
COAD,Myeloid,CDK1,main_qc,C162_T,C162,2282,0.0527332374285747,0.056091148115687994
COAD,Myeloid,CDK1,main_qc,C163_T,C163,174,0.16845659204578972,0.10919540229885058
COAD,Myeloid,CDK1,main_qc,C164_T,C164,224,0.04902620560412491,0.044642857142857144
COAD,Myeloid,CDK1,main_qc,C165_N,C165,108,0.10063133981217567,0.046296296296296294
COAD,Myeloid,CDK1,main_qc,C165_T,C165,1351,0.0335936294082874,0.03997039230199852
COAD,Myeloid,CDK1,main_qc,C166_T,C166,272,0.07268938931222144,0.0625
COAD,Myeloid,CDK1,main_qc,C167_T,C167,285,0.04922920340882837,0.03859649122807018
COAD,Myeloid,CDK1,main_qc,C168_T,C168,662,0.04872761782073375,0.0634441087613293
COAD,Myeloid,CDK1,main_qc,C169_T,C169,410,0.02279285352787586,0.026829268292682926
COAD,Myeloid,CDK1,main_qc,C170_N,C170,38,0.0,0.0
COAD,Myeloid,CDK1,main_qc,C170_T,C170,2916,0.04639481751720662,0.04869684499314129
COAD,Myeloid,CDK1,main_qc,C171_TA,C171,241,0.057588179320201875,0.06639004149377593
COAD,Myeloid,CDK1,main_qc,C171_TB,C171,304,0.05645871488065645,0.04276315789473684
COAD,Myeloid,CDK1,main_qc,C172_T,C172,422,0.06959434410115208,0.06398104265402843
COAD,Myeloid,CDK1,main_qc,C173_T,C173,386,0.030017534752730626,0.025906735751295335
COAD,Myeloid,CDK1,strict_qc,C103_T,C103,272,0.07255245065706425,0.0625
COAD,Myeloid,CDK1,strict_qc,C104_T,C104,82,0.05965902730259837,0.036585365853658534
COAD,Myeloid,CDK1,strict_qc,C105_T,C105,129,0.027050586639980598,0.015503875968992248
COAD,Myeloid,CDK1,strict_qc,C106_N,C106,30,0.0,0.0
COAD,Myeloid,CDK1,strict_qc,C106_T,C106,132,0.06953742658504913,0.06060606060606061
COAD,Myeloid,CDK1,strict_qc,C107_N,C107,5,0.0,0.0
COAD,Myeloid,CDK1,strict_qc,C107_T,C107,693,0.03649638350875238,0.03896103896103896
COAD,Myeloid,CDK1,strict_qc,C109_N,C109,7,0.0,0.0
COAD,Myeloid,CDK1,strict_qc,C109_T,C109,210,0.011803525851993544,0.009523809523809525
COAD,Myeloid,CDK1,strict_qc,C110_N,C110,25,0.08115234124953444,0.04
COAD,Myeloid,CDK1,strict_qc,C110_T,C110,866,0.03412411823953455,0.03233256351039261
COAD,Myeloid,CDK1,strict_qc,C111_N,C111,167,0.012261647272547383,0.011976047904191617
COAD,Myeloid,CDK1,strict_qc,C111_T,C111,633,0.030093664685188298,0.03475513428120063
COAD,Myeloid,CDK1,strict_qc,C112_N,C112,66,0.04536205272601036,0.06060606060606061
COAD,Myeloid,CDK1,strict_qc,C112_T,C112,1104,0.07940161029471787,0.0806159420289855
COAD,Myeloid,CDK1,strict_qc,C113_N,C113,13,0.0,0.0
COAD,Myeloid,CDK1,strict_qc,C113_T,C113,139,0.11556041921717897,0.10071942446043165
COAD,Myeloid,CDK1,strict_qc,C114_N,C114,52,0.059201568428189945,0.019230769230769232
COAD,Myeloid,CDK1,strict_qc,C114_T,C114,144,0.12865960404822405,0.13194444444444445
COAD,Myeloid,CDK1,strict_qc,C115_N,C115,30,0.0911116426258166,0.06666666666666667
COAD,Myeloid,CDK1,strict_qc,C115_T,C115,182,0.03723737800037164,0.027472527472527472
COAD,Myeloid,CDK1,strict_qc,C116_N,C116,27,0.0,0.0
COAD,Myeloid,CDK1,strict_qc,C116_T,C116,344,0.10719766691651299,0.09302325581395349
COAD,Myeloid,CDK1,strict_qc,C118_T,C118,442,0.09920911004632688,0.09954751131221719
COAD,Myeloid,CDK1,strict_qc,C119_N,C119,1,0.0,0.0
COAD,Myeloid,CDK1,strict_qc,C119_T,C119,34,0.059340330867037834,0.058823529411764705
COAD,Myeloid,CDK1,strict_qc,C122_N,C122,72,0.03673973571272105,0.027777777777777776
COAD,Myeloid,CDK1,strict_qc,C122_T,C122,189,0.031519888629513125,0.021164021164021163
COAD,Myeloid,CDK1,strict_qc,C123_N,C123,66,0.08612935876949551,0.045454545454545456
COAD,Myeloid,CDK1,strict_qc,C123_T,C123,1109,0.08020940011905241,0.0829576194770063
COAD,Myeloid,CDK1,strict_qc,C124_N,C124,124,0.03963103226747495,0.024193548387096774
COAD,Myeloid,CDK1,strict_qc,C124_T,C124,1772,0.024653732735919705,0.0208803611738149
COAD,Myeloid,CDK1,strict_qc,C125_N,C125,102,0.031314695315263444,0.0196078431372549
COAD,Myeloid,CDK1,strict_qc,C125_T,C125,1149,0.09888627795937023,0.1061792863359443
COAD,Myeloid,CDK1,strict_qc,C126_N,C126,125,0.09076195379402502,0.064
COAD,Myeloid,CDK1,strict_qc,C126_T,C126,914,0.0829172438292573,0.060175054704595186
COAD,Myeloid,CDK1,strict_qc,C129_N,C129,37,0.03198853640036636,0.02702702702702703
COAD,Myeloid,CDK1,strict_qc,C129_T,C129,504,0.11082779696333331,0.08928571428571429
COAD,Myeloid,CDK1,strict_qc,C130_N,C130,89,0.07261215130535886,0.056179775280898875
COAD,Myeloid,CDK1,strict_qc,C130_TA,C130,319,0.04334090781239203,0.0438871473354232
COAD,Myeloid,CDK1,strict_qc,C130_TB,C130,326,0.08861264135598296,0.10122699386503067
COAD,Myeloid,CDK1,strict_qc,C132_N,C132,2,0.0,0.0
COAD,Myeloid,CDK1,strict_qc,C132_T,C132,454,0.14767530072786378,0.1343612334801762
COAD,Myeloid,CDK1,strict_qc,C133_N,C133,16,0.0,0.0
COAD,Myeloid,CDK1,strict_qc,C133_T,C133,504,0.11069784404995928,0.08531746031746032
COAD,Myeloid,CDK1,strict_qc,C134_N,C134,248,0.08334380019008526,0.06854838709677419
COAD,Myeloid,CDK1,strict_qc,C134_T,C134,550,0.01701112655940183,0.012727272727272728
COAD,Myeloid,CDK1,strict_qc,C135_N,C135,9,0.04520032232775826,0.1111111111111111
COAD,Myeloid,CDK1,strict_qc,C135_T,C135,885,0.042837563929370714,0.0327683615819209
COAD,Myeloid,CDK1,strict_qc,C136_N,C136,29,0.10294773014706166,0.06896551724137931
COAD,Myeloid,CDK1,strict_qc,C136_T,C136,281,0.09010157498562588,0.10676156583629894
COAD,Myeloid,CDK1,strict_qc,C137_N,C137,89,0.0,0.0
COAD,Myeloid,CDK1,strict_qc,C137_T,C137,555,0.02138362096249029,0.018018018018018018
COAD,Myeloid,CDK1,strict_qc,C138_N,C138,99,0.012433826047936875,0.020202020202020204
COAD,Myeloid,CDK1,strict_qc,C138_T,C138,335,0.008131484914815128,0.005970149253731343
COAD,Myeloid,CDK1,strict_qc,C139_N,C139,58,0.016735657556424595,0.034482758620689655
COAD,Myeloid,CDK1,strict_qc,C139_T,C139,419,0.026326264929510023,0.031026252983293555
COAD,Myeloid,CDK1,strict_qc,C140_N,C140,4,0.0,0.0
COAD,Myeloid,CDK1,strict_qc,C140_T,C140,553,0.05206195085927205,0.04701627486437613
COAD,Myeloid,CDK1,strict_qc,C142_N,C142,4,0.0,0.0
COAD,Myeloid,CDK1,strict_qc,C142_T,C142,179,0.06114494983111385,0.05027932960893855
COAD,Myeloid,CDK1,strict_qc,C143_N,C143,13,0.0,0.0
COAD,Myeloid,CDK1,strict_qc,C143_T,C143,472,0.03177402098039706,0.03389830508474576
COAD,Myeloid,CDK1,strict_qc,C144_T,C144,304,0.030068489539379104,0.023026315789473683
COAD,Myeloid,CDK1,strict_qc,C145_T,C145,368,0.05733979946840328,0.051630434782608696
COAD,Myeloid,CDK1,strict_qc,C146_T,C146,497,0.04499954078188556,0.03420523138832998
COAD,Myeloid,CDK1,strict_qc,C147_T,C147,619,0.08816433786376947,0.0630048465266559
COAD,Myeloid,CDK1,strict_qc,C149_T,C149,311,0.0562594281347371,0.05144694533762058
COAD,Myeloid,CDK1,strict_qc,C150_T,C150,165,0.08372518901681388,0.09090909090909091
COAD,Myeloid,CDK1,strict_qc,C151_N,C151,48,0.03386734579904335,0.020833333333333332
COAD,Myeloid,CDK1,strict_qc,C151_T,C151,29,0.03373930055048824,0.034482758620689655
COAD,Myeloid,CDK1,strict_qc,C152_N,C152,3,0.0,0.0
COAD,Myeloid,CDK1,strict_qc,C152_T,C152,130,0.04090172022864984,0.038461538461538464
COAD,Myeloid,CDK1,strict_qc,C153_T,C153,688,0.08547239294846878,0.07122093023255814
COAD,Myeloid,CDK1,strict_qc,C154_T,C154,149,0.05603003520433183,0.0738255033557047
COAD,Myeloid,CDK1,strict_qc,C155_N,C155,24,0.0,0.0
COAD,Myeloid,CDK1,strict_qc,C155_T,C155,279,0.10247656500357528,0.1111111111111111
COAD,Myeloid,CDK1,strict_qc,C156_T,C156,257,0.2052578540237088,0.1828793774319066
COAD,Myeloid,CDK1,strict_qc,C157_N,C157,95,0.10352580550683538,0.07368421052631578
COAD,Myeloid,CDK1,strict_qc,C157_T,C157,712,0.09859980418815899,0.09269662921348315
COAD,Myeloid,CDK1,strict_qc,C158_T,C158,835,0.10419974952441208,0.10778443113772455
COAD,Myeloid,CDK1,strict_qc,C159_T,C159,339,0.09477740481284426,0.11209439528023599
COAD,Myeloid,CDK1,strict_qc,C160_T,C160,393,0.08627722116888305,0.089058524173028
COAD,Myeloid,CDK1,strict_qc,C161_T,C161,224,0.11280244278163394,0.11160714285714286
COAD,Myeloid,CDK1,strict_qc,C162_N,C162,191,0.06283224687421234,0.06806282722513089
COAD,Myeloid,CDK1,strict_qc,C162_T,C162,2081,0.057371890153509596,0.06054781355117732
COAD,Myeloid,CDK1,strict_qc,C163_T,C163,163,0.17982482831881846,0.1165644171779141
COAD,Myeloid,CDK1,strict_qc,C164_T,C164,208,0.0527974521890576,0.04807692307692308
COAD,Myeloid,CDK1,strict_qc,C165_N,C165,74,0.0912617350008739,0.05405405405405406
COAD,Myeloid,CDK1,strict_qc,C165_T,C165,1147,0.03135912170093069,0.03923278116826504
COAD,Myeloid,CDK1,strict_qc,C166_T,C166,260,0.06015804413988559,0.057692307692307696
COAD,Myeloid,CDK1,strict_qc,C167_T,C167,177,0.050066275830704325,0.05084745762711865
COAD,Myeloid,CDK1,strict_qc,C168_T,C168,631,0.05112152614473177,0.06656101426307448
COAD,Myeloid,CDK1,strict_qc,C169_T,C169,348,0.023325166683521647,0.02586206896551724
COAD,Myeloid,CDK1,strict_qc,C170_N,C170,33,0.0,0.0
COAD,Myeloid,CDK1,strict_qc,C170_T,C170,1860,0.06594197842074287,0.07311827956989247
COAD,Myeloid,CDK1,strict_qc,C171_TA,C171,224,0.05778660291953508,0.06696428571428571
COAD,Myeloid,CDK1,strict_qc,C171_TB,C171,281,0.05132627556688336,0.03914590747330961
COAD,Myeloid,CDK1,strict_qc,C172_T,C172,362,0.05795030236304996,0.06629834254143646
COAD,Myeloid,CDK1,strict_qc,C173_T,C173,342,0.02999456977797549,0.02631578947368421
COAD,Myeloid,MYB,main_qc,C103_T,C103,315,0.03127785559453689,0.025396825396825397
COAD,Myeloid,MYB,main_qc,C104_T,C104,153,0.007912837569846804,0.006535947712418301
COAD,Myeloid,MYB,main_qc,C105_T,C105,196,0.003565538209246777,0.00510204081632653
COAD,Myeloid,MYB,main_qc,C106_N,C106,64,0.02204230128084509,0.015625
COAD,Myeloid,MYB,main_qc,C106_T,C106,158,0.013296698127986267,0.0189873417721519
COAD,Myeloid,MYB,main_qc,C107_N,C107,5,0.0,0.0
COAD,Myeloid,MYB,main_qc,C107_T,C107,789,0.03215404349771904,0.031685678073510776
COAD,Myeloid,MYB,main_qc,C109_N,C109,9,0.08585020220953572,0.1111111111111111
COAD,Myeloid,MYB,main_qc,C109_T,C109,338,0.019372116267219353,0.008875739644970414
COAD,Myeloid,MYB,main_qc,C110_N,C110,63,0.0,0.0
COAD,Myeloid,MYB,main_qc,C110_T,C110,1031,0.010779154459347049,0.01066925315227934
COAD,Myeloid,MYB,main_qc,C111_N,C111,237,0.002545922311429639,0.004219409282700422
COAD,Myeloid,MYB,main_qc,C111_T,C111,762,0.0019265170092343633,0.0013123359580052493
COAD,Myeloid,MYB,main_qc,C112_N,C112,101,0.007970493099867701,0.019801980198019802
COAD,Myeloid,MYB,main_qc,C112_T,C112,1249,0.009945084195233605,0.014411529223378704
COAD,Myeloid,MYB,main_qc,C113_N,C113,28,0.0,0.0
COAD,Myeloid,MYB,main_qc,C113_T,C113,200,0.03706681632434105,0.04
COAD,Myeloid,MYB,main_qc,C114_N,C114,81,0.009118591496847305,0.012345679012345678
COAD,Myeloid,MYB,main_qc,C114_T,C114,182,0.0013995543983393798,0.005494505494505495
COAD,Myeloid,MYB,main_qc,C115_N,C115,43,0.011147957809418432,0.023255813953488372
COAD,Myeloid,MYB,main_qc,C115_T,C115,293,0.004409486379149415,0.006825938566552901
COAD,Myeloid,MYB,main_qc,C116_N,C116,30,0.016352029454436402,0.03333333333333333
COAD,Myeloid,MYB,main_qc,C116_T,C116,409,0.015175859369371485,0.017114914425427872
COAD,Myeloid,MYB,main_qc,C118_T,C118,511,0.007369310327196497,0.0136986301369863
COAD,Myeloid,MYB,main_qc,C119_N,C119,1,0.0,0.0
COAD,Myeloid,MYB,main_qc,C119_T,C119,41,0.013786456751405449,0.024390243902439025
COAD,Myeloid,MYB,main_qc,C122_N,C122,112,0.0,0.0
COAD,Myeloid,MYB,main_qc,C122_T,C122,260,0.014720438973478404,0.011538461538461539
COAD,Myeloid,MYB,main_qc,C123_N,C123,127,0.0,0.0
COAD,Myeloid,MYB,main_qc,C123_T,C123,1295,0.017726417529402898,0.018532818532818532
COAD,Myeloid,MYB,main_qc,C124_N,C124,128,0.009375161636349242,0.0078125
COAD,Myeloid,MYB,main_qc,C124_T,C124,1992,0.005999672286359407,0.004518072289156626
COAD,Myeloid,MYB,main_qc,C125_N,C125,117,0.006541751663038538,0.008547008547008548
COAD,Myeloid,MYB,main_qc,C125_T,C125,1268,0.019800223488067085,0.02444794952681388
COAD,Myeloid,MYB,main_qc,C126_N,C126,165,0.0,0.0
COAD,Myeloid,MYB,main_qc,C126_T,C126,1032,0.011533548243741119,0.01065891472868217
COAD,Myeloid,MYB,main_qc,C129_N,C129,63,0.015078322790438508,0.015873015873015872
COAD,Myeloid,MYB,main_qc,C129_T,C129,563,0.022356073539636506,0.021314387211367674
COAD,Myeloid,MYB,main_qc,C130_N,C130,106,0.011541843498783398,0.018867924528301886
COAD,Myeloid,MYB,main_qc,C130_TA,C130,365,0.00470517916070096,0.005479452054794521
COAD,Myeloid,MYB,main_qc,C130_TB,C130,385,0.010695461927614955,0.015584415584415584
COAD,Myeloid,MYB,main_qc,C132_N,C132,7,0.0,0.0
COAD,Myeloid,MYB,main_qc,C132_T,C132,520,0.0075394254962892595,0.009615384615384616
COAD,Myeloid,MYB,main_qc,C133_N,C133,16,0.0,0.0
COAD,Myeloid,MYB,main_qc,C133_T,C133,532,0.009079943944709859,0.013157894736842105
COAD,Myeloid,MYB,main_qc,C134_N,C134,288,0.0027695229821817022,0.003472222222222222
COAD,Myeloid,MYB,main_qc,C134_T,C134,738,0.0024259505998382143,0.0027100271002710027
COAD,Myeloid,MYB,main_qc,C135_N,C135,10,0.0,0.0
COAD,Myeloid,MYB,main_qc,C135_T,C135,1078,0.01148457796513156,0.00927643784786642
COAD,Myeloid,MYB,main_qc,C136_N,C136,29,0.0,0.0
COAD,Myeloid,MYB,main_qc,C136_T,C136,330,0.018881481350535974,0.02727272727272727
COAD,Myeloid,MYB,main_qc,C137_N,C137,108,0.008737584875762542,0.009259259259259259
COAD,Myeloid,MYB,main_qc,C137_T,C137,748,0.007453280751361832,0.0066844919786096255
COAD,Myeloid,MYB,main_qc,C138_N,C138,118,0.015418372316178375,0.00847457627118644
COAD,Myeloid,MYB,main_qc,C138_T,C138,420,0.006956721404988519,0.004761904761904762
COAD,Myeloid,MYB,main_qc,C139_N,C139,76,0.009572858361606852,0.013157894736842105
COAD,Myeloid,MYB,main_qc,C139_T,C139,493,0.016502612917170558,0.014198782961460446
COAD,Myeloid,MYB,main_qc,C140_N,C140,12,0.0,0.0
COAD,Myeloid,MYB,main_qc,C140_T,C140,601,0.011613663279537955,0.014975041597337771
COAD,Myeloid,MYB,main_qc,C142_N,C142,12,0.0,0.0
COAD,Myeloid,MYB,main_qc,C142_T,C142,216,0.019278434342123597,0.013888888888888888
COAD,Myeloid,MYB,main_qc,C143_N,C143,23,0.0,0.0
COAD,Myeloid,MYB,main_qc,C143_T,C143,552,0.019371563539458746,0.021739130434782608
COAD,Myeloid,MYB,main_qc,C144_T,C144,434,0.005120331949732437,0.004608294930875576
COAD,Myeloid,MYB,main_qc,C145_T,C145,438,0.01569479890112752,0.0136986301369863
COAD,Myeloid,MYB,main_qc,C146_T,C146,569,0.01620355348854809,0.015817223198594025
COAD,Myeloid,MYB,main_qc,C147_T,C147,699,0.0009309343384930552,0.001430615164520744
COAD,Myeloid,MYB,main_qc,C149_T,C149,357,0.011688344327114186,0.011204481792717087
COAD,Myeloid,MYB,main_qc,C150_T,C150,190,0.0033396220474242984,0.005263157894736842
COAD,Myeloid,MYB,main_qc,C151_N,C151,57,0.0,0.0
COAD,Myeloid,MYB,main_qc,C151_T,C151,44,0.0,0.0
COAD,Myeloid,MYB,main_qc,C152_N,C152,3,0.0,0.0
COAD,Myeloid,MYB,main_qc,C152_T,C152,143,0.00889395373336892,0.006993006993006993
COAD,Myeloid,MYB,main_qc,C153_T,C153,793,0.015134222105114763,0.013871374527112233
COAD,Myeloid,MYB,main_qc,C154_T,C154,164,0.028130310609396404,0.04878048780487805
COAD,Myeloid,MYB,main_qc,C155_N,C155,26,0.0,0.0
COAD,Myeloid,MYB,main_qc,C155_T,C155,307,0.011259422673614673,0.03257328990228013
COAD,Myeloid,MYB,main_qc,C156_T,C156,329,0.01336810448836568,0.03343465045592705
COAD,Myeloid,MYB,main_qc,C157_N,C157,104,0.02034794780951878,0.019230769230769232
COAD,Myeloid,MYB,main_qc,C157_T,C157,735,0.018142855278888294,0.02857142857142857
COAD,Myeloid,MYB,main_qc,C158_T,C158,1020,0.011565920234412294,0.01764705882352941
COAD,Myeloid,MYB,main_qc,C159_T,C159,386,0.027099118285613167,0.04922279792746114
COAD,Myeloid,MYB,main_qc,C160_T,C160,456,0.007140656126233325,0.015350877192982455
COAD,Myeloid,MYB,main_qc,C161_T,C161,297,0.026163937473937006,0.037037037037037035
COAD,Myeloid,MYB,main_qc,C162_N,C162,248,0.026912528072139057,0.016129032258064516
COAD,Myeloid,MYB,main_qc,C162_T,C162,2282,0.016445522804735466,0.019281332164767746
COAD,Myeloid,MYB,main_qc,C163_T,C163,174,0.03013224001593227,0.034482758620689655
COAD,Myeloid,MYB,main_qc,C164_T,C164,224,0.013111851430226047,0.017857142857142856
COAD,Myeloid,MYB,main_qc,C165_N,C165,108,0.0,0.0
COAD,Myeloid,MYB,main_qc,C165_T,C165,1351,0.006251423704519611,0.008882309400444115
COAD,Myeloid,MYB,main_qc,C166_T,C166,272,0.02960643052887527,0.025735294117647058
COAD,Myeloid,MYB,main_qc,C167_T,C167,285,0.002018599851191612,0.0035087719298245615
COAD,Myeloid,MYB,main_qc,C168_T,C168,662,0.004687840078994128,0.0075528700906344415
COAD,Myeloid,MYB,main_qc,C169_T,C169,410,0.019452016091915218,0.01707317073170732
COAD,Myeloid,MYB,main_qc,C170_N,C170,38,0.0,0.0
COAD,Myeloid,MYB,main_qc,C170_T,C170,2916,0.005428096833987939,0.00720164609053498
COAD,Myeloid,MYB,main_qc,C171_TA,C171,241,0.0499757830051809,0.058091286307053944
COAD,Myeloid,MYB,main_qc,C171_TB,C171,304,0.04855756106914289,0.06907894736842106
COAD,Myeloid,MYB,main_qc,C172_T,C172,422,0.006566982150385142,0.009478672985781991
COAD,Myeloid,MYB,main_qc,C173_T,C173,386,0.02342816368116181,0.015544041450777202
COAD,Myeloid,MYB,strict_qc,C103_T,C103,272,0.027977771903970078,0.025735294117647058
COAD,Myeloid,MYB,strict_qc,C104_T,C104,82,0.014764196929104403,0.012195121951219513
COAD,Myeloid,MYB,strict_qc,C105_T,C105,129,0.005417406891568746,0.007751937984496124
COAD,Myeloid,MYB,strict_qc,C106_N,C106,30,0.04702357606580286,0.03333333333333333
COAD,Myeloid,MYB,strict_qc,C106_T,C106,132,0.015915744728953258,0.022727272727272728
COAD,Myeloid,MYB,strict_qc,C107_N,C107,5,0.0,0.0
COAD,Myeloid,MYB,strict_qc,C107_T,C107,693,0.031951463262409,0.03318903318903319
COAD,Myeloid,MYB,strict_qc,C109_N,C109,7,0.11037883141226022,0.14285714285714285
COAD,Myeloid,MYB,strict_qc,C109_T,C109,210,0.0038340036661475437,0.004761904761904762
COAD,Myeloid,MYB,strict_qc,C110_N,C110,25,0.0,0.0
COAD,Myeloid,MYB,strict_qc,C110_T,C110,866,0.009789361828729902,0.011547344110854504
COAD,Myeloid,MYB,strict_qc,C111_N,C111,167,0.003613075376100745,0.005988023952095809
COAD,Myeloid,MYB,strict_qc,C111_T,C111,633,0.0023191247409740674,0.001579778830963665
COAD,Myeloid,MYB,strict_qc,C112_N,C112,66,0.012197269743736937,0.030303030303030304
COAD,Myeloid,MYB,strict_qc,C112_T,C112,1104,0.011251277318701786,0.016304347826086956
COAD,Myeloid,MYB,strict_qc,C113_N,C113,13,0.0,0.0
COAD,Myeloid,MYB,strict_qc,C113_T,C113,139,0.05333354866811661,0.05755395683453238
COAD,Myeloid,MYB,strict_qc,C114_N,C114,52,0.014203959831627533,0.019230769230769232
COAD,Myeloid,MYB,strict_qc,C114_T,C114,144,0.0017688812534567163,0.006944444444444444
COAD,Myeloid,MYB,strict_qc,C115_N,C115,30,0.015978739526833086,0.03333333333333333
COAD,Myeloid,MYB,strict_qc,C115_T,C115,182,0.007098788511487795,0.01098901098901099
COAD,Myeloid,MYB,strict_qc,C116_N,C116,27,0.018168921616040445,0.037037037037037035
COAD,Myeloid,MYB,strict_qc,C116_T,C116,344,0.018043390936258535,0.020348837209302327
COAD,Myeloid,MYB,strict_qc,C118_T,C118,442,0.008519723025333506,0.01583710407239819
COAD,Myeloid,MYB,strict_qc,C119_N,C119,1,0.0,0.0
COAD,Myeloid,MYB,strict_qc,C119_T,C119,34,0.01662484490610657,0.029411764705882353
COAD,Myeloid,MYB,strict_qc,C122_N,C122,72,0.0,0.0
COAD,Myeloid,MYB,strict_qc,C122_T,C122,189,0.02025033932859463,0.015873015873015872
COAD,Myeloid,MYB,strict_qc,C123_N,C123,66,0.0,0.0
COAD,Myeloid,MYB,strict_qc,C123_T,C123,1109,0.019460606058508946,0.020739404869251576
COAD,Myeloid,MYB,strict_qc,C124_N,C124,124,0.009677586205263733,0.008064516129032258
COAD,Myeloid,MYB,strict_qc,C124_T,C124,1772,0.00674455259279229,0.005079006772009029
COAD,Myeloid,MYB,strict_qc,C125_N,C125,102,0.007503773966426559,0.00980392156862745
COAD,Myeloid,MYB,strict_qc,C125_T,C125,1149,0.021850899375865155,0.026979982593559618
COAD,Myeloid,MYB,strict_qc,C126_N,C126,125,0.0,0.0
COAD,Myeloid,MYB,strict_qc,C126_T,C126,914,0.013022562130788659,0.012035010940919038
COAD,Myeloid,MYB,strict_qc,C129_N,C129,37,0.025673900967503403,0.02702702702702703
COAD,Myeloid,MYB,strict_qc,C129_T,C129,504,0.02497315357701459,0.023809523809523808
COAD,Myeloid,MYB,strict_qc,C130_N,C130,89,0.013746465290685845,0.02247191011235955
COAD,Myeloid,MYB,strict_qc,C130_TA,C130,319,0.005383668945629625,0.006269592476489028
COAD,Myeloid,MYB,strict_qc,C130_TB,C130,326,0.01263114368752073,0.018404907975460124
COAD,Myeloid,MYB,strict_qc,C132_N,C132,2,0.0,0.0
COAD,Myeloid,MYB,strict_qc,C132_T,C132,454,0.008635465326146287,0.011013215859030838
COAD,Myeloid,MYB,strict_qc,C133_N,C133,16,0.0,0.0
COAD,Myeloid,MYB,strict_qc,C133_T,C133,504,0.009584385274971519,0.013888888888888888
COAD,Myeloid,MYB,strict_qc,C134_N,C134,248,0.003216220237372299,0.004032258064516129
COAD,Myeloid,MYB,strict_qc,C134_T,C134,550,0.00325518462305564,0.0036363636363636364
COAD,Myeloid,MYB,strict_qc,C135_N,C135,9,0.0,0.0
COAD,Myeloid,MYB,strict_qc,C135_T,C135,885,0.010742510405084766,0.010169491525423728
COAD,Myeloid,MYB,strict_qc,C136_N,C136,29,0.0,0.0
COAD,Myeloid,MYB,strict_qc,C136_T,C136,281,0.022173981657213064,0.03202846975088968
COAD,Myeloid,MYB,strict_qc,C137_N,C137,89,0.010602911984071399,0.011235955056179775
COAD,Myeloid,MYB,strict_qc,C137_T,C137,555,0.010045142345979549,0.009009009009009009
COAD,Myeloid,MYB,strict_qc,C138_N,C138,99,0.018377453871808568,0.010101010101010102
COAD,Myeloid,MYB,strict_qc,C138_T,C138,335,0.008721859671925904,0.005970149253731343
COAD,Myeloid,MYB,strict_qc,C139_N,C139,58,0.01254374543934691,0.017241379310344827
COAD,Myeloid,MYB,strict_qc,C139_T,C139,419,0.01941715553261357,0.016706443914081145
COAD,Myeloid,MYB,strict_qc,C140_N,C140,4,0.0,0.0
COAD,Myeloid,MYB,strict_qc,C140_T,C140,553,0.012621720851722081,0.0162748643761302
COAD,Myeloid,MYB,strict_qc,C142_N,C142,4,0.0,0.0
COAD,Myeloid,MYB,strict_qc,C142_T,C142,179,0.01120167459744928,0.0111731843575419
COAD,Myeloid,MYB,strict_qc,C143_N,C143,13,0.0,0.0
COAD,Myeloid,MYB,strict_qc,C143_T,C143,472,0.018753715664976786,0.023305084745762712
COAD,Myeloid,MYB,strict_qc,C144_T,C144,304,0.0013344250268383458,0.003289473684210526
COAD,Myeloid,MYB,strict_qc,C145_T,C145,368,0.01868022260514634,0.016304347826086956
COAD,Myeloid,MYB,strict_qc,C146_T,C146,497,0.018550949567371956,0.018108651911468814
COAD,Myeloid,MYB,strict_qc,C147_T,C147,619,0.0010512489541302835,0.0016155088852988692
COAD,Myeloid,MYB,strict_qc,C149_T,C149,311,0.005641800790047418,0.00964630225080386
COAD,Myeloid,MYB,strict_qc,C150_T,C150,165,0.0038456253879431317,0.006060606060606061
COAD,Myeloid,MYB,strict_qc,C151_N,C151,48,0.0,0.0
COAD,Myeloid,MYB,strict_qc,C151_T,C151,29,0.0,0.0
COAD,Myeloid,MYB,strict_qc,C152_N,C152,3,0.0,0.0
COAD,Myeloid,MYB,strict_qc,C152_T,C152,130,0.009783349106705811,0.007692307692307693
COAD,Myeloid,MYB,strict_qc,C153_T,C153,688,0.0174439507694128,0.015988372093023256
COAD,Myeloid,MYB,strict_qc,C154_T,C154,149,0.030962221073429597,0.053691275167785234
COAD,Myeloid,MYB,strict_qc,C155_N,C155,24,0.0,0.0
COAD,Myeloid,MYB,strict_qc,C155_T,C155,279,0.010106504173786352,0.02867383512544803
COAD,Myeloid,MYB,strict_qc,C156_T,C156,257,0.012635802578001617,0.03501945525291829
COAD,Myeloid,MYB,strict_qc,C157_N,C157,95,0.022275648128315294,0.021052631578947368
COAD,Myeloid,MYB,strict_qc,C157_T,C157,712,0.01665823304973443,0.028089887640449437
COAD,Myeloid,MYB,strict_qc,C158_T,C158,835,0.011692569032739726,0.017964071856287425
COAD,Myeloid,MYB,strict_qc,C159_T,C159,339,0.026578732051107924,0.05014749262536873
COAD,Myeloid,MYB,strict_qc,C160_T,C160,393,0.007077762477525802,0.015267175572519083
COAD,Myeloid,MYB,strict_qc,C161_T,C161,224,0.023272627412851334,0.03125
COAD,Myeloid,MYB,strict_qc,C162_N,C162,191,0.019093024432332,0.015706806282722512
COAD,Myeloid,MYB,strict_qc,C162_T,C162,2081,0.016554096354168095,0.020182604517059107
COAD,Myeloid,MYB,strict_qc,C163_T,C163,163,0.03216570406608721,0.03680981595092025
COAD,Myeloid,MYB,strict_qc,C164_T,C164,208,0.014120455386397281,0.019230769230769232
COAD,Myeloid,MYB,strict_qc,C165_N,C165,74,0.0,0.0
COAD,Myeloid,MYB,strict_qc,C165_T,C165,1147,0.006316764047692559,0.00959023539668701
COAD,Myeloid,MYB,strict_qc,C166_T,C166,260,0.030972881168669513,0.026923076923076925
COAD,Myeloid,MYB,strict_qc,C167_T,C167,177,0.0032502878959864935,0.005649717514124294
COAD,Myeloid,MYB,strict_qc,C168_T,C168,631,0.004918146009974821,0.00792393026941363
COAD,Myeloid,MYB,strict_qc,C169_T,C169,348,0.020636515890313473,0.017241379310344827
COAD,Myeloid,MYB,strict_qc,C170_N,C170,33,0.0,0.0
COAD,Myeloid,MYB,strict_qc,C170_T,C170,1860,0.008406511333873512,0.010752688172043012
COAD,Myeloid,MYB,strict_qc,C171_TA,C171,224,0.04425514746292358,0.05357142857142857
COAD,Myeloid,MYB,strict_qc,C171_TB,C171,281,0.0481270814662031,0.0711743772241993
COAD,Myeloid,MYB,strict_qc,C172_T,C172,362,0.005745345202582924,0.008287292817679558
COAD,Myeloid,MYB,strict_qc,C173_T,C173,342,0.026442313394527656,0.017543859649122806
LIHC,T/NK,AR,main_qc,HCC01T,HCC01,1112,0.004725583219773673,0.007194244604316547
LIHC,T/NK,AR,main_qc,HCC02T,HCC02,381,0.029926451759480565,0.06824146981627296
LIHC,T/NK,AR,main_qc,HCC03N,HCC03,414,0.05927118387656767,0.057971014492753624
LIHC,T/NK,AR,main_qc,HCC03T,HCC03,203,0.04255912820200811,0.08866995073891626
LIHC,T/NK,AR,main_qc,HCC04N,HCC04,1508,0.018768886230137994,0.023872679045092837
LIHC,T/NK,AR,main_qc,HCC04T,HCC04,253,0.06411543747417656,0.2015810276679842
LIHC,T/NK,AR,main_qc,HCC05N,HCC05,3182,0.0004661311635317199,0.00031426775612822125
LIHC,T/NK,AR,main_qc,HCC05T,HCC05,386,0.07800195959356733,0.09326424870466321
LIHC,T/NK,AR,main_qc,HCC06N,HCC06,2725,0.0014319096117156687,0.0007339449541284404
LIHC,T/NK,AR,main_qc,HCC06T,HCC06,1651,0.007324979945994761,0.013930950938824955
LIHC,T/NK,AR,main_qc,HCC07N,HCC07,2486,0.0006268471505783273,0.00040225261464199515
LIHC,T/NK,AR,main_qc,HCC07P,HCC07,236,0.0,0.0
LIHC,T/NK,AR,main_qc,HCC07T,HCC07,102,0.0,0.0
LIHC,T/NK,AR,main_qc,HCC08N,HCC08,4069,0.0,0.0
LIHC,T/NK,AR,main_qc,HCC08P,HCC08,348,0.0,0.0
LIHC,T/NK,AR,main_qc,HCC08T,HCC08,1338,0.0,0.0
LIHC,T/NK,AR,main_qc,HCC09N,HCC09,992,0.0005278480578677236,0.0010080645161290322
LIHC,T/NK,AR,main_qc,HCC09T,HCC09,641,0.03356767759455403,0.046801872074883
LIHC,T/NK,AR,main_qc,HCC10L,HCC10,485,0.0032874000954699403,0.01443298969072165
LIHC,T/NK,AR,main_qc,HCC10N,HCC10,2315,0.0008729155231937242,0.0008639308855291577
LIHC,T/NK,AR,main_qc,HCC10T,HCC10,764,0.0004001883825196171,0.0013089005235602095
LIHC,T/NK,AR,strict_qc,HCC01T,HCC01,1112,0.004725583219773673,0.007194244604316547
LIHC,T/NK,AR,strict_qc,HCC02T,HCC02,381,0.029926451759480565,0.06824146981627296
LIHC,T/NK,AR,strict_qc,HCC03N,HCC03,413,0.05941469763898066,0.05811138014527845
LIHC,T/NK,AR,strict_qc,HCC03T,HCC03,203,0.04255912820200811,0.08866995073891626
LIHC,T/NK,AR,strict_qc,HCC04N,HCC04,1508,0.018768886230137994,0.023872679045092837
LIHC,T/NK,AR,strict_qc,HCC04T,HCC04,253,0.06411543747417656,0.2015810276679842
LIHC,T/NK,AR,strict_qc,HCC05N,HCC05,3182,0.0004661311635317199,0.00031426775612822125
LIHC,T/NK,AR,strict_qc,HCC05T,HCC05,386,0.07800195959356733,0.09326424870466321
LIHC,T/NK,AR,strict_qc,HCC06N,HCC06,2725,0.0014319096117156687,0.0007339449541284404
LIHC,T/NK,AR,strict_qc,HCC06T,HCC06,1651,0.007324979945994761,0.013930950938824955
LIHC,T/NK,AR,strict_qc,HCC07N,HCC07,2486,0.0006268471505783273,0.00040225261464199515
LIHC,T/NK,AR,strict_qc,HCC07P,HCC07,236,0.0,0.0
LIHC,T/NK,AR,strict_qc,HCC07T,HCC07,102,0.0,0.0
LIHC,T/NK,AR,strict_qc,HCC08N,HCC08,4069,0.0,0.0
LIHC,T/NK,AR,strict_qc,HCC08P,HCC08,348,0.0,0.0
LIHC,T/NK,AR,strict_qc,HCC08T,HCC08,1338,0.0,0.0
LIHC,T/NK,AR,strict_qc,HCC09N,HCC09,992,0.0005278480578677236,0.0010080645161290322
LIHC,T/NK,AR,strict_qc,HCC09T,HCC09,641,0.03356767759455403,0.046801872074883
LIHC,T/NK,AR,strict_qc,HCC10L,HCC10,485,0.0032874000954699403,0.01443298969072165
LIHC,T/NK,AR,strict_qc,HCC10N,HCC10,2315,0.0008729155231937242,0.0008639308855291577
LIHC,T/NK,AR,strict_qc,HCC10T,HCC10,764,0.0004001883825196171,0.0013089005235602095
LIHC,T/NK,HDAC1,main_qc,HCC01T,HCC01,1112,0.19487149799059528,0.17985611510791366
LIHC,T/NK,HDAC1,main_qc,HCC02T,HCC02,381,0.4299469943175351,0.5328083989501312
LIHC,T/NK,HDAC1,main_qc,HCC03N,HCC03,414,0.15382191427537087,0.08695652173913043
LIHC,T/NK,HDAC1,main_qc,HCC03T,HCC03,203,0.2800484898600865,0.3645320197044335
LIHC,T/NK,HDAC1,main_qc,HCC04N,HCC04,1508,0.12940992938601428,0.08488063660477453
LIHC,T/NK,HDAC1,main_qc,HCC04T,HCC04,253,0.2915846385477864,0.44664031620553357
LIHC,T/NK,HDAC1,main_qc,HCC05N,HCC05,3182,0.24743188807585031,0.1624764299182904
LIHC,T/NK,HDAC1,main_qc,HCC05T,HCC05,386,0.29085714988061306,0.266839378238342
LIHC,T/NK,HDAC1,main_qc,HCC06N,HCC06,2725,0.24543357807845934,0.15009174311926604
LIHC,T/NK,HDAC1,main_qc,HCC06T,HCC06,1651,0.2757479523859367,0.20169594185342216
LIHC,T/NK,HDAC1,main_qc,HCC07N,HCC07,2486,0.37401497935233147,0.24215607401448108
LIHC,T/NK,HDAC1,main_qc,HCC07P,HCC07,236,0.2834996252782154,0.2457627118644068
LIHC,T/NK,HDAC1,main_qc,HCC07T,HCC07,102,0.08764522456710745,0.049019607843137254
LIHC,T/NK,HDAC1,main_qc,HCC08N,HCC08,4069,0.27012819583972053,0.16760874907839765
LIHC,T/NK,HDAC1,main_qc,HCC08P,HCC08,348,0.525717656234404,0.5890804597701149
LIHC,T/NK,HDAC1,main_qc,HCC08T,HCC08,1338,0.2641193267279234,0.1890881913303438
LIHC,T/NK,HDAC1,main_qc,HCC09N,HCC09,992,0.2511883973473255,0.16330645161290322
LIHC,T/NK,HDAC1,main_qc,HCC09T,HCC09,641,0.24417920075895796,0.17160686427457097
LIHC,T/NK,HDAC1,main_qc,HCC10L,HCC10,485,0.28088691885083567,0.23505154639175257
LIHC,T/NK,HDAC1,main_qc,HCC10N,HCC10,2315,0.2355548626035786,0.12570194384449243
LIHC,T/NK,HDAC1,main_qc,HCC10T,HCC10,764,0.2353173622423698,0.1518324607329843
LIHC,T/NK,HDAC1,strict_qc,HCC01T,HCC01,1112,0.19487149799059528,0.17985611510791366
LIHC,T/NK,HDAC1,strict_qc,HCC02T,HCC02,381,0.4299469943175351,0.5328083989501312
LIHC,T/NK,HDAC1,strict_qc,HCC03N,HCC03,413,0.15419436443100132,0.08716707021791767
LIHC,T/NK,HDAC1,strict_qc,HCC03T,HCC03,203,0.2800484898600865,0.3645320197044335
LIHC,T/NK,HDAC1,strict_qc,HCC04N,HCC04,1508,0.12940992938601428,0.08488063660477453
LIHC,T/NK,HDAC1,strict_qc,HCC04T,HCC04,253,0.2915846385477864,0.44664031620553357
LIHC,T/NK,HDAC1,strict_qc,HCC05N,HCC05,3182,0.24743188807585031,0.1624764299182904
LIHC,T/NK,HDAC1,strict_qc,HCC05T,HCC05,386,0.29085714988061306,0.266839378238342
LIHC,T/NK,HDAC1,strict_qc,HCC06N,HCC06,2725,0.24543357807845934,0.15009174311926604
LIHC,T/NK,HDAC1,strict_qc,HCC06T,HCC06,1651,0.2757479523859367,0.20169594185342216
LIHC,T/NK,HDAC1,strict_qc,HCC07N,HCC07,2486,0.37401497935233147,0.24215607401448108
LIHC,T/NK,HDAC1,strict_qc,HCC07P,HCC07,236,0.2834996252782154,0.2457627118644068
LIHC,T/NK,HDAC1,strict_qc,HCC07T,HCC07,102,0.08764522456710745,0.049019607843137254
LIHC,T/NK,HDAC1,strict_qc,HCC08N,HCC08,4069,0.27012819583972053,0.16760874907839765
LIHC,T/NK,HDAC1,strict_qc,HCC08P,HCC08,348,0.525717656234404,0.5890804597701149
LIHC,T/NK,HDAC1,strict_qc,HCC08T,HCC08,1338,0.2641193267279234,0.1890881913303438
LIHC,T/NK,HDAC1,strict_qc,HCC09N,HCC09,992,0.2511883973473255,0.16330645161290322
LIHC,T/NK,HDAC1,strict_qc,HCC09T,HCC09,641,0.24417920075895796,0.17160686427457097
LIHC,T/NK,HDAC1,strict_qc,HCC10L,HCC10,485,0.28088691885083567,0.23505154639175257
LIHC,T/NK,HDAC1,strict_qc,HCC10N,HCC10,2315,0.2355548626035786,0.12570194384449243
LIHC,T/NK,HDAC1,strict_qc,HCC10T,HCC10,764,0.2353173622423698,0.1518324607329843
STAD,Fibroblast,HSP90AB1,main_qc,GSM5573466,,169,2.3512169016845803,0.9704142011834319
STAD,Fibroblast,HSP90AB1,main_qc,GSM5573467,,36,2.2486916526996175,0.9166666666666666
STAD,Fibroblast,HSP90AB1,main_qc,GSM5573468,,225,2.5188626555258837,0.9644444444444444
STAD,Fibroblast,HSP90AB1,main_qc,GSM5573469,,18,1.8097959747495282,0.8333333333333334
STAD,Fibroblast,HSP90AB1,main_qc,GSM5573470,,151,2.2280702398819834,0.9470198675496688
STAD,Fibroblast,HSP90AB1,main_qc,GSM5573471,,100,1.9843584210176213,0.88
STAD,Fibroblast,HSP90AB1,main_qc,GSM5573472,,114,2.3305590793549884,0.9649122807017544
STAD,Fibroblast,HSP90AB1,main_qc,GSM5573473,,1518,2.2627060934588057,0.8893280632411067
STAD,Fibroblast,HSP90AB1,main_qc,GSM5573474,,148,2.239116295743774,0.8986486486486487
STAD,Fibroblast,HSP90AB1,main_qc,GSM5573475,,116,2.5220380404199023,0.9568965517241379
STAD,Fibroblast,HSP90AB1,main_qc,GSM5573476,,130,1.940289651782756,0.8384615384615385
STAD,Fibroblast,HSP90AB1,main_qc,GSM5573477,,71,2.0660031117132664,0.8309859154929577
STAD,Fibroblast,HSP90AB1,main_qc,GSM5573478,,335,2.027818286148821,0.755223880597015
STAD,Fibroblast,HSP90AB1,main_qc,GSM5573479,,302,2.35119118017832,0.9238410596026491
STAD,Fibroblast,HSP90AB1,main_qc,GSM5573480,,493,2.380148840000997,0.9513184584178499
STAD,Fibroblast,HSP90AB1,main_qc,GSM5573481,,94,2.255360595020418,0.9680851063829787
STAD,Fibroblast,HSP90AB1,main_qc,GSM5573482,,2465,2.2817058470358433,0.9732251521298174
STAD,Fibroblast,HSP90AB1,main_qc,GSM5573483,,547,2.363711702490672,0.9195612431444241
STAD,Fibroblast,HSP90AB1,main_qc,GSM5573484,,358,2.6458208464423976,0.9581005586592178
STAD,Fibroblast,HSP90AB1,main_qc,GSM5573485,,547,1.8570558687089147,0.8647166361974405
STAD,Fibroblast,HSP90AB1,main_qc,GSM5573486,,95,2.042304428328634,0.9052631578947369
STAD,Fibroblast,HSP90AB1,main_qc,GSM5573487,,3,2.3059019398619838,1.0
STAD,Fibroblast,HSP90AB1,main_qc,GSM5573488,,529,2.2359198220833054,0.9149338374291115
STAD,Fibroblast,HSP90AB1,main_qc,GSM5573489,,193,2.362725770899279,0.9585492227979274
STAD,Fibroblast,HSP90AB1,main_qc,GSM5573490,,195,2.3474049714694396,0.9794871794871794
STAD,Fibroblast,HSP90AB1,main_qc,GSM5573491,,206,2.5241286163152816,0.941747572815534
STAD,Fibroblast,HSP90AB1,main_qc,GSM5573492,,71,1.7745902199408563,0.7746478873239436
STAD,Fibroblast,HSP90AB1,main_qc,GSM5573493,,486,2.3401197088965304,0.948559670781893
STAD,Fibroblast,HSP90AB1,main_qc,GSM5573494,,142,2.456709089918969,0.9507042253521126
STAD,Fibroblast,HSP90AB1,main_qc,GSM5573495,,151,2.5867768996611864,0.9139072847682119
STAD,Fibroblast,HSP90AB1,main_qc,GSM5573496,,67,2.208850012236656,0.9253731343283582
STAD,Fibroblast,HSP90AB1,main_qc,GSM5573497,,151,2.2601580394265937,0.9735099337748344
STAD,Fibroblast,HSP90AB1,main_qc,GSM5573498,,155,2.3201623040637087,0.967741935483871
STAD,Fibroblast,HSP90AB1,main_qc,GSM5573499,,977,2.197739846373783,0.9641760491299898
STAD,Fibroblast,HSP90AB1,main_qc,GSM5573500,,401,2.8492335824593256,0.9526184538653366
STAD,Fibroblast,HSP90AB1,main_qc,GSM5573501,,13,2.518746415298739,0.8461538461538461
STAD,Fibroblast,HSP90AB1,main_qc,GSM5573502,,41,2.2656362787371798,1.0
STAD,Fibroblast,HSP90AB1,main_qc,GSM5573503,,387,2.93636301349757,0.979328165374677
STAD,Fibroblast,HSP90AB1,main_qc,GSM5573504,,328,2.653286898305206,0.9451219512195121
STAD,Fibroblast,HSP90AB1,main_qc,GSM5573505,,442,2.187943784562654,0.9411764705882353
STAD,Fibroblast,HSP90AB1,strict_qc,GSM5573466,,169,2.3512169016845803,0.9704142011834319
STAD,Fibroblast,HSP90AB1,strict_qc,GSM5573467,,36,2.2486916526996175,0.9166666666666666
STAD,Fibroblast,HSP90AB1,strict_qc,GSM5573468,,225,2.5188626555258837,0.9644444444444444
STAD,Fibroblast,HSP90AB1,strict_qc,GSM5573469,,18,1.8097959747495282,0.8333333333333334
STAD,Fibroblast,HSP90AB1,strict_qc,GSM5573470,,151,2.2280702398819834,0.9470198675496688
STAD,Fibroblast,HSP90AB1,strict_qc,GSM5573471,,100,1.9843584210176213,0.88
STAD,Fibroblast,HSP90AB1,strict_qc,GSM5573472,,114,2.3305590793549884,0.9649122807017544
STAD,Fibroblast,HSP90AB1,strict_qc,GSM5573473,,1517,2.264197659769589,0.8899143045484509
STAD,Fibroblast,HSP90AB1,strict_qc,GSM5573474,,148,2.239116295743774,0.8986486486486487
STAD,Fibroblast,HSP90AB1,strict_qc,GSM5573475,,116,2.5220380404199023,0.9568965517241379
STAD,Fibroblast,HSP90AB1,strict_qc,GSM5573476,,130,1.940289651782756,0.8384615384615385
STAD,Fibroblast,HSP90AB1,strict_qc,GSM5573477,,71,2.0660031117132664,0.8309859154929577
STAD,Fibroblast,HSP90AB1,strict_qc,GSM5573478,,334,2.025884140753153,0.7544910179640718
STAD,Fibroblast,HSP90AB1,strict_qc,GSM5573479,,302,2.35119118017832,0.9238410596026491
STAD,Fibroblast,HSP90AB1,strict_qc,GSM5573480,,493,2.380148840000997,0.9513184584178499
STAD,Fibroblast,HSP90AB1,strict_qc,GSM5573481,,94,2.255360595020418,0.9680851063829787
STAD,Fibroblast,HSP90AB1,strict_qc,GSM5573482,,2465,2.2817058470358433,0.9732251521298174
STAD,Fibroblast,HSP90AB1,strict_qc,GSM5573483,,547,2.363711702490672,0.9195612431444241
STAD,Fibroblast,HSP90AB1,strict_qc,GSM5573484,,358,2.6458208464423976,0.9581005586592178
STAD,Fibroblast,HSP90AB1,strict_qc,GSM5573485,,547,1.8570558687089147,0.8647166361974405
STAD,Fibroblast,HSP90AB1,strict_qc,GSM5573486,,95,2.042304428328634,0.9052631578947369
STAD,Fibroblast,HSP90AB1,strict_qc,GSM5573487,,3,2.3059019398619838,1.0
STAD,Fibroblast,HSP90AB1,strict_qc,GSM5573488,,529,2.2359198220833054,0.9149338374291115
STAD,Fibroblast,HSP90AB1,strict_qc,GSM5573489,,193,2.362725770899279,0.9585492227979274
STAD,Fibroblast,HSP90AB1,strict_qc,GSM5573490,,195,2.3474049714694396,0.9794871794871794
STAD,Fibroblast,HSP90AB1,strict_qc,GSM5573491,,206,2.5241286163152816,0.941747572815534
STAD,Fibroblast,HSP90AB1,strict_qc,GSM5573492,,71,1.7745902199408563,0.7746478873239436
STAD,Fibroblast,HSP90AB1,strict_qc,GSM5573493,,486,2.3401197088965304,0.948559670781893
STAD,Fibroblast,HSP90AB1,strict_qc,GSM5573494,,142,2.456709089918969,0.9507042253521126
STAD,Fibroblast,HSP90AB1,strict_qc,GSM5573495,,151,2.5867768996611864,0.9139072847682119
STAD,Fibroblast,HSP90AB1,strict_qc,GSM5573496,,67,2.208850012236656,0.9253731343283582
STAD,Fibroblast,HSP90AB1,strict_qc,GSM5573497,,151,2.2601580394265937,0.9735099337748344
STAD,Fibroblast,HSP90AB1,strict_qc,GSM5573498,,155,2.3201623040637087,0.967741935483871
STAD,Fibroblast,HSP90AB1,strict_qc,GSM5573499,,977,2.197739846373783,0.9641760491299898
STAD,Fibroblast,HSP90AB1,strict_qc,GSM5573500,,401,2.8492335824593256,0.9526184538653366
STAD,Fibroblast,HSP90AB1,strict_qc,GSM5573501,,13,2.518746415298739,0.8461538461538461
STAD,Fibroblast,HSP90AB1,strict_qc,GSM5573502,,41,2.2656362787371798,1.0
STAD,Fibroblast,HSP90AB1,strict_qc,GSM5573503,,387,2.93636301349757,0.979328165374677
STAD,Fibroblast,HSP90AB1,strict_qc,GSM5573504,,328,2.653286898305206,0.9451219512195121
STAD,Fibroblast,HSP90AB1,strict_qc,GSM5573505,,442,2.187943784562654,0.9411764705882353
STAD,Fibroblast,HOPX,main_qc,GSM5573466,,169,0.037225540815856425,0.03550295857988166
STAD,Fibroblast,HOPX,main_qc,GSM5573467,,36,0.26820794485446475,0.3055555555555556
STAD,Fibroblast,HOPX,main_qc,GSM5573468,,225,0.03511537550875432,0.04888888888888889
STAD,Fibroblast,HOPX,main_qc,GSM5573469,,18,0.09050292747509794,0.16666666666666666
STAD,Fibroblast,HOPX,main_qc,GSM5573470,,151,0.051574763422907885,0.046357615894039736
STAD,Fibroblast,HOPX,main_qc,GSM5573471,,100,0.10249971701751984,0.1
STAD,Fibroblast,HOPX,main_qc,GSM5573472,,114,0.16101799695791227,0.17543859649122806
STAD,Fibroblast,HOPX,main_qc,GSM5573473,,1518,0.2736178893432458,0.25625823451910407
STAD,Fibroblast,HOPX,main_qc,GSM5573474,,148,0.06049341192533151,0.04054054054054054
STAD,Fibroblast,HOPX,main_qc,GSM5573475,,116,0.023196419238922735,0.017241379310344827
STAD,Fibroblast,HOPX,main_qc,GSM5573476,,130,0.10528871718061864,0.1076923076923077
STAD,Fibroblast,HOPX,main_qc,GSM5573477,,71,0.13687173532217067,0.16901408450704225
STAD,Fibroblast,HOPX,main_qc,GSM5573478,,335,0.021663511251239092,0.014925373134328358
STAD,Fibroblast,HOPX,main_qc,GSM5573479,,302,0.31515225688379145,0.20860927152317882
STAD,Fibroblast,HOPX,main_qc,GSM5573480,,493,0.1560423019838822,0.1744421906693712
STAD,Fibroblast,HOPX,main_qc,GSM5573481,,94,0.23207234904861526,0.3723404255319149
STAD,Fibroblast,HOPX,main_qc,GSM5573482,,2465,0.06909024049417754,0.06004056795131846
STAD,Fibroblast,HOPX,main_qc,GSM5573483,,547,0.06658773252957924,0.054844606946983544
STAD,Fibroblast,HOPX,main_qc,GSM5573484,,358,0.14085762381706599,0.07262569832402235
STAD,Fibroblast,HOPX,main_qc,GSM5573485,,547,0.43123170498967317,0.3382084095063985
STAD,Fibroblast,HOPX,main_qc,GSM5573486,,95,0.2033399805588475,0.1368421052631579
STAD,Fibroblast,HOPX,main_qc,GSM5573487,,3,0.0,0.0
STAD,Fibroblast,HOPX,main_qc,GSM5573488,,529,0.04366683269787266,0.034026465028355386
STAD,Fibroblast,HOPX,main_qc,GSM5573489,,193,0.31513843561086674,0.27979274611398963
STAD,Fibroblast,HOPX,main_qc,GSM5573490,,195,0.020381805300766744,0.02564102564102564
STAD,Fibroblast,HOPX,main_qc,GSM5573491,,206,0.048739202656398035,0.043689320388349516
STAD,Fibroblast,HOPX,main_qc,GSM5573492,,71,0.2881250905558514,0.19718309859154928
STAD,Fibroblast,HOPX,main_qc,GSM5573493,,486,0.08743347135258196,0.08024691358024691
STAD,Fibroblast,HOPX,main_qc,GSM5573494,,142,0.20752629645417997,0.18309859154929578
STAD,Fibroblast,HOPX,main_qc,GSM5573495,,151,0.07706794240758452,0.059602649006622516
STAD,Fibroblast,HOPX,main_qc,GSM5573496,,67,0.024754506914119994,0.014925373134328358
STAD,Fibroblast,HOPX,main_qc,GSM5573497,,151,0.16418415357528782,0.17218543046357615
STAD,Fibroblast,HOPX,main_qc,GSM5573498,,155,0.31469625868737783,0.2709677419354839
STAD,Fibroblast,HOPX,main_qc,GSM5573499,,977,0.15714082377304217,0.1811668372569089
STAD,Fibroblast,HOPX,main_qc,GSM5573500,,401,0.027423521164546896,0.017456359102244388
STAD,Fibroblast,HOPX,main_qc,GSM5573501,,13,0.4713120147008193,0.46153846153846156
STAD,Fibroblast,HOPX,main_qc,GSM5573502,,41,0.012630289917612557,0.04878048780487805
STAD,Fibroblast,HOPX,main_qc,GSM5573503,,387,0.04352658133542619,0.04392764857881137
STAD,Fibroblast,HOPX,main_qc,GSM5573504,,328,0.03510746833040928,0.024390243902439025
STAD,Fibroblast,HOPX,main_qc,GSM5573505,,442,0.14426810226810924,0.1334841628959276
STAD,Fibroblast,HOPX,strict_qc,GSM5573466,,169,0.037225540815856425,0.03550295857988166
STAD,Fibroblast,HOPX,strict_qc,GSM5573467,,36,0.26820794485446475,0.3055555555555556
STAD,Fibroblast,HOPX,strict_qc,GSM5573468,,225,0.03511537550875432,0.04888888888888889
STAD,Fibroblast,HOPX,strict_qc,GSM5573469,,18,0.09050292747509794,0.16666666666666666
STAD,Fibroblast,HOPX,strict_qc,GSM5573470,,151,0.051574763422907885,0.046357615894039736
STAD,Fibroblast,HOPX,strict_qc,GSM5573471,,100,0.10249971701751984,0.1
STAD,Fibroblast,HOPX,strict_qc,GSM5573472,,114,0.16101799695791227,0.17543859649122806
STAD,Fibroblast,HOPX,strict_qc,GSM5573473,,1517,0.27379825710154726,0.2564271588661833
STAD,Fibroblast,HOPX,strict_qc,GSM5573474,,148,0.06049341192533151,0.04054054054054054
STAD,Fibroblast,HOPX,strict_qc,GSM5573475,,116,0.023196419238922735,0.017241379310344827
STAD,Fibroblast,HOPX,strict_qc,GSM5573476,,130,0.10528871718061864,0.1076923076923077
STAD,Fibroblast,HOPX,strict_qc,GSM5573477,,71,0.13687173532217067,0.16901408450704225
STAD,Fibroblast,HOPX,strict_qc,GSM5573478,,334,0.02172837206336855,0.014970059880239521
STAD,Fibroblast,HOPX,strict_qc,GSM5573479,,302,0.31515225688379145,0.20860927152317882
STAD,Fibroblast,HOPX,strict_qc,GSM5573480,,493,0.1560423019838822,0.1744421906693712
STAD,Fibroblast,HOPX,strict_qc,GSM5573481,,94,0.23207234904861526,0.3723404255319149
STAD,Fibroblast,HOPX,strict_qc,GSM5573482,,2465,0.06909024049417754,0.06004056795131846
STAD,Fibroblast,HOPX,strict_qc,GSM5573483,,547,0.06658773252957924,0.054844606946983544
STAD,Fibroblast,HOPX,strict_qc,GSM5573484,,358,0.14085762381706599,0.07262569832402235
STAD,Fibroblast,HOPX,strict_qc,GSM5573485,,547,0.43123170498967317,0.3382084095063985
STAD,Fibroblast,HOPX,strict_qc,GSM5573486,,95,0.2033399805588475,0.1368421052631579
STAD,Fibroblast,HOPX,strict_qc,GSM5573487,,3,0.0,0.0
STAD,Fibroblast,HOPX,strict_qc,GSM5573488,,529,0.04366683269787266,0.034026465028355386
STAD,Fibroblast,HOPX,strict_qc,GSM5573489,,193,0.31513843561086674,0.27979274611398963
STAD,Fibroblast,HOPX,strict_qc,GSM5573490,,195,0.020381805300766744,0.02564102564102564
STAD,Fibroblast,HOPX,strict_qc,GSM5573491,,206,0.048739202656398035,0.043689320388349516
STAD,Fibroblast,HOPX,strict_qc,GSM5573492,,71,0.2881250905558514,0.19718309859154928
STAD,Fibroblast,HOPX,strict_qc,GSM5573493,,486,0.08743347135258196,0.08024691358024691
STAD,Fibroblast,HOPX,strict_qc,GSM5573494,,142,0.20752629645417997,0.18309859154929578
STAD,Fibroblast,HOPX,strict_qc,GSM5573495,,151,0.07706794240758452,0.059602649006622516
STAD,Fibroblast,HOPX,strict_qc,GSM5573496,,67,0.024754506914119994,0.014925373134328358
STAD,Fibroblast,HOPX,strict_qc,GSM5573497,,151,0.16418415357528782,0.17218543046357615
STAD,Fibroblast,HOPX,strict_qc,GSM5573498,,155,0.31469625868737783,0.2709677419354839
STAD,Fibroblast,HOPX,strict_qc,GSM5573499,,977,0.15714082377304217,0.1811668372569089
STAD,Fibroblast,HOPX,strict_qc,GSM5573500,,401,0.027423521164546896,0.017456359102244388
STAD,Fibroblast,HOPX,strict_qc,GSM5573501,,13,0.4713120147008193,0.46153846153846156
STAD,Fibroblast,HOPX,strict_qc,GSM5573502,,41,0.012630289917612557,0.04878048780487805
STAD,Fibroblast,HOPX,strict_qc,GSM5573503,,387,0.04352658133542619,0.04392764857881137
STAD,Fibroblast,HOPX,strict_qc,GSM5573504,,328,0.03510746833040928,0.024390243902439025
STAD,Fibroblast,HOPX,strict_qc,GSM5573505,,442,0.14426810226810924,0.1334841628959276
