cancer,celltype_major,total_cells,main_qc_cells,strict_qc_cells,main_retention_fraction,strict_retention_fraction,strict_vs_main_fraction
COAD,B_cell,25660,24151,18546,0.9411925175370226,0.722759158222915,0.7679185126909859
COAD,Endothelial,7520,6847,6180,0.9105053191489362,0.8218085106382979,0.9025850737549291
COAD,Epithelial,168295,100389,69271,0.5965061350604594,0.411604622834903,0.6900257996394027
COAD,Fibroblast,5231,4709,4236,0.9002102848403747,0.8097878034792583,0.8995540454448928
COAD,Mast,3834,3610,2532,0.9415753781950965,0.6604068857589984,0.7013850415512466
COAD,Myeloid,42114,40068,33335,0.9514175808519733,0.7915420050339554,0.8319606668663272
COAD,Pericyte,2406,2125,1868,0.8832086450540316,0.7763923524522028,0.8790588235294118
COAD,Plasma,37809,36758,34028,0.9722023856753683,0.8999973551270861,0.92573045323467
COAD,Schwann,281,247,207,0.8790035587188612,0.7366548042704626,0.8380566801619433
COAD,T_NK_ILC,76965,71776,61315,0.9325797440394985,0.79666081985318,0.8542549041462327
LIHC,B,791,791,791,1.0,1.0,1.0
LIHC,Cholangiocyte,376,376,376,1.0,1.0,1.0
LIHC,Endothelial,3644,3644,3644,1.0,1.0,1.0
LIHC,Fibroblast,2266,2266,2266,1.0,1.0,1.0
LIHC,Hepatocyte,20406,20406,20406,1.0,1.0,1.0
LIHC,Mast,64,64,64,1.0,1.0,1.0
LIHC,Myeloid,15883,15883,15883,1.0,1.0,1.0
LIHC,Plasma,2894,2894,2894,1.0,1.0,1.0
LIHC,T_NK,25591,25591,25590,1.0,0.9999609237622602,0.9999609237622602
STAD,B_cell,9174,9174,9171,1.0,0.9996729888816219,0.9996729888816219
STAD,Endothelial,7368,7368,7368,1.0,1.0,1.0
STAD,Epithelial,37921,37921,37913,1.0,0.9997890350992854,0.9997890350992854
STAD,Erythroid,577,577,577,1.0,1.0,1.0
STAD,Fibroblast,12970,12970,12968,1.0,0.999845797995374,0.999845797995374
STAD,Mast,3203,3203,3202,1.0,0.999687792694349,0.999687792694349
STAD,Myeloid,13766,13766,13765,1.0,0.99992735725701,0.99992735725701
STAD,Pericyte,1553,1553,1553,1.0,1.0,1.0
STAD,Plasma,23551,23551,23547,1.0,0.9998301558320242,0.9998301558320242
STAD,T_NK,48557,48557,48557,1.0,1.0,1.0
STAD,Unknown,1,1,1,1.0,1.0,1.0
