cancer,cell_context,gene,sample_id,patient_id,detection_fraction_main_qc,detection_fraction_strict_qc,mean_log1p_cptt_main_qc,mean_log1p_cptt_strict_qc,n_context_cells_main_qc,n_context_cells_strict_qc,delta_strict_minus_main__n_context_cells,delta_strict_minus_main__mean_log1p_cptt,delta_strict_minus_main__detection_fraction
COAD,Myeloid,CDK1,C103_T,C103,0.05714285714285714,0.0625,0.07434006400555263,0.07255245065706425,315.0,272.0,-43.0,-0.0017876133484883705,0.005357142857142859
COAD,Myeloid,CDK1,C104_T,C104,0.032679738562091505,0.036585365853658534,0.0664806202559112,0.05965902730259837,153.0,82.0,-71.0,-0.006821592953312826,0.0039056272915670293
COAD,Myeloid,CDK1,C105_T,C105,0.01020408163265306,0.015503875968992248,0.0178037024314158,0.027050586639980598,196.0,129.0,-67.0,0.009246884208564798,0.0052997943363391874
COAD,Myeloid,CDK1,C106_N,C106,0.015625,0.0,0.039309448542748524,0.0,64.0,30.0,-34.0,-0.039309448542748524,-0.015625
COAD,Myeloid,CDK1,C106_T,C106,0.05063291139240506,0.06060606060606061,0.05809455891915497,0.06953742658504913,158.0,132.0,-26.0,0.011442867665894162,0.009973149213655545
COAD,Myeloid,CDK1,C107_N,C107,0.0,0.0,0.0,0.0,5.0,5.0,0.0,0.0,0.0
COAD,Myeloid,CDK1,C107_T,C107,0.036755386565272496,0.03896103896103896,0.03858658427984087,0.03649638350875238,789.0,693.0,-96.0,-0.002090200771088492,0.0022056523957664637
COAD,Myeloid,CDK1,C109_N,C109,0.0,0.0,0.0,0.0,9.0,7.0,-2.0,0.0,0.0
COAD,Myeloid,CDK1,C109_T,C109,0.005917159763313609,0.009523809523809525,0.0073335515648480605,0.011803525851993544,338.0,210.0,-128.0,0.004469974287145483,0.0036066497604959153
COAD,Myeloid,CDK1,C110_N,C110,0.015873015873015872,0.04,0.032203310019656525,0.08115234124953444,63.0,25.0,-38.0,0.04894903122987791,0.02412698412698413
COAD,Myeloid,CDK1,C110_T,C110,0.028128031037827354,0.03233256351039261,0.031405137276692585,0.03412411823953455,1031.0,866.0,-165.0,0.0027189809628419617,0.004204532472565258
COAD,Myeloid,CDK1,C111_N,C111,0.008438818565400843,0.011976047904191617,0.008640063689938452,0.012261647272547383,237.0,167.0,-70.0,0.003621583582608931,0.0035372293387907743
COAD,Myeloid,CDK1,C111_T,C111,0.031496062992125984,0.03475513428120063,0.03226149801978083,0.030093664685188298,762.0,633.0,-129.0,-0.0021678333345925317,0.0032590712890746484
COAD,Myeloid,CDK1,C112_N,C112,0.039603960396039604,0.06060606060606061,0.02964252950412558,0.04536205272601036,101.0,66.0,-35.0,0.015719523221884784,0.021002100210021003
COAD,Myeloid,CDK1,C112_T,C112,0.07205764611689351,0.0806159420289855,0.07247283154189593,0.07940161029471787,1249.0,1104.0,-145.0,0.00692877875282194,0.008558295912091993
COAD,Myeloid,CDK1,C113_N,C113,0.0,0.0,0.0,0.0,28.0,13.0,-15.0,0.0,0.0
COAD,Myeloid,CDK1,C113_T,C113,0.07,0.10071942446043165,0.0803144913559394,0.11556041921717897,200.0,139.0,-61.0,0.03524592786123956,0.030719424460431646
COAD,Myeloid,CDK1,C114_N,C114,0.024691358024691357,0.019230769230769232,0.07303980329023509,0.059201568428189945,81.0,52.0,-29.0,-0.013838234862045141,-0.005460588793922125
COAD,Myeloid,CDK1,C114_T,C114,0.1043956043956044,0.13194444444444445,0.10179660979639704,0.12865960404822405,182.0,144.0,-38.0,0.026862994251827005,0.027548840048840048
COAD,Myeloid,CDK1,C115_N,C115,0.046511627906976744,0.06666666666666667,0.06356626229708136,0.0911116426258166,43.0,30.0,-13.0,0.02754538032873524,0.020155038759689922
COAD,Myeloid,CDK1,C115_T,C115,0.017064846416382253,0.027472527472527472,0.02313038496951413,0.03723737800037164,293.0,182.0,-111.0,0.014106993030857513,0.010407681056145219
COAD,Myeloid,CDK1,C116_N,C116,0.0,0.0,0.0,0.0,30.0,27.0,-3.0,0.0,0.0
COAD,Myeloid,CDK1,C116_T,C116,0.08068459657701711,0.09302325581395349,0.09743491909508047,0.10719766691651299,409.0,344.0,-65.0,0.009762747821432521,0.012338659236936375
COAD,Myeloid,CDK1,C118_T,C118,0.08806262230919765,0.09954751131221719,0.09136628013448071,0.09920911004632688,511.0,442.0,-69.0,0.007842829911846164,0.011484889003019541
COAD,Myeloid,CDK1,C119_N,C119,0.0,0.0,0.0,0.0,1.0,1.0,0.0,0.0,0.0
COAD,Myeloid,CDK1,C119_T,C119,0.04878048780487805,0.058823529411764705,0.04920905486534845,0.059340330867037834,41.0,34.0,-7.0,0.010131276001689386,0.010043041606886655
COAD,Myeloid,CDK1,C122_N,C122,0.026785714285714284,0.027777777777777776,0.056546124328431015,0.03673973571272105,112.0,72.0,-40.0,-0.019806388615709963,0.000992063492063492
COAD,Myeloid,CDK1,C122_T,C122,0.015384615384615385,0.021164021164021163,0.022912534426838386,0.031519888629513125,260.0,189.0,-71.0,0.00860735420267474,0.005779405779405777
COAD,Myeloid,CDK1,C123_N,C123,0.031496062992125984,0.045454545454545456,0.06395644163574128,0.08612935876949551,127.0,66.0,-61.0,0.02217291713375423,0.013958482462419472
COAD,Myeloid,CDK1,C123_T,C123,0.07181467181467181,0.0829576194770063,0.06926906410045962,0.08020940011905241,1295.0,1109.0,-186.0,0.010940336018592789,0.011142947662334493
COAD,Myeloid,CDK1,C124_N,C124,0.03125,0.024193548387096774,0.05831399319964888,0.03963103226747495,128.0,124.0,-4.0,-0.018682960932173934,-0.0070564516129032265
COAD,Myeloid,CDK1,C124_T,C124,0.020080321285140562,0.0208803611738149,0.025668354962709295,0.024653732735919705,1992.0,1772.0,-220.0,-0.0010146222267895903,0.0008000398886743379
COAD,Myeloid,CDK1,C125_N,C125,0.017094017094017096,0.0196078431372549,0.027299990787665564,0.031314695315263444,117.0,102.0,-15.0,0.0040147045275978795,0.002513826043237806
COAD,Myeloid,CDK1,C125_T,C125,0.09858044164037855,0.1061792863359443,0.09510311425583728,0.09888627795937023,1268.0,1149.0,-119.0,0.0037831637035329463,0.007598844695565751
COAD,Myeloid,CDK1,C126_N,C126,0.048484848484848485,0.064,0.06875905590456442,0.09076195379402502,165.0,125.0,-40.0,0.022002897889460596,0.015515151515151517
COAD,Myeloid,CDK1,C126_T,C126,0.05426356589147287,0.060175054704595186,0.07578136106927687,0.0829172438292573,1032.0,914.0,-118.0,0.007135882759980436,0.005911488813122319
COAD,Myeloid,CDK1,C129_N,C129,0.015873015873015872,0.02702702702702703,0.01878691820338977,0.03198853640036636,63.0,37.0,-26.0,0.013201618196976593,0.011154011154011156
COAD,Myeloid,CDK1,C129_T,C129,0.0852575488454707,0.08928571428571429,0.1132849660835428,0.11082779696333331,563.0,504.0,-59.0,-0.0024571691202094903,0.004028165440243592
COAD,Myeloid,CDK1,C130_N,C130,0.04716981132075472,0.056179775280898875,0.0609668062846881,0.07261215130535886,106.0,89.0,-17.0,0.011645345020670765,0.009009963960144154
COAD,Myeloid,CDK1,C130_TA,C130,0.038356164383561646,0.0438871473354232,0.03787876600589878,0.04334090781239203,365.0,319.0,-46.0,0.005462141806493244,0.005530982951861552
COAD,Myeloid,CDK1,C130_TB,C130,0.08571428571428572,0.10122699386503067,0.07503304177155959,0.08861264135598296,385.0,326.0,-59.0,0.013579599584423369,0.015512708150744958
COAD,Myeloid,CDK1,C132_N,C132,0.0,0.0,0.0,0.0,7.0,2.0,-5.0,0.0,0.0
COAD,Myeloid,CDK1,C132_T,C132,0.11730769230769231,0.1343612334801762,0.1289318971739426,0.14767530072786378,520.0,454.0,-66.0,0.01874340355392118,0.017053541172483894
COAD,Myeloid,CDK1,C133_N,C133,0.0,0.0,0.0,0.0,16.0,16.0,0.0,0.0,0.0
COAD,Myeloid,CDK1,C133_T,C133,0.08082706766917293,0.08531746031746032,0.10487164173154037,0.11069784404995928,532.0,504.0,-28.0,0.005826202318418905,0.004490392648287392
COAD,Myeloid,CDK1,C134_N,C134,0.0625,0.06854838709677419,0.0837307126785773,0.08334380019008526,288.0,248.0,-40.0,-0.00038691248849204163,0.006048387096774188
COAD,Myeloid,CDK1,C134_T,C134,0.017615176151761516,0.012727272727272728,0.03727144004611289,0.01701112655940183,738.0,550.0,-188.0,-0.02026031348671106,-0.004887903424488789
COAD,Myeloid,CDK1,C135_N,C135,0.1,0.1111111111111111,0.04068029009498243,0.04520032232775826,10.0,9.0,-1.0,0.004520032232775827,0.0111111111111111
COAD,Myeloid,CDK1,C135_T,C135,0.026901669758812616,0.0327683615819209,0.035168129942015854,0.042837563929370714,1078.0,885.0,-193.0,0.007669433987354861,0.005866691823108287
COAD,Myeloid,CDK1,C136_N,C136,0.06896551724137931,0.06896551724137931,0.10294773014706166,0.10294773014706166,29.0,29.0,0.0,0.0,0.0
COAD,Myeloid,CDK1,C136_T,C136,0.09696969696969697,0.10676156583629894,0.09267425548661727,0.09010157498562588,330.0,281.0,-49.0,-0.002572680500991395,0.009791868866601966
COAD,Myeloid,CDK1,C137_N,C137,0.009259259259259259,0.0,0.02667744224760951,0.0,108.0,89.0,-19.0,-0.02667744224760951,-0.009259259259259259
COAD,Myeloid,CDK1,C137_T,C137,0.013368983957219251,0.018018018018018018,0.015866189350510845,0.02138362096249029,748.0,555.0,-193.0,0.005517431611979446,0.004649034060798767
COAD,Myeloid,CDK1,C138_N,C138,0.01694915254237288,0.020202020202020204,0.010431769311404666,0.012433826047936875,118.0,99.0,-19.0,0.002002056736532209,0.0032528676596473224
COAD,Myeloid,CDK1,C138_T,C138,0.007142857142857143,0.005970149253731343,0.014936187479559453,0.008131484914815128,420.0,335.0,-85.0,-0.006804702564744325,-0.0011727078891257993
COAD,Myeloid,CDK1,C139_N,C139,0.02631578947368421,0.034482758620689655,0.012771949187797718,0.016735657556424595,76.0,58.0,-18.0,0.003963708368626877,0.008166969147005446
COAD,Myeloid,CDK1,C139_T,C139,0.02636916835699797,0.031026252983293555,0.022374655183498376,0.026326264929510023,493.0,419.0,-74.0,0.003951609746011647,0.004657084626295584
COAD,Myeloid,CDK1,C140_N,C140,0.0,0.0,0.0,0.0,12.0,4.0,-8.0,0.0,0.0
COAD,Myeloid,CDK1,C140_T,C140,0.04326123128119801,0.04701627486437613,0.0479039248339059,0.05206195085927205,601.0,553.0,-48.0,0.004158026025366149,0.0037550435831781234
COAD,Myeloid,CDK1,C142_N,C142,0.0,0.0,0.0,0.0,12.0,4.0,-8.0,0.0,0.0
COAD,Myeloid,CDK1,C142_T,C142,0.046296296296296294,0.05027932960893855,0.06066661150335489,0.06114494983111385,216.0,179.0,-37.0,0.0004783383277589606,0.003983033312642256
COAD,Myeloid,CDK1,C143_N,C143,0.0,0.0,0.0,0.0,23.0,13.0,-10.0,0.0,0.0
COAD,Myeloid,CDK1,C143_T,C143,0.028985507246376812,0.03389830508474576,0.027169090403527923,0.03177402098039706,552.0,472.0,-80.0,0.004604930576869139,0.004912797838368951
COAD,Myeloid,CDK1,C144_T,C144,0.018433179723502304,0.023026315789473683,0.026782960037710572,0.030068489539379104,434.0,304.0,-130.0,0.003285529501668532,0.004593136065971379
COAD,Myeloid,CDK1,C145_T,C145,0.045662100456621,0.051630434782608696,0.0540737017332025,0.05733979946840328,438.0,368.0,-70.0,0.003266097735200778,0.005968334325987694
COAD,Myeloid,CDK1,C146_T,C146,0.029876977152899824,0.03420523138832998,0.03930539853883502,0.04499954078188556,569.0,497.0,-72.0,0.005694142243050544,0.004328254235430158
COAD,Myeloid,CDK1,C147_T,C147,0.055793991416309016,0.0630048465266559,0.07807399876634236,0.08816433786376947,699.0,619.0,-80.0,0.010090339097427112,0.0072108551103468865
COAD,Myeloid,CDK1,C149_T,C149,0.04481792717086835,0.05144694533762058,0.049010314145387215,0.0562594281347371,357.0,311.0,-46.0,0.007249113989349881,0.0066290181667522305
COAD,Myeloid,CDK1,C150_T,C150,0.07894736842105263,0.09090909090909091,0.07270871677775943,0.08372518901681388,190.0,165.0,-25.0,0.011016472239054442,0.011961722488038284
COAD,Myeloid,CDK1,C151_N,C151,0.017543859649122806,0.020833333333333332,0.028519870146562824,0.03386734579904335,57.0,48.0,-9.0,0.005347475652480529,0.003289473684210526
COAD,Myeloid,CDK1,C151_T,C151,0.022727272727272728,0.034482758620689655,0.022237266271912703,0.03373930055048824,44.0,29.0,-15.0,0.011502034278575535,0.011755485893416927
COAD,Myeloid,CDK1,C152_N,C152,0.0,0.0,0.0,0.0,3.0,3.0,0.0,0.0,0.0
COAD,Myeloid,CDK1,C152_T,C152,0.03496503496503497,0.038461538461538464,0.037183382026045306,0.04090172022864984,143.0,130.0,-13.0,0.003718338202604532,0.003496503496503496
COAD,Myeloid,CDK1,C153_T,C153,0.06305170239596469,0.07122093023255814,0.07720800014563942,0.08547239294846878,793.0,688.0,-105.0,0.008264392802829368,0.008169227836593448
COAD,Myeloid,CDK1,C154_T,C154,0.06707317073170732,0.0738255033557047,0.05090533686247221,0.05603003520433183,164.0,149.0,-15.0,0.005124698341859621,0.006752332623997381
COAD,Myeloid,CDK1,C155_N,C155,0.0,0.0,0.0,0.0,26.0,24.0,-2.0,0.0,0.0
COAD,Myeloid,CDK1,C155_T,C155,0.10423452768729642,0.1111111111111111,0.09579699755926264,0.10247656500357528,307.0,279.0,-28.0,0.00667956744431264,0.006876583423814683
COAD,Myeloid,CDK1,C156_T,C156,0.1641337386018237,0.1828793774319066,0.19426761014858693,0.2052578540237088,329.0,257.0,-72.0,0.010990243875121875,0.0187456388300829
COAD,Myeloid,CDK1,C157_N,C157,0.0673076923076923,0.07368421052631578,0.09456684156874383,0.10352580550683538,104.0,95.0,-9.0,0.00895896393809155,0.006376518218623478
COAD,Myeloid,CDK1,C157_T,C157,0.09251700680272108,0.09269662921348315,0.09873400840397725,0.09859980418815899,735.0,712.0,-23.0,-0.00013420421581826492,0.00017962241076206753
COAD,Myeloid,CDK1,C158_T,C158,0.09117647058823529,0.10778443113772455,0.08881095553099898,0.10419974952441208,1020.0,835.0,-185.0,0.0153887939934131,0.016607960549489265
COAD,Myeloid,CDK1,C159_T,C159,0.10880829015544041,0.11209439528023599,0.0935156353907055,0.09477740481284426,386.0,339.0,-47.0,0.0012617694221387643,0.003286105124795574
COAD,Myeloid,CDK1,C160_T,C160,0.08333333333333333,0.089058524173028,0.0801823708140529,0.08627722116888305,456.0,393.0,-63.0,0.00609485035483015,0.005725190839694666
COAD,Myeloid,CDK1,C161_T,C161,0.09427609427609428,0.11160714285714286,0.09113584960795448,0.11280244278163394,297.0,224.0,-73.0,0.021666593173679458,0.017331048581048586
COAD,Myeloid,CDK1,C162_N,C162,0.06048387096774194,0.06806282722513089,0.056145088263415015,0.06283224687421234,248.0,191.0,-57.0,0.006687158610797321,0.007578956257388955
COAD,Myeloid,CDK1,C162_T,C162,0.056091148115687994,0.06054781355117732,0.0527332374285747,0.057371890153509596,2282.0,2081.0,-201.0,0.004638652724934897,0.004456665435489324
COAD,Myeloid,CDK1,C163_T,C163,0.10919540229885058,0.1165644171779141,0.16845659204578972,0.17982482831881846,174.0,163.0,-11.0,0.011368236273028742,0.0073690148790635235
COAD,Myeloid,CDK1,C164_T,C164,0.044642857142857144,0.04807692307692308,0.04902620560412491,0.0527974521890576,224.0,208.0,-16.0,0.0037712465849326846,0.0034340659340659357
COAD,Myeloid,CDK1,C165_N,C165,0.046296296296296294,0.05405405405405406,0.10063133981217567,0.0912617350008739,108.0,74.0,-34.0,-0.00936960481130178,0.007757757757757763
COAD,Myeloid,CDK1,C165_T,C165,0.03997039230199852,0.03923278116826504,0.0335936294082874,0.03135912170093069,1351.0,1147.0,-204.0,-0.0022345077073567046,-0.0007376111337334748
COAD,Myeloid,CDK1,C166_T,C166,0.0625,0.057692307692307696,0.07268938931222144,0.06015804413988559,272.0,260.0,-12.0,-0.012531345172335846,-0.0048076923076923045
COAD,Myeloid,CDK1,C167_T,C167,0.03859649122807018,0.05084745762711865,0.04922920340882837,0.050066275830704325,285.0,177.0,-108.0,0.000837072421875952,0.01225096639904847
COAD,Myeloid,CDK1,C168_T,C168,0.0634441087613293,0.06656101426307448,0.04872761782073375,0.05112152614473177,662.0,631.0,-31.0,0.002393908323998016,0.0031169055017451763
COAD,Myeloid,CDK1,C169_T,C169,0.026829268292682926,0.02586206896551724,0.02279285352787586,0.023325166683521647,410.0,348.0,-62.0,0.0005323131556457875,-0.0009671993271656854
COAD,Myeloid,CDK1,C170_N,C170,0.0,0.0,0.0,0.0,38.0,33.0,-5.0,0.0,0.0
COAD,Myeloid,CDK1,C170_T,C170,0.04869684499314129,0.07311827956989247,0.04639481751720662,0.06594197842074287,2916.0,1860.0,-1056.0,0.019547160903536247,0.024421434576751187
COAD,Myeloid,CDK1,C171_TA,C171,0.06639004149377593,0.06696428571428571,0.057588179320201875,0.05778660291953508,241.0,224.0,-17.0,0.00019842359933320425,0.0005742442205097786
COAD,Myeloid,CDK1,C171_TB,C171,0.04276315789473684,0.03914590747330961,0.05645871488065645,0.05132627556688336,304.0,281.0,-23.0,-0.005132439313773093,-0.003617250421427236
COAD,Myeloid,CDK1,C172_T,C172,0.06398104265402843,0.06629834254143646,0.06959434410115208,0.05795030236304996,422.0,362.0,-60.0,-0.011644041738102115,0.002317299887408031
COAD,Myeloid,CDK1,C173_T,C173,0.025906735751295335,0.02631578947368421,0.030017534752730626,0.02999456977797549,386.0,342.0,-44.0,-2.2964974755138035e-05,0.0004090537223888739
COAD,Myeloid,MYB,C103_T,C103,0.025396825396825397,0.025735294117647058,0.03127785559453689,0.027977771903970078,315.0,272.0,-43.0,-0.0033000836905668143,0.0003384687208216608
COAD,Myeloid,MYB,C104_T,C104,0.006535947712418301,0.012195121951219513,0.007912837569846804,0.014764196929104403,153.0,82.0,-71.0,0.006851359359257599,0.005659174238801212
COAD,Myeloid,MYB,C105_T,C105,0.00510204081632653,0.007751937984496124,0.003565538209246777,0.005417406891568746,196.0,129.0,-67.0,0.0018518686823219693,0.0026498971681695937
COAD,Myeloid,MYB,C106_N,C106,0.015625,0.03333333333333333,0.02204230128084509,0.04702357606580286,64.0,30.0,-34.0,0.02498127478495777,0.017708333333333333
COAD,Myeloid,MYB,C106_T,C106,0.0189873417721519,0.022727272727272728,0.013296698127986267,0.015915744728953258,158.0,132.0,-26.0,0.0026190466009669913,0.0037399309551208286
COAD,Myeloid,MYB,C107_N,C107,0.0,0.0,0.0,0.0,5.0,5.0,0.0,0.0,0.0
COAD,Myeloid,MYB,C107_T,C107,0.031685678073510776,0.03318903318903319,0.03215404349771904,0.031951463262409,789.0,693.0,-96.0,-0.0002025802353100431,0.001503355115522416
COAD,Myeloid,MYB,C109_N,C109,0.1111111111111111,0.14285714285714285,0.08585020220953572,0.11037883141226022,9.0,7.0,-2.0,0.0245286292027245,0.031746031746031744
COAD,Myeloid,MYB,C109_T,C109,0.008875739644970414,0.004761904761904762,0.019372116267219353,0.0038340036661475437,338.0,210.0,-128.0,-0.015538112601071808,-0.004113834883065652
COAD,Myeloid,MYB,C110_N,C110,0.0,0.0,0.0,0.0,63.0,25.0,-38.0,0.0,0.0
COAD,Myeloid,MYB,C110_T,C110,0.01066925315227934,0.011547344110854504,0.010779154459347049,0.009789361828729902,1031.0,866.0,-165.0,-0.0009897926306171468,0.0008780909585751635
COAD,Myeloid,MYB,C111_N,C111,0.004219409282700422,0.005988023952095809,0.002545922311429639,0.003613075376100745,237.0,167.0,-70.0,0.001067153064671106,0.0017686146693953872
COAD,Myeloid,MYB,C111_T,C111,0.0013123359580052493,0.001579778830963665,0.0019265170092343633,0.0023191247409740674,762.0,633.0,-129.0,0.0003926077317397041,0.00026744287295841574
COAD,Myeloid,MYB,C112_N,C112,0.019801980198019802,0.030303030303030304,0.007970493099867701,0.012197269743736937,101.0,66.0,-35.0,0.0042267766438692355,0.010501050105010502
COAD,Myeloid,MYB,C112_T,C112,0.014411529223378704,0.016304347826086956,0.009945084195233605,0.011251277318701786,1249.0,1104.0,-145.0,0.0013061931234681808,0.0018928186027082523
COAD,Myeloid,MYB,C113_N,C113,0.0,0.0,0.0,0.0,28.0,13.0,-15.0,0.0,0.0
COAD,Myeloid,MYB,C113_T,C113,0.04,0.05755395683453238,0.03706681632434105,0.05333354866811661,200.0,139.0,-61.0,0.016266732343775563,0.017553956834532376
COAD,Myeloid,MYB,C114_N,C114,0.012345679012345678,0.019230769230769232,0.009118591496847305,0.014203959831627533,81.0,52.0,-29.0,0.005085368334780228,0.0068850902184235535
COAD,Myeloid,MYB,C114_T,C114,0.005494505494505495,0.006944444444444444,0.0013995543983393798,0.0017688812534567163,182.0,144.0,-38.0,0.00036932685511733643,0.0014499389499389491
COAD,Myeloid,MYB,C115_N,C115,0.023255813953488372,0.03333333333333333,0.011147957809418432,0.015978739526833086,43.0,30.0,-13.0,0.004830781717414655,0.010077519379844961
COAD,Myeloid,MYB,C115_T,C115,0.006825938566552901,0.01098901098901099,0.004409486379149415,0.007098788511487795,293.0,182.0,-111.0,0.00268930213233838,0.004163072422458089
COAD,Myeloid,MYB,C116_N,C116,0.03333333333333333,0.037037037037037035,0.016352029454436402,0.018168921616040445,30.0,27.0,-3.0,0.0018168921616040432,0.003703703703703702
COAD,Myeloid,MYB,C116_T,C116,0.017114914425427872,0.020348837209302327,0.015175859369371485,0.018043390936258535,409.0,344.0,-65.0,0.0028675315668870507,0.003233922783874455
COAD,Myeloid,MYB,C118_T,C118,0.0136986301369863,0.01583710407239819,0.007369310327196497,0.008519723025333506,511.0,442.0,-69.0,0.001150412698137009,0.0021384739354118887
COAD,Myeloid,MYB,C119_N,C119,0.0,0.0,0.0,0.0,1.0,1.0,0.0,0.0,0.0
COAD,Myeloid,MYB,C119_T,C119,0.024390243902439025,0.029411764705882353,0.013786456751405449,0.01662484490610657,41.0,34.0,-7.0,0.0028383881547011224,0.005021520803443327
COAD,Myeloid,MYB,C122_N,C122,0.0,0.0,0.0,0.0,112.0,72.0,-40.0,0.0,0.0
COAD,Myeloid,MYB,C122_T,C122,0.011538461538461539,0.015873015873015872,0.014720438973478404,0.02025033932859463,260.0,189.0,-71.0,0.005529900355116225,0.004334554334554333
COAD,Myeloid,MYB,C123_N,C123,0.0,0.0,0.0,0.0,127.0,66.0,-61.0,0.0,0.0
COAD,Myeloid,MYB,C123_T,C123,0.018532818532818532,0.020739404869251576,0.017726417529402898,0.019460606058508946,1295.0,1109.0,-186.0,0.0017341885291060483,0.0022065863364330446
COAD,Myeloid,MYB,C124_N,C124,0.0078125,0.008064516129032258,0.009375161636349242,0.009677586205263733,128.0,124.0,-4.0,0.00030242456891449096,0.00025201612903225784
COAD,Myeloid,MYB,C124_T,C124,0.004518072289156626,0.005079006772009029,0.005999672286359407,0.00674455259279229,1992.0,1772.0,-220.0,0.0007448803064328833,0.0005609344828524029
COAD,Myeloid,MYB,C125_N,C125,0.008547008547008548,0.00980392156862745,0.006541751663038538,0.007503773966426559,117.0,102.0,-15.0,0.0009620223033880203,0.001256913021618903
COAD,Myeloid,MYB,C125_T,C125,0.02444794952681388,0.026979982593559618,0.019800223488067085,0.021850899375865155,1268.0,1149.0,-119.0,0.0020506758877980695,0.002532033066745737
COAD,Myeloid,MYB,C126_N,C126,0.0,0.0,0.0,0.0,165.0,125.0,-40.0,0.0,0.0
COAD,Myeloid,MYB,C126_T,C126,0.01065891472868217,0.012035010940919038,0.011533548243741119,0.013022562130788659,1032.0,914.0,-118.0,0.0014890138870475404,0.0013760962122368672
COAD,Myeloid,MYB,C129_N,C129,0.015873015873015872,0.02702702702702703,0.015078322790438508,0.025673900967503403,63.0,37.0,-26.0,0.010595578177064895,0.011154011154011156
COAD,Myeloid,MYB,C129_T,C129,0.021314387211367674,0.023809523809523808,0.022356073539636506,0.02497315357701459,563.0,504.0,-59.0,0.002617080037378084,0.0024951365981561342
COAD,Myeloid,MYB,C130_N,C130,0.018867924528301886,0.02247191011235955,0.011541843498783398,0.013746465290685845,106.0,89.0,-17.0,0.0022046217919024468,0.003603985584057664
COAD,Myeloid,MYB,C130_TA,C130,0.005479452054794521,0.006269592476489028,0.00470517916070096,0.005383668945629625,365.0,319.0,-46.0,0.0006784897849286655,0.0007901404216945074
COAD,Myeloid,MYB,C130_TB,C130,0.015584415584415584,0.018404907975460124,0.010695461927614955,0.01263114368752073,385.0,326.0,-59.0,0.0019356817599057753,0.0028204923910445396
COAD,Myeloid,MYB,C132_N,C132,0.0,0.0,0.0,0.0,7.0,2.0,-5.0,0.0,0.0
COAD,Myeloid,MYB,C132_T,C132,0.009615384615384616,0.011013215859030838,0.0075394254962892595,0.008635465326146287,520.0,454.0,-66.0,0.0010960398298570278,0.0013978312436462217
COAD,Myeloid,MYB,C133_N,C133,0.0,0.0,0.0,0.0,16.0,16.0,0.0,0.0,0.0
COAD,Myeloid,MYB,C133_T,C133,0.013157894736842105,0.013888888888888888,0.009079943944709859,0.009584385274971519,532.0,504.0,-28.0,0.0005044413302616596,0.0007309941520467836
COAD,Myeloid,MYB,C134_N,C134,0.003472222222222222,0.004032258064516129,0.0027695229821817022,0.003216220237372299,288.0,248.0,-40.0,0.00044669725519059676,0.0005600358422939069
COAD,Myeloid,MYB,C134_T,C134,0.0027100271002710027,0.0036363636363636364,0.0024259505998382143,0.00325518462305564,738.0,550.0,-188.0,0.0008292340232174257,0.0009263365360926337
COAD,Myeloid,MYB,C135_N,C135,0.0,0.0,0.0,0.0,10.0,9.0,-1.0,0.0,0.0
COAD,Myeloid,MYB,C135_T,C135,0.00927643784786642,0.010169491525423728,0.01148457796513156,0.010742510405084766,1078.0,885.0,-193.0,-0.0007420675600467944,0.0008930536775573084
COAD,Myeloid,MYB,C136_N,C136,0.0,0.0,0.0,0.0,29.0,29.0,0.0,0.0,0.0
COAD,Myeloid,MYB,C136_T,C136,0.02727272727272727,0.03202846975088968,0.018881481350535974,0.022173981657213064,330.0,281.0,-49.0,0.0032925003066770903,0.004755742478162409
COAD,Myeloid,MYB,C137_N,C137,0.009259259259259259,0.011235955056179775,0.008737584875762542,0.010602911984071399,108.0,89.0,-19.0,0.0018653271083088566,0.0019766957969205162
COAD,Myeloid,MYB,C137_T,C137,0.0066844919786096255,0.009009009009009009,0.007453280751361832,0.010045142345979549,748.0,555.0,-193.0,0.002591861594617717,0.0023245170303993834
COAD,Myeloid,MYB,C138_N,C138,0.00847457627118644,0.010101010101010102,0.015418372316178375,0.018377453871808568,118.0,99.0,-19.0,0.0029590815556301935,0.0016264338298236612
COAD,Myeloid,MYB,C138_T,C138,0.004761904761904762,0.005970149253731343,0.006956721404988519,0.008721859671925904,420.0,335.0,-85.0,0.0017651382669373848,0.001208244491826581
COAD,Myeloid,MYB,C139_N,C139,0.013157894736842105,0.017241379310344827,0.009572858361606852,0.01254374543934691,76.0,58.0,-18.0,0.0029708870777400576,0.004083484573502723
COAD,Myeloid,MYB,C139_T,C139,0.014198782961460446,0.016706443914081145,0.016502612917170558,0.01941715553261357,493.0,419.0,-74.0,0.0029145426154430117,0.0025076609526206994
COAD,Myeloid,MYB,C140_N,C140,0.0,0.0,0.0,0.0,12.0,4.0,-8.0,0.0,0.0
COAD,Myeloid,MYB,C140_T,C140,0.014975041597337771,0.0162748643761302,0.011613663279537955,0.012621720851722081,601.0,553.0,-48.0,0.0010080575721841262,0.001299822778792429
COAD,Myeloid,MYB,C142_N,C142,0.0,0.0,0.0,0.0,12.0,4.0,-8.0,0.0,0.0
COAD,Myeloid,MYB,C142_T,C142,0.013888888888888888,0.0111731843575419,0.019278434342123597,0.01120167459744928,216.0,179.0,-37.0,-0.008076759744674318,-0.0027157045313469883
COAD,Myeloid,MYB,C143_N,C143,0.0,0.0,0.0,0.0,23.0,13.0,-10.0,0.0,0.0
COAD,Myeloid,MYB,C143_T,C143,0.021739130434782608,0.023305084745762712,0.019371563539458746,0.018753715664976786,552.0,472.0,-80.0,-0.0006178478744819603,0.0015659543109801041
COAD,Myeloid,MYB,C144_T,C144,0.004608294930875576,0.003289473684210526,0.005120331949732437,0.0013344250268383458,434.0,304.0,-130.0,-0.0037859069228940914,-0.00131882124666505
COAD,Myeloid,MYB,C145_T,C145,0.0136986301369863,0.016304347826086956,0.01569479890112752,0.01868022260514634,438.0,368.0,-70.0,0.00298542370401882,0.0026057176891006555
COAD,Myeloid,MYB,C146_T,C146,0.015817223198594025,0.018108651911468814,0.01620355348854809,0.018550949567371956,569.0,497.0,-72.0,0.0023473960788238657,0.0022914287128747886
COAD,Myeloid,MYB,C147_T,C147,0.001430615164520744,0.0016155088852988692,0.0009309343384930552,0.0010512489541302835,699.0,619.0,-80.0,0.00012031461563722832,0.00018489372077812533
COAD,Myeloid,MYB,C149_T,C149,0.011204481792717087,0.00964630225080386,0.011688344327114186,0.005641800790047418,357.0,311.0,-46.0,-0.006046543537066768,-0.0015581795419132276
COAD,Myeloid,MYB,C150_T,C150,0.005263157894736842,0.006060606060606061,0.0033396220474242984,0.0038456253879431317,190.0,165.0,-25.0,0.0005060033405188333,0.0007974481658692186
COAD,Myeloid,MYB,C151_N,C151,0.0,0.0,0.0,0.0,57.0,48.0,-9.0,0.0,0.0
COAD,Myeloid,MYB,C151_T,C151,0.0,0.0,0.0,0.0,44.0,29.0,-15.0,0.0,0.0
COAD,Myeloid,MYB,C152_N,C152,0.0,0.0,0.0,0.0,3.0,3.0,0.0,0.0,0.0
COAD,Myeloid,MYB,C152_T,C152,0.006993006993006993,0.007692307692307693,0.00889395373336892,0.009783349106705811,143.0,130.0,-13.0,0.0008893953733368903,0.0006993006993006997
COAD,Myeloid,MYB,C153_T,C153,0.013871374527112233,0.015988372093023256,0.015134222105114763,0.0174439507694128,793.0,688.0,-105.0,0.002309728664298037,0.0021169975659110236
COAD,Myeloid,MYB,C154_T,C154,0.04878048780487805,0.053691275167785234,0.028130310609396404,0.030962221073429597,164.0,149.0,-15.0,0.002831910464033194,0.004910787362907183
COAD,Myeloid,MYB,C155_N,C155,0.0,0.0,0.0,0.0,26.0,24.0,-2.0,0.0,0.0
COAD,Myeloid,MYB,C155_T,C155,0.03257328990228013,0.02867383512544803,0.011259422673614673,0.010106504173786352,307.0,279.0,-28.0,-0.0011529184998283204,-0.0038994547768321022
COAD,Myeloid,MYB,C156_T,C156,0.03343465045592705,0.03501945525291829,0.01336810448836568,0.012635802578001617,329.0,257.0,-72.0,-0.0007323019103640631,0.001584804796991239
COAD,Myeloid,MYB,C157_N,C157,0.019230769230769232,0.021052631578947368,0.02034794780951878,0.022275648128315294,104.0,95.0,-9.0,0.0019277003187965144,0.0018218623481781361
COAD,Myeloid,MYB,C157_T,C157,0.02857142857142857,0.028089887640449437,0.018142855278888294,0.01665823304973443,735.0,712.0,-23.0,-0.001484622229153864,-0.0004815409309791331
COAD,Myeloid,MYB,C158_T,C158,0.01764705882352941,0.017964071856287425,0.011565920234412294,0.011692569032739726,1020.0,835.0,-185.0,0.00012664879832743198,0.000317013032758013
COAD,Myeloid,MYB,C159_T,C159,0.04922279792746114,0.05014749262536873,0.027099118285613167,0.026578732051107924,386.0,339.0,-47.0,-0.0005203862345052428,0.0009246946979075896
COAD,Myeloid,MYB,C160_T,C160,0.015350877192982455,0.015267175572519083,0.007140656126233325,0.007077762477525802,456.0,393.0,-63.0,-6.289364870752222e-05,-8.370162046337191e-05
COAD,Myeloid,MYB,C161_T,C161,0.037037037037037035,0.03125,0.026163937473937006,0.023272627412851334,297.0,224.0,-73.0,-0.0028913100610856723,-0.005787037037037035
COAD,Myeloid,MYB,C162_N,C162,0.016129032258064516,0.015706806282722512,0.026912528072139057,0.019093024432332,248.0,191.0,-57.0,-0.007819503639807057,-0.0004222259753420034
COAD,Myeloid,MYB,C162_T,C162,0.019281332164767746,0.020182604517059107,0.016445522804735466,0.016554096354168095,2282.0,2081.0,-201.0,0.00010857354943262856,0.0009012723522913609
COAD,Myeloid,MYB,C163_T,C163,0.034482758620689655,0.03680981595092025,0.03013224001593227,0.03216570406608721,174.0,163.0,-11.0,0.002033464050154938,0.0023270573302305933
COAD,Myeloid,MYB,C164_T,C164,0.017857142857142856,0.019230769230769232,0.013111851430226047,0.014120455386397281,224.0,208.0,-16.0,0.0010086039561712345,0.0013736263736263757
COAD,Myeloid,MYB,C165_N,C165,0.0,0.0,0.0,0.0,108.0,74.0,-34.0,0.0,0.0
COAD,Myeloid,MYB,C165_T,C165,0.008882309400444115,0.00959023539668701,0.006251423704519611,0.006316764047692559,1351.0,1147.0,-204.0,6.534034317294806e-05,0.0007079259962428953
COAD,Myeloid,MYB,C166_T,C166,0.025735294117647058,0.026923076923076925,0.02960643052887527,0.030972881168669513,272.0,260.0,-12.0,0.0013664506397942436,0.001187782805429867
COAD,Myeloid,MYB,C167_T,C167,0.0035087719298245615,0.005649717514124294,0.002018599851191612,0.0032502878959864935,285.0,177.0,-108.0,0.0012316880447948817,0.0021409455842997323
COAD,Myeloid,MYB,C168_T,C168,0.0075528700906344415,0.00792393026941363,0.004687840078994128,0.004918146009974821,662.0,631.0,-31.0,0.00023030593098069367,0.00037106017877918795
COAD,Myeloid,MYB,C169_T,C169,0.01707317073170732,0.017241379310344827,0.019452016091915218,0.020636515890313473,410.0,348.0,-62.0,0.0011844997983982558,0.000168208578637509
COAD,Myeloid,MYB,C170_N,C170,0.0,0.0,0.0,0.0,38.0,33.0,-5.0,0.0,0.0
COAD,Myeloid,MYB,C170_T,C170,0.00720164609053498,0.010752688172043012,0.005428096833987939,0.008406511333873512,2916.0,1860.0,-1056.0,0.0029784144998855734,0.003551042081508032
COAD,Myeloid,MYB,C171_TA,C171,0.058091286307053944,0.05357142857142857,0.0499757830051809,0.04425514746292358,241.0,224.0,-17.0,-0.005720635542257317,-0.004519857735625375
COAD,Myeloid,MYB,C171_TB,C171,0.06907894736842106,0.0711743772241993,0.04855756106914289,0.0481270814662031,304.0,281.0,-23.0,-0.0004304796029397928,0.002095429855778236
COAD,Myeloid,MYB,C172_T,C172,0.009478672985781991,0.008287292817679558,0.006566982150385142,0.005745345202582924,422.0,362.0,-60.0,-0.0008216369478022175,-0.0011913801681024336
COAD,Myeloid,MYB,C173_T,C173,0.015544041450777202,0.017543859649122806,0.02342816368116181,0.026442313394527656,386.0,342.0,-44.0,0.0030141497133658463,0.0019998181983456043
LIHC,T/NK,AR,HCC01T,HCC01,0.007194244604316547,0.007194244604316547,0.004725583219773673,0.004725583219773673,1112.0,1112.0,0.0,0.0,0.0
LIHC,T/NK,AR,HCC02T,HCC02,0.06824146981627296,0.06824146981627296,0.029926451759480565,0.029926451759480565,381.0,381.0,0.0,0.0,0.0
LIHC,T/NK,AR,HCC03N,HCC03,0.057971014492753624,0.05811138014527845,0.05927118387656767,0.05941469763898066,414.0,413.0,-1.0,0.00014351376241299174,0.00014036565252482924
LIHC,T/NK,AR,HCC03T,HCC03,0.08866995073891626,0.08866995073891626,0.04255912820200811,0.04255912820200811,203.0,203.0,0.0,0.0,0.0
LIHC,T/NK,AR,HCC04N,HCC04,0.023872679045092837,0.023872679045092837,0.018768886230137994,0.018768886230137994,1508.0,1508.0,0.0,0.0,0.0
LIHC,T/NK,AR,HCC04T,HCC04,0.2015810276679842,0.2015810276679842,0.06411543747417656,0.06411543747417656,253.0,253.0,0.0,0.0,0.0
LIHC,T/NK,AR,HCC05N,HCC05,0.00031426775612822125,0.00031426775612822125,0.0004661311635317199,0.0004661311635317199,3182.0,3182.0,0.0,0.0,0.0
LIHC,T/NK,AR,HCC05T,HCC05,0.09326424870466321,0.09326424870466321,0.07800195959356733,0.07800195959356733,386.0,386.0,0.0,0.0,0.0
LIHC,T/NK,AR,HCC06N,HCC06,0.0007339449541284404,0.0007339449541284404,0.0014319096117156687,0.0014319096117156687,2725.0,2725.0,0.0,0.0,0.0
LIHC,T/NK,AR,HCC06T,HCC06,0.013930950938824955,0.013930950938824955,0.007324979945994761,0.007324979945994761,1651.0,1651.0,0.0,0.0,0.0
LIHC,T/NK,AR,HCC07N,HCC07,0.00040225261464199515,0.00040225261464199515,0.0006268471505783273,0.0006268471505783273,2486.0,2486.0,0.0,0.0,0.0
LIHC,T/NK,AR,HCC07P,HCC07,0.0,0.0,0.0,0.0,236.0,236.0,0.0,0.0,0.0
LIHC,T/NK,AR,HCC07T,HCC07,0.0,0.0,0.0,0.0,102.0,102.0,0.0,0.0,0.0
LIHC,T/NK,AR,HCC08N,HCC08,0.0,0.0,0.0,0.0,4069.0,4069.0,0.0,0.0,0.0
LIHC,T/NK,AR,HCC08P,HCC08,0.0,0.0,0.0,0.0,348.0,348.0,0.0,0.0,0.0
LIHC,T/NK,AR,HCC08T,HCC08,0.0,0.0,0.0,0.0,1338.0,1338.0,0.0,0.0,0.0
LIHC,T/NK,AR,HCC09N,HCC09,0.0010080645161290322,0.0010080645161290322,0.0005278480578677236,0.0005278480578677236,992.0,992.0,0.0,0.0,0.0
LIHC,T/NK,AR,HCC09T,HCC09,0.046801872074883,0.046801872074883,0.03356767759455403,0.03356767759455403,641.0,641.0,0.0,0.0,0.0
LIHC,T/NK,AR,HCC10L,HCC10,0.01443298969072165,0.01443298969072165,0.0032874000954699403,0.0032874000954699403,485.0,485.0,0.0,0.0,0.0
LIHC,T/NK,AR,HCC10N,HCC10,0.0008639308855291577,0.0008639308855291577,0.0008729155231937242,0.0008729155231937242,2315.0,2315.0,0.0,0.0,0.0
LIHC,T/NK,AR,HCC10T,HCC10,0.0013089005235602095,0.0013089005235602095,0.0004001883825196171,0.0004001883825196171,764.0,764.0,0.0,0.0,0.0
LIHC,T/NK,HDAC1,HCC01T,HCC01,0.17985611510791366,0.17985611510791366,0.19487149799059528,0.19487149799059528,1112.0,1112.0,0.0,0.0,0.0
LIHC,T/NK,HDAC1,HCC02T,HCC02,0.5328083989501312,0.5328083989501312,0.4299469943175351,0.4299469943175351,381.0,381.0,0.0,0.0,0.0
LIHC,T/NK,HDAC1,HCC03N,HCC03,0.08695652173913043,0.08716707021791767,0.15382191427537087,0.15419436443100132,414.0,413.0,-1.0,0.00037245015563044936,0.00021054847878723693
LIHC,T/NK,HDAC1,HCC03T,HCC03,0.3645320197044335,0.3645320197044335,0.2800484898600865,0.2800484898600865,203.0,203.0,0.0,0.0,0.0
LIHC,T/NK,HDAC1,HCC04N,HCC04,0.08488063660477453,0.08488063660477453,0.12940992938601428,0.12940992938601428,1508.0,1508.0,0.0,0.0,0.0
LIHC,T/NK,HDAC1,HCC04T,HCC04,0.44664031620553357,0.44664031620553357,0.2915846385477864,0.2915846385477864,253.0,253.0,0.0,0.0,0.0
LIHC,T/NK,HDAC1,HCC05N,HCC05,0.1624764299182904,0.1624764299182904,0.24743188807585031,0.24743188807585031,3182.0,3182.0,0.0,0.0,0.0
LIHC,T/NK,HDAC1,HCC05T,HCC05,0.266839378238342,0.266839378238342,0.29085714988061306,0.29085714988061306,386.0,386.0,0.0,0.0,0.0
LIHC,T/NK,HDAC1,HCC06N,HCC06,0.15009174311926604,0.15009174311926604,0.24543357807845934,0.24543357807845934,2725.0,2725.0,0.0,0.0,0.0
LIHC,T/NK,HDAC1,HCC06T,HCC06,0.20169594185342216,0.20169594185342216,0.2757479523859367,0.2757479523859367,1651.0,1651.0,0.0,0.0,0.0
LIHC,T/NK,HDAC1,HCC07N,HCC07,0.24215607401448108,0.24215607401448108,0.37401497935233147,0.37401497935233147,2486.0,2486.0,0.0,0.0,0.0
LIHC,T/NK,HDAC1,HCC07P,HCC07,0.2457627118644068,0.2457627118644068,0.2834996252782154,0.2834996252782154,236.0,236.0,0.0,0.0,0.0
LIHC,T/NK,HDAC1,HCC07T,HCC07,0.049019607843137254,0.049019607843137254,0.08764522456710745,0.08764522456710745,102.0,102.0,0.0,0.0,0.0
LIHC,T/NK,HDAC1,HCC08N,HCC08,0.16760874907839765,0.16760874907839765,0.27012819583972053,0.27012819583972053,4069.0,4069.0,0.0,0.0,0.0
LIHC,T/NK,HDAC1,HCC08P,HCC08,0.5890804597701149,0.5890804597701149,0.525717656234404,0.525717656234404,348.0,348.0,0.0,0.0,0.0
LIHC,T/NK,HDAC1,HCC08T,HCC08,0.1890881913303438,0.1890881913303438,0.2641193267279234,0.2641193267279234,1338.0,1338.0,0.0,0.0,0.0
LIHC,T/NK,HDAC1,HCC09N,HCC09,0.16330645161290322,0.16330645161290322,0.2511883973473255,0.2511883973473255,992.0,992.0,0.0,0.0,0.0
LIHC,T/NK,HDAC1,HCC09T,HCC09,0.17160686427457097,0.17160686427457097,0.24417920075895796,0.24417920075895796,641.0,641.0,0.0,0.0,0.0
LIHC,T/NK,HDAC1,HCC10L,HCC10,0.23505154639175257,0.23505154639175257,0.28088691885083567,0.28088691885083567,485.0,485.0,0.0,0.0,0.0
LIHC,T/NK,HDAC1,HCC10N,HCC10,0.12570194384449243,0.12570194384449243,0.2355548626035786,0.2355548626035786,2315.0,2315.0,0.0,0.0,0.0
LIHC,T/NK,HDAC1,HCC10T,HCC10,0.1518324607329843,0.1518324607329843,0.2353173622423698,0.2353173622423698,764.0,764.0,0.0,0.0,0.0
STAD,Fibroblast,HOPX,GSM5573466,,0.03550295857988166,0.03550295857988166,0.037225540815856425,0.037225540815856425,169.0,169.0,0.0,0.0,0.0
STAD,Fibroblast,HOPX,GSM5573467,,0.3055555555555556,0.3055555555555556,0.26820794485446475,0.26820794485446475,36.0,36.0,0.0,0.0,0.0
STAD,Fibroblast,HOPX,GSM5573468,,0.04888888888888889,0.04888888888888889,0.03511537550875432,0.03511537550875432,225.0,225.0,0.0,0.0,0.0
STAD,Fibroblast,HOPX,GSM5573469,,0.16666666666666666,0.16666666666666666,0.09050292747509794,0.09050292747509794,18.0,18.0,0.0,0.0,0.0
STAD,Fibroblast,HOPX,GSM5573470,,0.046357615894039736,0.046357615894039736,0.051574763422907885,0.051574763422907885,151.0,151.0,0.0,0.0,0.0
STAD,Fibroblast,HOPX,GSM5573471,,0.1,0.1,0.10249971701751984,0.10249971701751984,100.0,100.0,0.0,0.0,0.0
STAD,Fibroblast,HOPX,GSM5573472,,0.17543859649122806,0.17543859649122806,0.16101799695791227,0.16101799695791227,114.0,114.0,0.0,0.0,0.0
STAD,Fibroblast,HOPX,GSM5573473,,0.25625823451910407,0.2564271588661833,0.2736178893432458,0.27379825710154726,1518.0,1517.0,-1.0,0.00018036775830143625,0.00016892434707921344
STAD,Fibroblast,HOPX,GSM5573474,,0.04054054054054054,0.04054054054054054,0.06049341192533151,0.06049341192533151,148.0,148.0,0.0,0.0,0.0
STAD,Fibroblast,HOPX,GSM5573475,,0.017241379310344827,0.017241379310344827,0.023196419238922735,0.023196419238922735,116.0,116.0,0.0,0.0,0.0
STAD,Fibroblast,HOPX,GSM5573476,,0.1076923076923077,0.1076923076923077,0.10528871718061864,0.10528871718061864,130.0,130.0,0.0,0.0,0.0
STAD,Fibroblast,HOPX,GSM5573477,,0.16901408450704225,0.16901408450704225,0.13687173532217067,0.13687173532217067,71.0,71.0,0.0,0.0,0.0
STAD,Fibroblast,HOPX,GSM5573478,,0.014925373134328358,0.014970059880239521,0.021663511251239092,0.02172837206336855,335.0,334.0,-1.0,6.486081212945735e-05,4.4686745911163075e-05
STAD,Fibroblast,HOPX,GSM5573479,,0.20860927152317882,0.20860927152317882,0.31515225688379145,0.31515225688379145,302.0,302.0,0.0,0.0,0.0
STAD,Fibroblast,HOPX,GSM5573480,,0.1744421906693712,0.1744421906693712,0.1560423019838822,0.1560423019838822,493.0,493.0,0.0,0.0,0.0
STAD,Fibroblast,HOPX,GSM5573481,,0.3723404255319149,0.3723404255319149,0.23207234904861526,0.23207234904861526,94.0,94.0,0.0,0.0,0.0
STAD,Fibroblast,HOPX,GSM5573482,,0.06004056795131846,0.06004056795131846,0.06909024049417754,0.06909024049417754,2465.0,2465.0,0.0,0.0,0.0
STAD,Fibroblast,HOPX,GSM5573483,,0.054844606946983544,0.054844606946983544,0.06658773252957924,0.06658773252957924,547.0,547.0,0.0,0.0,0.0
STAD,Fibroblast,HOPX,GSM5573484,,0.07262569832402235,0.07262569832402235,0.14085762381706599,0.14085762381706599,358.0,358.0,0.0,0.0,0.0
STAD,Fibroblast,HOPX,GSM5573485,,0.3382084095063985,0.3382084095063985,0.43123170498967317,0.43123170498967317,547.0,547.0,0.0,0.0,0.0
STAD,Fibroblast,HOPX,GSM5573486,,0.1368421052631579,0.1368421052631579,0.2033399805588475,0.2033399805588475,95.0,95.0,0.0,0.0,0.0
STAD,Fibroblast,HOPX,GSM5573487,,0.0,0.0,0.0,0.0,3.0,3.0,0.0,0.0,0.0
STAD,Fibroblast,HOPX,GSM5573488,,0.034026465028355386,0.034026465028355386,0.04366683269787266,0.04366683269787266,529.0,529.0,0.0,0.0,0.0
STAD,Fibroblast,HOPX,GSM5573489,,0.27979274611398963,0.27979274611398963,0.31513843561086674,0.31513843561086674,193.0,193.0,0.0,0.0,0.0
STAD,Fibroblast,HOPX,GSM5573490,,0.02564102564102564,0.02564102564102564,0.020381805300766744,0.020381805300766744,195.0,195.0,0.0,0.0,0.0
STAD,Fibroblast,HOPX,GSM5573491,,0.043689320388349516,0.043689320388349516,0.048739202656398035,0.048739202656398035,206.0,206.0,0.0,0.0,0.0
STAD,Fibroblast,HOPX,GSM5573492,,0.19718309859154928,0.19718309859154928,0.2881250905558514,0.2881250905558514,71.0,71.0,0.0,0.0,0.0
STAD,Fibroblast,HOPX,GSM5573493,,0.08024691358024691,0.08024691358024691,0.08743347135258196,0.08743347135258196,486.0,486.0,0.0,0.0,0.0
STAD,Fibroblast,HOPX,GSM5573494,,0.18309859154929578,0.18309859154929578,0.20752629645417997,0.20752629645417997,142.0,142.0,0.0,0.0,0.0
STAD,Fibroblast,HOPX,GSM5573495,,0.059602649006622516,0.059602649006622516,0.07706794240758452,0.07706794240758452,151.0,151.0,0.0,0.0,0.0
STAD,Fibroblast,HOPX,GSM5573496,,0.014925373134328358,0.014925373134328358,0.024754506914119994,0.024754506914119994,67.0,67.0,0.0,0.0,0.0
STAD,Fibroblast,HOPX,GSM5573497,,0.17218543046357615,0.17218543046357615,0.16418415357528782,0.16418415357528782,151.0,151.0,0.0,0.0,0.0
STAD,Fibroblast,HOPX,GSM5573498,,0.2709677419354839,0.2709677419354839,0.31469625868737783,0.31469625868737783,155.0,155.0,0.0,0.0,0.0
STAD,Fibroblast,HOPX,GSM5573499,,0.1811668372569089,0.1811668372569089,0.15714082377304217,0.15714082377304217,977.0,977.0,0.0,0.0,0.0
STAD,Fibroblast,HOPX,GSM5573500,,0.017456359102244388,0.017456359102244388,0.027423521164546896,0.027423521164546896,401.0,401.0,0.0,0.0,0.0
STAD,Fibroblast,HOPX,GSM5573501,,0.46153846153846156,0.46153846153846156,0.4713120147008193,0.4713120147008193,13.0,13.0,0.0,0.0,0.0
STAD,Fibroblast,HOPX,GSM5573502,,0.04878048780487805,0.04878048780487805,0.012630289917612557,0.012630289917612557,41.0,41.0,0.0,0.0,0.0
STAD,Fibroblast,HOPX,GSM5573503,,0.04392764857881137,0.04392764857881137,0.04352658133542619,0.04352658133542619,387.0,387.0,0.0,0.0,0.0
STAD,Fibroblast,HOPX,GSM5573504,,0.024390243902439025,0.024390243902439025,0.03510746833040928,0.03510746833040928,328.0,328.0,0.0,0.0,0.0
STAD,Fibroblast,HOPX,GSM5573505,,0.1334841628959276,0.1334841628959276,0.14426810226810924,0.14426810226810924,442.0,442.0,0.0,0.0,0.0
STAD,Fibroblast,HSP90AB1,GSM5573466,,0.9704142011834319,0.9704142011834319,2.3512169016845803,2.3512169016845803,169.0,169.0,0.0,0.0,0.0
STAD,Fibroblast,HSP90AB1,GSM5573467,,0.9166666666666666,0.9166666666666666,2.2486916526996175,2.2486916526996175,36.0,36.0,0.0,0.0,0.0
STAD,Fibroblast,HSP90AB1,GSM5573468,,0.9644444444444444,0.9644444444444444,2.5188626555258837,2.5188626555258837,225.0,225.0,0.0,0.0,0.0
STAD,Fibroblast,HSP90AB1,GSM5573469,,0.8333333333333334,0.8333333333333334,1.8097959747495282,1.8097959747495282,18.0,18.0,0.0,0.0,0.0
STAD,Fibroblast,HSP90AB1,GSM5573470,,0.9470198675496688,0.9470198675496688,2.2280702398819834,2.2280702398819834,151.0,151.0,0.0,0.0,0.0
STAD,Fibroblast,HSP90AB1,GSM5573471,,0.88,0.88,1.9843584210176213,1.9843584210176213,100.0,100.0,0.0,0.0,0.0
STAD,Fibroblast,HSP90AB1,GSM5573472,,0.9649122807017544,0.9649122807017544,2.3305590793549884,2.3305590793549884,114.0,114.0,0.0,0.0,0.0
STAD,Fibroblast,HSP90AB1,GSM5573473,,0.8893280632411067,0.8899143045484509,2.2627060934588057,2.264197659769589,1518.0,1517.0,-1.0,0.0014915663107832877,0.000586241307344193
STAD,Fibroblast,HSP90AB1,GSM5573474,,0.8986486486486487,0.8986486486486487,2.239116295743774,2.239116295743774,148.0,148.0,0.0,0.0,0.0
STAD,Fibroblast,HSP90AB1,GSM5573475,,0.9568965517241379,0.9568965517241379,2.5220380404199023,2.5220380404199023,116.0,116.0,0.0,0.0,0.0
STAD,Fibroblast,HSP90AB1,GSM5573476,,0.8384615384615385,0.8384615384615385,1.940289651782756,1.940289651782756,130.0,130.0,0.0,0.0,0.0
STAD,Fibroblast,HSP90AB1,GSM5573477,,0.8309859154929577,0.8309859154929577,2.0660031117132664,2.0660031117132664,71.0,71.0,0.0,0.0,0.0
STAD,Fibroblast,HSP90AB1,GSM5573478,,0.755223880597015,0.7544910179640718,2.027818286148821,2.025884140753153,335.0,334.0,-1.0,-0.00193414539566783,-0.0007328626329431431
STAD,Fibroblast,HSP90AB1,GSM5573479,,0.9238410596026491,0.9238410596026491,2.35119118017832,2.35119118017832,302.0,302.0,0.0,0.0,0.0
STAD,Fibroblast,HSP90AB1,GSM5573480,,0.9513184584178499,0.9513184584178499,2.380148840000997,2.380148840000997,493.0,493.0,0.0,0.0,0.0
STAD,Fibroblast,HSP90AB1,GSM5573481,,0.9680851063829787,0.9680851063829787,2.255360595020418,2.255360595020418,94.0,94.0,0.0,0.0,0.0
STAD,Fibroblast,HSP90AB1,GSM5573482,,0.9732251521298174,0.9732251521298174,2.2817058470358433,2.2817058470358433,2465.0,2465.0,0.0,0.0,0.0
STAD,Fibroblast,HSP90AB1,GSM5573483,,0.9195612431444241,0.9195612431444241,2.363711702490672,2.363711702490672,547.0,547.0,0.0,0.0,0.0
STAD,Fibroblast,HSP90AB1,GSM5573484,,0.9581005586592178,0.9581005586592178,2.6458208464423976,2.6458208464423976,358.0,358.0,0.0,0.0,0.0
STAD,Fibroblast,HSP90AB1,GSM5573485,,0.8647166361974405,0.8647166361974405,1.8570558687089147,1.8570558687089147,547.0,547.0,0.0,0.0,0.0
STAD,Fibroblast,HSP90AB1,GSM5573486,,0.9052631578947369,0.9052631578947369,2.042304428328634,2.042304428328634,95.0,95.0,0.0,0.0,0.0
STAD,Fibroblast,HSP90AB1,GSM5573487,,1.0,1.0,2.3059019398619838,2.3059019398619838,3.0,3.0,0.0,0.0,0.0
STAD,Fibroblast,HSP90AB1,GSM5573488,,0.9149338374291115,0.9149338374291115,2.2359198220833054,2.2359198220833054,529.0,529.0,0.0,0.0,0.0
STAD,Fibroblast,HSP90AB1,GSM5573489,,0.9585492227979274,0.9585492227979274,2.362725770899279,2.362725770899279,193.0,193.0,0.0,0.0,0.0
STAD,Fibroblast,HSP90AB1,GSM5573490,,0.9794871794871794,0.9794871794871794,2.3474049714694396,2.3474049714694396,195.0,195.0,0.0,0.0,0.0
STAD,Fibroblast,HSP90AB1,GSM5573491,,0.941747572815534,0.941747572815534,2.5241286163152816,2.5241286163152816,206.0,206.0,0.0,0.0,0.0
STAD,Fibroblast,HSP90AB1,GSM5573492,,0.7746478873239436,0.7746478873239436,1.7745902199408563,1.7745902199408563,71.0,71.0,0.0,0.0,0.0
STAD,Fibroblast,HSP90AB1,GSM5573493,,0.948559670781893,0.948559670781893,2.3401197088965304,2.3401197088965304,486.0,486.0,0.0,0.0,0.0
STAD,Fibroblast,HSP90AB1,GSM5573494,,0.9507042253521126,0.9507042253521126,2.456709089918969,2.456709089918969,142.0,142.0,0.0,0.0,0.0
STAD,Fibroblast,HSP90AB1,GSM5573495,,0.9139072847682119,0.9139072847682119,2.5867768996611864,2.5867768996611864,151.0,151.0,0.0,0.0,0.0
STAD,Fibroblast,HSP90AB1,GSM5573496,,0.9253731343283582,0.9253731343283582,2.208850012236656,2.208850012236656,67.0,67.0,0.0,0.0,0.0
STAD,Fibroblast,HSP90AB1,GSM5573497,,0.9735099337748344,0.9735099337748344,2.2601580394265937,2.2601580394265937,151.0,151.0,0.0,0.0,0.0
STAD,Fibroblast,HSP90AB1,GSM5573498,,0.967741935483871,0.967741935483871,2.3201623040637087,2.3201623040637087,155.0,155.0,0.0,0.0,0.0
STAD,Fibroblast,HSP90AB1,GSM5573499,,0.9641760491299898,0.9641760491299898,2.197739846373783,2.197739846373783,977.0,977.0,0.0,0.0,0.0
STAD,Fibroblast,HSP90AB1,GSM5573500,,0.9526184538653366,0.9526184538653366,2.8492335824593256,2.8492335824593256,401.0,401.0,0.0,0.0,0.0
STAD,Fibroblast,HSP90AB1,GSM5573501,,0.8461538461538461,0.8461538461538461,2.518746415298739,2.518746415298739,13.0,13.0,0.0,0.0,0.0
STAD,Fibroblast,HSP90AB1,GSM5573502,,1.0,1.0,2.2656362787371798,2.2656362787371798,41.0,41.0,0.0,0.0,0.0
STAD,Fibroblast,HSP90AB1,GSM5573503,,0.979328165374677,0.979328165374677,2.93636301349757,2.93636301349757,387.0,387.0,0.0,0.0,0.0
STAD,Fibroblast,HSP90AB1,GSM5573504,,0.9451219512195121,0.9451219512195121,2.653286898305206,2.653286898305206,328.0,328.0,0.0,0.0,0.0
STAD,Fibroblast,HSP90AB1,GSM5573505,,0.9411764705882353,0.9411764705882353,2.187943784562654,2.187943784562654,442.0,442.0,0.0,0.0,0.0
