frozen_axis_id,candidate_axis_id,cancer,freeze_rank_within_cancer,axis_display_label,compound_representative_name,target_gene_symbol,tf_gene_symbol,regulon_target_gene_symbol,dominant_spatial_celltype,main_axis_freeze_score,predicted_soft_score,prob_high_positive,integrated_axis_score_with_ppi_msi,integrated_spatial_recurrence_score,rctd_spotlight_consistency_score,same_cancer_clinical_prognosis_score,drug_evidence_score,single_cell_regulatory_score,ppi_msi_local_support_score,lincs_cmap_combined_support_score,depmap_axis_support_score,cancer_context_specificity_score,publication_use_role,integrated_evidence_tier,sample_ids,candidate_genes_tested,legacy_fixed_four_external_score,downloaded_drug_sensitivity_score,external_downloaded_support_class,hpa_axis_score,gdsc_support_score,gdsc_best_hit_type,gdsc_best_drug_name,prism_support_score,prism_best_hit_type,prism_best_drug_name,ctrp_support_score,ctrp_best_hit_type,ctrp_best_drug_name,n_downloaded_external_layers_ge_0_50,external_dry_validation_score_hpa_ot_cptac,hpa_external_support_score,opentargets_overall_score,opentargets_literature_score,opentargets_genetic_association_score,opentargets_somatic_mutation_score,cptac_coad_protein_available_for_target,cptac_coad_n_samples,cptac_coad_median_protein,cptac_coad_protein_quantification_score,manual_directness_final_class,manual_directness_score,manual_decision_for_main_text,manual_reviewer_note,best_affinity_nm,potency_tier,bindingdb_n_rows,manual_key_pmid_list,n_samples,n_visual_recurrent_samples,n_target_clustered_samples,n_tumor_marker_supported_samples,n_dominant_marker_supported_samples,n_target_celltype_colocalized_samples,mean_visual_recurrence_support_score,mean_target_celltype_spearman,visual_recurrence_fraction,target_cluster_fraction,potency_score,legacy_priority_score,final_main_axis_selected,claim_strength_class,claim_boundary,available_source_external_score,n_evaluable_databases,database_coverage_fraction,evaluable_databases,composite_priority_score,priority_rank_within_retained_cancer_pool,priority_change
COAD_AXIS_034,COAD_CV034,COAD,1,Quercetin | CDK1/MYB,Quercetin,CDK1,MYB,CDK1,Myeloid,0.7309834653031083,0.7593769133333333,0.9999583873333332,0.8391144570908674,0.8580516639554029,0.7333326297500089,1.0,0.7853194478953663,0.6123153408061816,0.8154009307104897,0.0,0.0,0.9999983243607252,main_text_flagship_axis,IS1_publication_core_axis,COAD_GSM8594567_P1CRC;COAD_GSM8594568_P2CRC;COAD_GSM8594569_P5CRC,CDK1;MYB,0.7461505109159344,0.8476562499999999,strong,0.5375,0.8084409594095942,target_class,Dinaciclib,0.7910048342541437,target_class,alvocidib,0.8476562499999999,target_class,Dinaciclib,4,0.4062543639978808,0.5525000000000001,0.019073409994702,0.1568715556905143,0.0,0.0,True,97.0,0.219,1.0,A1_direct_high_confidence,1.0,main_text_direct_supported,"Can be described as direct compound-target evidence, with assay type and affinity reported. The directness audit is for compound->CDK1; the TF/regulon component MYB remains a regulatory-context link, not a direct drug-target claim.",450.0,P2_sub_1uM,3,10843211|18639462|20638755,3,3,0,3,3,0,0.5,-0.2306734774380811,1.0,0.0,0.85,0.807259981236907,True,A_main_flagship_multi_layer_supported,"compound-target directness can be discussed with the audited assay/potency tier; external drug-sensitivity support is target-class/regulator-class, not direct efficacy of the original compound.",0.7461505109159344,4,1.0,HPA;GDSC;PRISM;CTRP,0.807259981236907,1,0.0
COAD_AXIS_022,COAD_CV022,COAD,2,Allopseudococain | SLC6A4/ATF4,Allopseudococain,SLC6A4,ATF4,SLC6A4,Myeloid,0.7095915560276678,0.7826519946666667,0.9996984553333332,0.829032548306303,0.7931617774762313,0.7333326297500089,0.849528600798618,0.9370378851683692,0.8306203735741209,0.6946818721728618,0.0,0.0,0.9999994752763256,main_text_flagship_axis,IS1_publication_core_axis,COAD_GSM8594567_P1CRC;COAD_GSM8594568_P2CRC;COAD_GSM8594569_P5CRC,SLC6A4;ATF4,0.2116496892265193,0.2215987569060773,limited,0.625,0.0,no_hit,,0.2215987569060773,target_class,ziprasidone,0.0,no_hit,,1,0.248625,0.5525000000000001,0.0,0.0,0.0,0.0,False,,,0.0,C1_identity_or_analog_conflict,0.25,hold_direct_claim_until_identity_resolved,"Do not use as direct exact compound-target evidence in the main claim until compound identity/stereochemistry is resolved. The directness audit is for compound->SLC6A4; the TF/regulon component ATF4 remains a regulatory-context link, not a direct drug-target claim.",155.0,P2_sub_1uM,15,10206550|10698458|12565962|12798324|14592523,3,2,0,3,2,0,0.4166666666666667,-0.4022439854549458,0.6666666666666666,0.0,0.85,0.5055378757521339,False,D_spatial_mechanistic_candidate,"compound-target directness requires cautious or low-potency wording; external drug-sensitivity support is target-class/regulator-class, not direct efficacy of the original compound.",0.4232993784530386,2,0.5,HPA;PRISM,0.5478678135974377,8,0.0423299378453038
COAD_AXIS_089,COAD_CV089,COAD,3,Ibogain | SLC6A4/ATF4,Ibogain,SLC6A4,ATF4,SLC6A4,Myeloid,0.6863369988406245,0.7813467953333333,0.9999169093333332,0.7999112302559706,0.7931617774762313,0.7333326297500089,0.849528600798618,0.7281597239476832,0.8306203735741209,0.6958983916939223,0.0,0.0,0.99999901808395,main_text_flagship_axis,IS1_publication_core_axis,COAD_GSM8594567_P1CRC;COAD_GSM8594568_P2CRC;COAD_GSM8594569_P5CRC,SLC6A4;ATF4,0.2116496892265193,0.2215987569060773,limited,0.625,0.0,no_hit,,0.2215987569060773,target_class,ziprasidone,0.0,no_hit,,1,0.248625,0.5525000000000001,0.0,0.0,0.0,0.0,False,,,0.0,A1_direct_high_confidence,1.0,main_text_direct_supported,"Can be described as direct compound-target evidence, with assay type and affinity reported. The directness audit is for compound->SLC6A4; the TF/regulon component ATF4 remains a regulatory-context link, not a direct drug-target claim.",500.0,P2_sub_1uM,1,35707155,3,2,0,3,2,0,0.4166666666666667,-0.4022439854549458,0.6666666666666666,0.0,0.85,0.6508869643147253,False,C_supplementary_supported_axis,"compound-target directness can be discussed with the audited assay/potency tier; external drug-sensitivity support is target-class/regulator-class, not direct efficacy of the original compound.",0.4232993784530386,2,0.5,HPA;PRISM,0.6932169021600291,2,0.0423299378453038
COAD_AXIS_029,COAD_CV029,COAD,4,Physovenine | ACHE/TBP,Physovenine,ACHE,TBP,ACHE,Myeloid,0.6699639930467307,0.781257344,0.999907706,0.7809782385803586,0.661941630426899,0.7333326297500089,0.7977108356218675,0.7809597239476832,0.8585072589614885,0.7652596802173068,0.0,0.0,0.9999996125969848,main_text_flagship_axis,IS1_publication_core_axis,COAD_GSM8594567_P1CRC;COAD_GSM8594568_P2CRC;COAD_GSM8594569_P5CRC,ACHE;TBP,0.3563848843232043,0.54140625,limited,0.5375,0.0,no_hit,,0.3466332872928176,target_class,chlorpyrifos,0.54140625,target_class,PRIMA-1,2,0.160875,0.3575,0.0,0.0,0.0,0.0,False,,,0.0,A1_direct_high_confidence,1.0,main_text_direct_supported,"Can be described as direct compound-target evidence, with assay type and affinity reported. The directness audit is for compound->ACHE; the TF/regulon component TBP remains a regulatory-context link, not a direct drug-target claim.",4.0,P1_sub_100nM_or_functional_high,1,35858523,3,3,3,3,3,0,0.75,-0.3318816890926918,1.0,1.0,1.0,0.6504196036002088,False,E_supplementary_low_priority,"compound-target directness can be discussed with the audited assay/potency tier; external drug-sensitivity support is target-class/regulator-class, not direct efficacy of the original compound.",0.4751798457642724,3,0.75,HPA;PRISM;CTRP,0.6741785958884224,6,0.0237589922882136
COAD_AXIS_037,COAD_CV037,COAD,5,Stepholidine | DRD1/HR,Stepholidine,DRD1,HR,DRD1,Myeloid,0.6643814912807277,0.768080644,0.9998769106666666,0.7815901897373574,1.0,0.7333326297500089,0.4533182575348581,0.9536791718430496,0.8643538625442575,0.5602249823360164,0.0,0.0,0.999998737807418,main_figure_candidate_panel,IS2_high_priority_validation_axis,COAD_GSM8594567_P1CRC;COAD_GSM8594568_P2CRC;COAD_GSM8594569_P5CRC,DRD1;HR,0.3279426363950276,0.46171875,limited,0.45,0.0,no_hit,,0.4000517955801105,target_class,paliperidone,0.46171875,target_class,Prochlorperazine,0,0.160875,0.3575,0.0,0.0,0.0,0.0,False,,,0.0,A1_direct_high_confidence,1.0,main_text_direct_supported,"Can be described as direct compound-target evidence, with assay type and affinity reported. The directness audit is for compound->DRD1; the TF/regulon component HR remains a regulatory-context link, not a direct drug-target claim.",3.4,P1_sub_100nM_or_functional_high,9,19744859|22748706|23332346|25308766|27688181,3,1,0,1,1,0,0.1666666666666666,-0.23747529346858,0.3333333333333333,0.0,1.0,0.659884151288637,False,C_supplementary_supported_axis,"compound-target directness can be discussed with the audited assay/potency tier; external drug-sensitivity support is target-class/regulator-class, not direct efficacy of the original compound.",0.4372568485267035,3,0.75,HPA;PRISM;CTRP,0.6817469937149722,4,0.0218628424263351
COAD_AXIS_018,COAD_CV018,COAD,6,Physovenine | ACHE/MYC,Physovenine,ACHE,MYC,ACHE,Myeloid,0.6609398292326683,0.7591908980000001,0.9999529833333334,0.7590011958690785,0.9466317380585186,0.7333326297500089,0.4454757715236179,0.7809597239476832,0.7411888480469154,0.8638614381974908,0.0,0.0,0.9999993141599244,supplementary_top50_axis,IS2_high_priority_validation_axis,COAD_GSM8594567_P1CRC;COAD_GSM8594568_P2CRC;COAD_GSM8594569_P5CRC,ACHE;MYC,0.3563848843232043,0.54140625,limited,0.5375,0.0,no_hit,,0.3466332872928176,target_class,chlorpyrifos,0.54140625,target_class,PRIMA-1,2,0.160875,0.3575,0.0,0.0,0.0,0.0,False,,,0.0,A1_direct_high_confidence,1.0,main_text_direct_supported,"Can be described as direct compound-target evidence, with assay type and affinity reported. The directness audit is for compound->ACHE; the TF/regulon component MYC remains a regulatory-context link, not a direct drug-target claim.",4.0,P1_sub_100nM_or_functional_high,1,35858523,3,3,3,3,3,0,0.75,-0.3318816890926918,1.0,1.0,1.0,0.6560947805723142,False,C_supplementary_supported_axis,"compound-target directness can be discussed with the audited assay/potency tier; external drug-sensitivity support is target-class/regulator-class, not direct efficacy of the original compound.",0.4751798457642724,3,0.75,HPA;PRISM;CTRP,0.6798537728605278,5,0.0237589922882136
COAD_AXIS_001,COAD_CV001,COAD,7,Physovenine | ACHE/TFAP2A,Physovenine,ACHE,TFAP2A,ACHE,Myeloid,0.6597170142524549,0.764976508,0.999918114,0.7730871896382334,0.9903990119807774,0.7333326297500089,0.4454757715236179,0.7809597239476832,0.8607849956943785,0.7311712346962592,0.0,0.0,0.9999996744454338,main_figure_candidate_panel,IS2_high_priority_validation_axis,COAD_GSM8594567_P1CRC;COAD_GSM8594568_P2CRC;COAD_GSM8594569_P5CRC,ACHE;TFAP2A,0.3563848843232043,0.54140625,limited,0.5375,0.0,no_hit,,0.3466332872928176,target_class,chlorpyrifos,0.54140625,target_class,PRIMA-1,2,0.160875,0.3575,0.0,0.0,0.0,0.0,False,,,0.0,A1_direct_high_confidence,1.0,main_text_direct_supported,"Can be described as direct compound-target evidence, with assay type and affinity reported. The directness audit is for compound->ACHE; the TF/regulon component TFAP2A remains a regulatory-context link, not a direct drug-target claim.",4.0,P1_sub_100nM_or_functional_high,1,35858523,3,3,3,3,2,0,0.6666666666666666,-0.3318816890926918,1.0,1.0,1.0,0.6624153086646103,False,C_supplementary_supported_axis,"compound-target directness can be discussed with the audited assay/potency tier; external drug-sensitivity support is target-class/regulator-class, not direct efficacy of the original compound.",0.4751798457642724,3,0.75,HPA;PRISM;CTRP,0.686174300952824,3,0.0237589922882136
COAD_AXIS_043,COAD_CV043,COAD,8,Quercetin | ACHE/TBP,Quercetin,ACHE,TBP,ACHE,Myeloid,0.6587183963137363,0.7707861906666668,0.999951856,0.769271226599485,0.661941630426899,0.7333326297500089,0.7977108356218675,0.7003235364986989,0.8585072589614885,0.761080286451263,0.0,0.0,0.9999995065734611,main_figure_candidate_panel,IS2_high_priority_validation_axis,COAD_GSM8594567_P1CRC;COAD_GSM8594568_P2CRC;COAD_GSM8594569_P5CRC,ACHE;TBP,0.3563848843232043,0.54140625,limited,0.5375,0.0,no_hit,,0.3466332872928176,target_class,chlorpyrifos,0.54140625,target_class,PRIMA-1,2,0.160875,0.3575,0.0,0.0,0.0,0.0,False,,,0.0,A2_direct_supported,0.75,main_text_supported_with_potency_note,"Can be described as direct supported evidence, but potency is moderate/weak and should be stated. The directness audit is for compound->ACHE; the TF/regulon component TBP remains a regulatory-context link, not a direct drug-target claim.",2910.0,P3_1_to_10uM,5,19879672|33984802,3,3,3,3,2,0,0.6666666666666666,-0.3318816890926918,1.0,1.0,0.55,0.5756704842536098,False,E_supplementary_low_priority,"compound-target directness can be discussed with the audited assay/potency tier; external drug-sensitivity support is target-class/regulator-class, not direct efficacy of the original compound.",0.4751798457642724,3,0.75,HPA;PRISM;CTRP,0.5994294765418234,7,0.0237589922882136
LIHC_AXIS_002,LIHC_CV002,LIHC,1,Indirubin | AHR/NR1H3,Indirubin,AHR,NR1H3,AHR,Plasma_cell,0.6510660378458696,0.7566445866666667,0.9999560726666666,0.7341620556267837,0.8078295057904876,0.4571780025987867,0.6156618463158938,0.7809597239476832,0.8064089858397268,0.793554745393672,0.0,0.0,0.999999177481118,supplementary_top50_axis,IS2_high_priority_validation_axis,LIHC_P5T_P5T;LIHC_P7T_P7T;LIHC_P8T_P8T,AHR;NR1H3,0.4020038415055248,0.6947341160220993,moderate,0.5375,0.0,no_hit,,0.6947341160220993,target_class,mexiletine,0.37578125,target_class,StemRegenin 1,2,0.2927806526572737,0.5525000000000001,0.1103891316431842,0.9079086968193604,0.0,0.0,False,81.0,0.0541,0.0,A1_direct_high_confidence,1.0,main_text_direct_supported,"Can be described as direct compound-target evidence, with assay type and affinity reported. The directness audit is for compound->AHR; the TF/regulon component NR1H3 remains a regulatory-context link, not a direct drug-target claim.",0.2,P1_sub_100nM_or_functional_high,1,36274276,3,3,3,3,3,1,0.8333333333333334,-0.1306465564971539,1.0,1.0,1.0,0.6726326516361689,False,C_supplementary_supported_axis,"compound-target directness can be discussed with the audited assay/potency tier; external drug-sensitivity support is target-class/regulator-class, not direct efficacy of the original compound.",0.5360051220073664,3,0.75,HPA;PRISM;CTRP,0.6994329077365372,7,0.0268002561003682
LIHC_AXIS_092,LIHC_CV092,LIHC,2,"4',5-Dihydroxyflavone | AR/HDAC1","4',5-Dihydroxyflavone",AR,HDAC1,AR,T_NK_ILC,0.6723705953191058,0.7777498386666667,0.999709846,0.7818611871908144,0.5604529075615624,0.7773004860217321,0.8135140276512416,0.7299597239476832,0.9211680076528572,0.9363664269254623,0.0,0.0,0.9999927856941055,main_text_flagship_axis,IS1_publication_core_axis,LIHC_P5T_P5T;LIHC_P7T_P7T;LIHC_P8T_P8T,AR;HDAC1,0.6445684158923788,0.6683183701657459,strong,0.625,0.636747572815534,tf_or_regulator_class,Belinostat,0.6683183701657459,target_class,galeterone,0.6482077205882353,tf_or_regulator_class,Panobinostat,4,0.3936444960302248,0.5525000000000001,0.3625487400755617,0.984548602469357,0.0,0.5319394479101685,False,,,0.0,A1_direct_high_confidence,1.0,main_text_direct_supported,"Can be described as direct compound-target evidence, with assay type and affinity reported. The directness audit is for compound->AR; the TF/regulon component HDAC1 remains a regulatory-context link, not a direct drug-target claim.",851.0,P2_sub_1uM,2,23611768,3,3,0,3,3,0,0.5,-0.2393119101806538,1.0,0.0,0.85,0.7106715907446779,True,B_main_cancer_specific_candidate,"compound-target directness can be discussed with the audited assay/potency tier; external drug-sensitivity support is target-class/regulator-class, not direct efficacy of the original compound.",0.6445684158923788,4,1.0,HPA;GDSC;PRISM;CTRP,0.7106715907446779,1,0.0
LIHC_AXIS_061,LIHC_CV061,LIHC,3,Quercetin | MMP1/CEBPB,Quercetin,MMP1,CEBPB,MMP1,Plasma_cell,0.6603947910394509,0.762950266,0.999953044,0.7465374437418311,0.8522780795714092,0.4571780025987867,0.7827720351406074,0.7087235364986989,0.63535158628096,0.8668421080375898,0.0,0.0,0.9999967361384248,supplementary_top50_axis,IS2_high_priority_validation_axis,LIHC_P5T_P5T;LIHC_P7T_P7T;LIHC_P8T_P8T,MMP1;CEBPB,0.3814217886740331,0.6606871546961326,limited,0.865,0.0,no_hit,,0.6606871546961326,target_class,marimastat,0.0,no_hit,,2,0.355902140287405,0.7075,0.0938178507185125,0.7519220867363595,0.0,0.0,False,79.0,-0.0541,0.0,A2_direct_supported,0.75,main_text_supported_with_potency_note,"Can be described as direct supported evidence, but potency is moderate/weak and should be stated. The directness audit is for compound->MMP1; the TF/regulon component CEBPB remains a regulatory-context link, not a direct drug-target claim.",1490.0,P3_1_to_10uM,3,22524676|35667156,3,3,0,3,3,1,0.5833333333333334,-0.2245506240953078,1.0,0.0,0.55,0.6275724454212094,False,C_supplementary_supported_axis,"compound-target directness can be discussed with the audited assay/potency tier; external drug-sensitivity support is target-class/regulator-class, not direct efficacy of the original compound.",0.7628435773480663,2,0.5,HPA;PRISM,0.7038568031560161,2,0.0762843577348066
LIHC_AXIS_034,LIHC_CV034,LIHC,4,Quercetin | MMP1/SMAD2,Quercetin,MMP1,SMAD2,MMP1,Plasma_cell,0.6580555891357222,0.763539752,0.9999509713333332,0.7512244494920141,0.852800645331435,0.4571780025987867,0.7827720351406074,0.7087235364986989,0.6551964903241421,0.8226026262879399,0.0,0.0,0.9999976076044388,main_figure_candidate_panel,IS2_high_priority_validation_axis,LIHC_P5T_P5T;LIHC_P7T_P7T;LIHC_P8T_P8T,MMP1;SMAD2,0.3814217886740331,0.6606871546961326,limited,0.865,0.0,no_hit,,0.6606871546961326,target_class,marimastat,0.0,no_hit,,2,0.355902140287405,0.7075,0.0938178507185125,0.7519220867363595,0.0,0.0,False,79.0,-0.0541,0.0,A2_direct_supported,0.75,main_text_supported_with_potency_note,"Can be described as direct supported evidence, but potency is moderate/weak and should be stated. The directness audit is for compound->MMP1; the TF/regulon component SMAD2 remains a regulatory-context link, not a direct drug-target claim.",1490.0,P3_1_to_10uM,3,22524676|35667156,3,3,0,3,3,1,0.5833333333333334,-0.2245506240953078,1.0,0.0,0.55,0.6271829899044675,False,C_supplementary_supported_axis,"compound-target directness can be discussed with the audited assay/potency tier; external drug-sensitivity support is target-class/regulator-class, not direct efficacy of the original compound.",0.7628435773480663,2,0.5,HPA;PRISM,0.7034673476392742,3,0.0762843577348066
LIHC_AXIS_078,LIHC_CV078,LIHC,5,Kaempferol | MMP1/CEBPB,Kaempferol,MMP1,CEBPB,MMP1,Plasma_cell,0.6574915156907748,0.7648857166666667,0.9999609073333332,0.7419367492450862,0.8522780795714092,0.4571780025987867,0.7827720351406074,0.6773597239476832,0.630795426966538,0.8702121245962041,0.0,0.0,0.9999963481762016,supplementary_top50_axis,IS2_high_priority_validation_axis,LIHC_P5T_P5T;LIHC_P7T_P7T;LIHC_P8T_P8T,MMP1;CEBPB,0.3814217886740331,0.6606871546961326,limited,0.865,0.0,no_hit,,0.6606871546961326,target_class,marimastat,0.0,no_hit,,2,0.355902140287405,0.7075,0.0938178507185125,0.7519220867363595,0.0,0.0,False,79.0,-0.0541,0.0,A2_direct_supported,0.75,main_text_supported_with_potency_note,"Can be described as direct supported evidence, but potency is moderate/weak and should be stated. The directness audit is for compound->MMP1; the TF/regulon component CEBPB remains a regulatory-context link, not a direct drug-target claim.",1350.0,P3_1_to_10uM,4,22524676,3,3,0,3,3,1,0.5833333333333334,-0.2245506240953078,1.0,0.0,0.55,0.6269917903514742,False,C_supplementary_supported_axis,"compound-target directness can be discussed with the audited assay/potency tier; external drug-sensitivity support is target-class/regulator-class, not direct efficacy of the original compound.",0.7628435773480663,2,0.5,HPA;PRISM,0.7032761480862809,4,0.0762843577348066
LIHC_AXIS_008,LIHC_CV008,LIHC,6,Quercetin | MMP1/EHF,Quercetin,MMP1,EHF,MMP1,Tumor_Lineage,0.6572437167287554,0.759392646,0.9999528206666668,0.7669307042133857,0.6759397196992994,0.8977793296042744,0.7827720351406074,0.7087235364986989,0.7912478473715854,0.6032830706597978,0.0,0.0,0.9999983873402984,main_figure_candidate_panel,IS2_high_priority_validation_axis,LIHC_P5T_P5T;LIHC_P7T_P7T;LIHC_P8T_P8T,MMP1;EHF,0.3814217886740331,0.6606871546961326,limited,0.865,0.0,no_hit,,0.6606871546961326,target_class,marimastat,0.0,no_hit,,2,0.355902140287405,0.7075,0.0938178507185125,0.7519220867363595,0.0,0.0,False,79.0,-0.0541,0.0,A2_direct_supported,0.75,main_text_supported_with_potency_note,"Can be described as direct supported evidence, but potency is moderate/weak and should be stated. The directness audit is for compound->MMP1; the TF/regulon component EHF remains a regulatory-context link, not a direct drug-target claim.",1490.0,P3_1_to_10uM,3,22524676|35667156,3,3,0,3,3,1,0.5833333333333334,0.2505000333126743,1.0,0.0,0.55,0.600491476578254,False,E_supplementary_low_priority,"compound-target directness can be discussed with the audited assay/potency tier; external drug-sensitivity support is target-class/regulator-class, not direct efficacy of the original compound.",0.7628435773480663,2,0.5,HPA;PRISM,0.6767758343130605,8,0.0762843577348065
LIHC_AXIS_079,LIHC_CV079,LIHC,7,Luteolin | MMP1/CEBPB,Luteolin,MMP1,CEBPB,MMP1,Plasma_cell,0.6570976918284611,0.76476954,0.999956034,0.7415711491839944,0.8522780795714092,0.4571780025987867,0.7827720351406074,0.6773597239476832,0.630795426966538,0.8665561239852851,0.0,0.0,0.9999963481762016,supplementary_top50_axis,IS2_high_priority_validation_axis,LIHC_P5T_P5T;LIHC_P7T_P7T;LIHC_P8T_P8T,MMP1;CEBPB,0.3814217886740331,0.6606871546961326,limited,0.865,0.0,no_hit,,0.6606871546961326,target_class,marimastat,0.0,no_hit,,2,0.355902140287405,0.7075,0.0938178507185125,0.7519220867363595,0.0,0.0,False,79.0,-0.0541,0.0,A2_direct_supported,0.75,main_text_supported_with_potency_note,"Can be described as direct supported evidence, but potency is moderate/weak and should be stated. The directness audit is for compound->MMP1; the TF/regulon component CEBPB remains a regulatory-context link, not a direct drug-target claim.",3030.0,P3_1_to_10uM,2,22524676,3,3,0,3,3,1,0.5833333333333334,-0.2245506240953078,1.0,0.0,0.55,0.6269130255790115,False,C_supplementary_supported_axis,"compound-target directness can be discussed with the audited assay/potency tier; external drug-sensitivity support is target-class/regulator-class, not direct efficacy of the original compound.",0.7628435773480663,2,0.5,HPA;PRISM,0.7031973833138181,5,0.0762843577348065
LIHC_AXIS_086,LIHC_CV086,LIHC,8,(-)-epigallocatechin-... | MMP1/CEBPB,(-)-epigallocatechin-3-gallate,MMP1,CEBPB,MMP1,Plasma_cell,0.6564147407581982,0.7654204486666667,0.9999600253333334,0.7399228437320526,0.8522780795714092,0.4571780025987867,0.7827720351406074,0.6689597239476832,0.6244168039263471,0.869487531099839,0.0,0.0,0.9999961581999656,supplementary_top50_axis,IS2_high_priority_validation_axis,LIHC_P5T_P5T;LIHC_P7T_P7T;LIHC_P8T_P8T,MMP1;CEBPB,0.3814217886740331,0.6606871546961326,limited,0.865,0.0,no_hit,,0.6606871546961326,target_class,marimastat,0.0,no_hit,,2,0.355902140287405,0.7075,0.0938178507185125,0.7519220867363595,0.0,0.0,False,79.0,-0.0541,0.0,A2_direct_supported,0.75,main_text_supported_with_potency_note,"Can be described as direct supported evidence, but potency is moderate/weak and should be stated. The directness audit is for compound->MMP1; the TF/regulon component CEBPB remains a regulatory-context link, not a direct drug-target claim.",7900.0,P3_1_to_10uM,1,38278079,3,3,0,3,3,1,0.5833333333333334,-0.2245506240953078,1.0,0.0,0.55,0.6267764353649589,False,C_supplementary_supported_axis,"compound-target directness can be discussed with the audited assay/potency tier; external drug-sensitivity support is target-class/regulator-class, not direct efficacy of the original compound.",0.7628435773480663,2,0.5,HPA;PRISM,0.7030607930997655,6,0.0762843577348066
STAD_AXIS_015,STAD_CV015,STAD,1,Eckol | BACE1/HSF1,Eckol,BACE1,HSF1,BACE1,Fibroblast_CAF,0.6568261271967065,0.7445091493333333,0.9999506813333332,0.7385558422147566,0.7620795463250641,0.8815972798421099,0.4916431586456512,0.7003235364986989,0.7702710156478068,0.7916475640713688,0.0,0.0,0.912418477467108,supplementary_top50_axis,IS2_high_priority_validation_axis,STAD_GSM7990473_GC1;STAD_GSM7990474_21_00731_LI_SING;STAD_GSM7990475_21_00732_LI_SING,BACE1;HSF1,0.3393765385771952,0.5414667896678967,limited,0.5375,0.5414667896678967,tf_or_regulator_class,CCT245232,0.2785393646408839,target_class,TC1,0.0,no_hit,,2,0.219375,0.4875,0.0,0.0,0.0,0.0,False,,,0.0,A2_direct_supported,0.75,main_text_supported_with_potency_note,"Can be described as direct supported evidence, but potency is moderate/weak and should be stated. The directness audit is for compound->BACE1; the TF/regulon component HSF1 remains a regulatory-context link, not a direct drug-target claim.",7670.0,P3_1_to_10uM,3,20462757|33984802,3,3,3,3,3,3,1.0,0.3715533323002815,1.0,1.0,0.55,0.5621542809681052,False,C_supplementary_supported_axis,"compound-target directness can be discussed with the audited assay/potency tier; external drug-sensitivity support is target-class/regulator-class, not direct efficacy of the original compound.",0.4525020514362602,3,0.75,HPA;GDSC;PRISM,0.5847793835399181,4,0.0226251025718129
STAD_AXIS_021,STAD_CV021,STAD,2,Eriodyctiol | HSP90AB1/HOPX,Eriodyctiol (flavanone),HSP90AB1,HOPX,HSP90AB1,Fibroblast_CAF,0.7387591149818986,0.7830911460000001,0.9998847373333334,0.8192460420844396,0.7440378530815416,0.8815972798421099,0.9645813597317514,0.6806,0.8356743547390865,0.8444811439794759,0.0,0.0,0.5680923896207927,main_text_flagship_axis,IS1_publication_core_axis,STAD_GSM7990473_GC1;STAD_GSM7990474_21_00731_LI_SING;STAD_GSM7990475_21_00732_LI_SING,HSP90AB1;HOPX,0.3377028660220994,0.8133114640883978,limited,0.5375,0.0,no_hit,,0.8133114640883978,target_class,NVP-AUY922,0.0,no_hit,,2,0.3466484480127006,0.5525000000000001,0.2450586200317513,0.1251821356702715,0.0,0.396843715107586,False,97.0,0.244,0.0,A1_direct_high_confidence,1.0,main_text_direct_supported,"Can be described as direct compound-target evidence, with assay type and affinity reported. The directness audit is for compound->HSP90AB1; the TF/regulon component HOPX remains a regulatory-context link, not a direct drug-target claim.",200.0,P2_sub_1uM,1,,3,3,3,3,3,2,0.9166666666666666,0.2063740008729921,1.0,1.0,0.85,0.7005210549374761,True,B_main_cancer_specific_candidate,"compound-target directness can be discussed with the audited assay/potency tier; external drug-sensitivity support is target-class/regulator-class, not direct efficacy of the original compound.",0.6754057320441988,2,0.5,HPA;PRISM,0.7680616281418959,1,0.0675405732044198
STAD_AXIS_017,STAD_CV017,STAD,3,Quercetin | PLAU/ETS1,Quercetin,PLAU,ETS1,PLAU,Fibroblast_CAF,0.7146258669504014,0.772351522,0.9998853733333332,0.831244882031456,0.8471185487289651,0.8815972798421099,0.8158751301563165,0.6877235364986989,0.7867624467797294,0.8452976521247821,0.0,0.0,0.9999995523440104,main_text_flagship_axis,IS1_publication_core_axis,STAD_GSM7990473_GC1;STAD_GSM7990474_21_00731_LI_SING;STAD_GSM7990475_21_00732_LI_SING,PLAU;ETS1,0.134375,0.0,weak_or_absent,0.5375,0.0,no_hit,,0.0,no_hit,,0.0,no_hit,,1,0.2533194160223876,0.5525000000000001,0.0117360400559688,0.0965244736907249,0.0,0.0,False,72.0,0.2085,0.0,B1_weak_direct_low_potency,0.45,mechanistic_candidate_low_potency_note,"Use as weak direct biochemical support only; do not call it a potent target without functional validation. The directness audit is for compound->PLAU; the TF/regulon component ETS1 remains a regulatory-context link, not a direct drug-target claim.",12100.0,P4_above_10uM_low_potency,3,21981000|24610996,3,3,3,3,3,3,1.0,0.4416304720021557,1.0,1.0,0.25,0.5062874103172955,False,D_spatial_mechanistic_candidate,compound-target directness requires cautious or low-potency wording; no external drug-sensitivity support detected in downloaded screens.,0.5375,1,0.25,HPA,0.5869124103172955,3,0.0806249999999999
STAD_AXIS_029,STAD_CV029,STAD,4,Quercetin | PLAU/HIF1A,Quercetin,PLAU,HIF1A,PLAU,Fibroblast_CAF,0.7141191280535707,0.7699502653333333,0.9998964026666666,0.8191509548381224,0.8353754176461786,0.8815972798421099,0.8158751301563165,0.6877235364986989,0.6639337225075225,0.8952392398202462,0.0,0.0,0.9999993384497124,main_text_flagship_axis,IS1_publication_core_axis,STAD_GSM7990473_GC1;STAD_GSM7990474_21_00731_LI_SING;STAD_GSM7990475_21_00732_LI_SING,PLAU;HIF1A,0.2908710290055248,0.6259841160220995,limited,0.5375,0.0,no_hit,,0.6259841160220995,tf_or_regulator_class,BAY-87-2243,0.0,no_hit,,2,0.2533194160223876,0.5525000000000001,0.0117360400559688,0.0965244736907249,0.0,0.0,False,72.0,0.2085,0.0,B1_weak_direct_low_potency,0.45,mechanistic_candidate_low_potency_note,"Use as weak direct biochemical support only; do not call it a potent target without functional validation. The directness audit is for compound->PLAU; the TF/regulon component HIF1A remains a regulatory-context link, not a direct drug-target claim.",12100.0,P4_above_10uM_low_potency,3,21981000|24610996,3,3,3,3,3,3,1.0,0.4416304720021557,1.0,1.0,0.25,0.5357237986766162,False,D_spatial_mechanistic_candidate,"compound-target directness requires cautious or low-potency wording; external drug-sensitivity support is target-class/regulator-class, not direct efficacy of the original compound.",0.5817420580110497,2,0.5,HPA;PRISM,0.5938980044777212,2,0.0581742058011049
STAD_AXIS_010,STAD_CV010,STAD,5,Quercetin | PLAU/MYC,Quercetin,PLAU,MYC,PLAU,Fibroblast_CAF,0.7139673585862254,0.7658728526666666,0.999515036,0.8267994771279995,0.8125986023801656,0.8815972798421099,0.8158751301563165,0.6877235364986989,0.8257085299724876,0.9156480865802864,0.0,0.0,0.9999997346377114,main_text_flagship_axis,IS1_publication_core_axis,STAD_GSM7990473_GC1;STAD_GSM7990474_21_00731_LI_SING;STAD_GSM7990475_21_00732_LI_SING,PLAU;MYC,0.2190478245856353,0.3386912983425414,limited,0.5375,0.0,no_hit,,0.3386912983425414,tf_or_regulator_class,TWS-119,0.0,no_hit,,1,0.2533194160223876,0.5525000000000001,0.0117360400559688,0.0965244736907249,0.0,0.0,False,72.0,0.2085,0.0,B1_weak_direct_low_potency,0.45,mechanistic_candidate_low_potency_note,"Use as weak direct biochemical support only; do not call it a potent target without functional validation. The directness audit is for compound->PLAU; the TF/regulon component MYC remains a regulatory-context link, not a direct drug-target claim.",12100.0,P4_above_10uM_low_potency,3,21981000|24610996,3,3,3,3,3,3,1.0,0.4416304720021557,1.0,1.0,0.25,0.5179122816092674,False,D_spatial_mechanistic_candidate,"compound-target directness requires cautious or low-potency wording; external drug-sensitivity support is target-class/regulator-class, not direct efficacy of the original compound.",0.4380956491712707,2,0.5,HPA;PRISM,0.5617218465263945,7,0.043809564917127
STAD_AXIS_049,STAD_CV049,STAD,6,Quercetin | PLAU/NR3C1,Quercetin,PLAU,NR3C1,PLAU,Fibroblast_CAF,0.7111519844803519,0.7683353866666667,0.9999070466666669,0.8114054178277956,0.8344634995523436,0.8815972798421099,0.8158751301563165,0.6877235364986989,0.6098973398851286,0.8844515260741609,0.0,0.0,0.9999990700786467,supplementary_top50_axis,IS1_publication_core_axis,STAD_GSM7990473_GC1;STAD_GSM7990474_21_00731_LI_SING;STAD_GSM7990475_21_00732_LI_SING,PLAU;NR3C1,0.2756341784814755,0.5393473756906078,limited,0.5375,0.0,no_hit,,0.5393473756906078,tf_or_regulator_class,difluprednate,0.0256893382352941,tf_or_regulator_class,Dexamethasone,2,0.2533194160223876,0.5525000000000001,0.0117360400559688,0.0965244736907249,0.0,0.0,False,72.0,0.2085,0.0,B1_weak_direct_low_potency,0.45,mechanistic_candidate_low_potency_note,"Use as weak direct biochemical support only; do not call it a potent target without functional validation. The directness audit is for compound->PLAU; the TF/regulon component NR3C1 remains a regulatory-context link, not a direct drug-target claim.",12100.0,P4_above_10uM_low_potency,3,21981000|24610996,3,3,3,3,3,3,1.0,0.4416304720021557,1.0,1.0,0.25,0.5319462121430875,False,D_spatial_mechanistic_candidate,"compound-target directness requires cautious or low-potency wording; external drug-sensitivity support is target-class/regulator-class, not direct efficacy of the original compound.",0.3675122379753006,3,0.75,HPA;PRISM;CTRP,0.5503218240418524,8,0.0183756118987649
STAD_AXIS_027,STAD_CV027,STAD,7,Quercetin | PLAU/FOS,Quercetin,PLAU,FOS,PLAU,Fibroblast_CAF,0.7090889489807087,0.7704732633333333,0.9998976,0.8194719619094621,0.7937741885572319,0.8815972798421099,0.8158751301563165,0.6877235364986989,0.7380565325549403,0.8927043300967068,0.0,0.0,0.9999994493795918,main_text_flagship_axis,IS1_publication_core_axis,STAD_GSM7990473_GC1;STAD_GSM7990474_21_00731_LI_SING;STAD_GSM7990475_21_00732_LI_SING,PLAU;FOS,0.134375,0.0,weak_or_absent,0.5375,0.0,no_hit,,0.0,no_hit,,0.0,no_hit,,1,0.2533194160223876,0.5525000000000001,0.0117360400559688,0.0965244736907249,0.0,0.0,False,72.0,0.2085,0.0,B1_weak_direct_low_potency,0.45,mechanistic_candidate_low_potency_note,"Use as weak direct biochemical support only; do not call it a potent target without functional validation. The directness audit is for compound->PLAU; the TF/regulon component FOS remains a regulatory-context link, not a direct drug-target claim.",12100.0,P4_above_10uM_low_potency,3,21981000|24610996,3,3,3,3,3,3,1.0,0.4416304720021557,1.0,1.0,0.25,0.497178372697597,False,D_spatial_mechanistic_candidate,compound-target directness requires cautious or low-potency wording; no external drug-sensitivity support detected in downloaded screens.,0.5375,1,0.25,HPA,0.577803372697597,6,0.0806249999999999
STAD_AXIS_024,STAD_CV024,STAD,8,Quercetin | PLAU/JUN,Quercetin,PLAU,JUN,PLAU,Fibroblast_CAF,0.7070092308116857,0.7702416226666666,0.9998943873333332,0.8162367726106996,0.7665448788795638,0.8815972798421099,0.8158751301563165,0.6877235364986989,0.7362577392041131,0.9169697795720174,0.0,0.0,0.9999991642352488,main_figure_candidate_panel,IS1_publication_core_axis,STAD_GSM7990473_GC1;STAD_GSM7990474_21_00731_LI_SING;STAD_GSM7990475_21_00732_LI_SING,PLAU;JUN,0.2945744129834254,0.6407976519337016,limited,0.5375,0.0,no_hit,,0.6407976519337016,tf_or_regulator_class,vinblastine,0.0,no_hit,,2,0.2533194160223876,0.5525000000000001,0.0117360400559688,0.0965244736907249,0.0,0.0,False,72.0,0.2085,0.0,B1_weak_direct_low_potency,0.45,mechanistic_candidate_low_potency_note,"Use as weak direct biochemical support only; do not call it a potent target without functional validation. The directness audit is for compound->PLAU; the TF/regulon component JUN remains a regulatory-context link, not a direct drug-target claim.",12100.0,P4_above_10uM_low_potency,3,21981000|24610996,3,3,3,3,3,3,1.0,0.4416304720021557,1.0,1.0,0.25,0.5247179152088272,False,D_spatial_mechanistic_candidate,"compound-target directness requires cautious or low-potency wording; external drug-sensitivity support is target-class/regulator-class, not direct efficacy of the original compound.",0.5891488259668508,2,0.5,HPA;PRISM,0.5836327978055122,5,0.058914882596685
