validation_type,fold_id,heldout_group,train_indices,val_indices,test_indices,n_train,n_val,n_test,n_heldout_groups
leave_one_cancer,LOC_COAD,COAD,200;201;202;204;205;207;208;209;210;211;212;213;214;216;218;219;220;221;222;224;226;227;228;229;230;231;232;233;234;235;236;237;238;239;240;241;243;244;245;246;247;249;250;251;252;253;254;255;256;257;259;260;261;262;264;265;266;267;268;270;271;272;273;274;275;277;278;279;282;283;285;286;288;289;290;291;292;293;294;295;296;297;298;299;300;301;302;304;306;307;308;310;311;312;313;314;315;316;317;318;319;320;321;322;323;324;325;326;327;329;331;332;333;334;335;336;337;338;339;340;341;342;343;344;345;347;350;351;352;354;355;356;357;358;359;360;361;362;363;364;365;366;367;368;369;370;371;373;374;375;376;377;378;379;380;383;384;385;386;387;388;391;392;393;394;396;397;398;399;400;401;402;406;407;408;409;410;411;412;413;414;415;416;417;418;420;421;422;423;424;426;427;428;429;430;431;432;433;435;436;437;438;440;441;442;443;444;445;446;447;449;450;451;452;453;454;455;456;457;458;459;460;461;462;464;467;468;469;470;471;472;474;475;476;477;478;479;480;481;482;484;485;486;488;489;490;491;494;495;496;497;498;499;500;501;502;503;505;506;507;508;509;510;511;512;513;514;516;517;518;519;522;523;524;525;527;528;530;531;532;533;534;535;536;538;539;540;541;542;543;544;545;547;548;549;550;551;552;553;555;556;557;558;559;560;561;562;563;564;565;566;567;568;569;570;571;572;573;575;576;577;578;579;580;581;582;584;586;587;590;591;592;593;594;595;596;597;598,203;206;215;217;223;225;242;248;258;263;269;276;280;281;284;287;303;305;309;328;330;346;348;349;353;372;381;382;389;390;395;403;404;405;419;425;434;439;448;463;465;466;473;483;487;492;493;504;515;520;521;526;529;537;546;554;574;583;585;588;589;599,0;1;2;3;4;5;6;7;8;9;10;11;12;13;14;15;16;17;18;19;20;21;22;23;24;25;26;27;28;29;30;31;32;33;34;35;36;37;38;39;40;41;42;43;44;45;46;47;48;49;50;51;52;53;54;55;56;57;58;59;60;61;62;63;64;65;66;67;68;69;70;71;72;73;74;75;76;77;78;79;80;81;82;83;84;85;86;87;88;89;90;91;92;93;94;95;96;97;98;99;100;101;102;103;104;105;106;107;108;109;110;111;112;113;114;115;116;117;118;119;120;121;122;123;124;125;126;127;128;129;130;131;132;133;134;135;136;137;138;139;140;141;142;143;144;145;146;147;148;149;150;151;152;153;154;155;156;157;158;159;160;161;162;163;164;165;166;167;168;169;170;171;172;173;174;175;176;177;178;179;180;181;182;183;184;185;186;187;188;189;190;191;192;193;194;195;196;197;198;199,338,62,200,
leave_one_cancer,LOC_LIHC,LIHC,0;1;2;4;5;7;8;9;10;11;12;13;14;16;18;19;20;21;22;24;26;27;28;29;30;31;32;33;34;35;36;37;38;39;40;41;43;44;45;46;47;49;50;51;52;53;54;55;56;57;59;60;61;62;64;65;66;67;68;70;71;72;73;74;75;77;78;79;82;83;85;86;88;89;90;91;92;93;94;95;96;97;98;99;100;101;102;104;106;107;108;110;111;112;113;114;115;116;117;118;119;120;121;122;123;124;125;126;127;129;131;132;133;134;135;136;137;138;139;140;141;142;143;144;145;147;150;151;152;154;155;156;157;158;159;160;161;162;163;164;165;166;167;168;169;170;171;173;174;175;176;177;178;179;180;183;184;185;186;187;188;191;192;193;194;196;197;198;199;400;401;402;406;407;408;409;410;411;412;413;414;415;416;417;418;420;421;422;423;424;426;427;428;429;430;431;432;433;435;436;437;438;440;441;442;443;444;445;446;447;449;450;451;452;453;454;455;456;457;458;459;460;461;462;464;467;468;469;470;471;472;474;475;476;477;478;479;480;481;482;484;485;486;488;489;490;491;494;495;496;497;498;499;500;501;502;503;505;506;507;508;509;510;511;512;513;514;516;517;518;519;522;523;524;525;527;528;530;531;532;533;534;535;536;538;539;540;541;542;543;544;545;547;548;549;550;551;552;553;555;556;557;558;559;560;561;562;563;564;565;566;567;568;569;570;571;572;573;575;576;577;578;579;580;581;582;584;586;587;590;591;592;593;594;595;596;597;598,3;6;15;17;23;25;42;48;58;63;69;76;80;81;84;87;103;105;109;128;130;146;148;149;153;172;181;182;189;190;195;403;404;405;419;425;434;439;448;463;465;466;473;483;487;492;493;504;515;520;521;526;529;537;546;554;574;583;585;588;589;599,200;201;202;203;204;205;206;207;208;209;210;211;212;213;214;215;216;217;218;219;220;221;222;223;224;225;226;227;228;229;230;231;232;233;234;235;236;237;238;239;240;241;242;243;244;245;246;247;248;249;250;251;252;253;254;255;256;257;258;259;260;261;262;263;264;265;266;267;268;269;270;271;272;273;274;275;276;277;278;279;280;281;282;283;284;285;286;287;288;289;290;291;292;293;294;295;296;297;298;299;300;301;302;303;304;305;306;307;308;309;310;311;312;313;314;315;316;317;318;319;320;321;322;323;324;325;326;327;328;329;330;331;332;333;334;335;336;337;338;339;340;341;342;343;344;345;346;347;348;349;350;351;352;353;354;355;356;357;358;359;360;361;362;363;364;365;366;367;368;369;370;371;372;373;374;375;376;377;378;379;380;381;382;383;384;385;386;387;388;389;390;391;392;393;394;395;396;397;398;399,338,62,200,
leave_one_cancer,LOC_STAD,STAD,0;1;2;4;5;7;8;9;10;11;12;13;14;16;18;19;20;21;22;24;26;27;28;29;30;31;32;33;34;35;36;37;38;39;40;41;43;44;45;46;47;49;50;51;52;53;54;55;56;57;59;60;61;62;64;65;66;67;68;70;71;72;73;74;75;77;78;79;82;83;85;86;88;89;90;91;92;93;94;95;96;97;98;99;100;101;102;104;106;107;108;110;111;112;113;114;115;116;117;118;119;120;121;122;123;124;125;126;127;129;131;132;133;134;135;136;137;138;139;140;141;142;143;144;145;147;150;151;152;154;155;156;157;158;159;160;161;162;163;164;165;166;167;168;169;170;171;173;174;175;176;177;178;179;180;183;184;185;186;187;188;191;192;193;194;196;197;198;199;200;201;202;206;207;208;209;210;211;212;213;214;215;216;217;218;220;221;222;223;224;226;227;228;229;230;231;232;233;235;236;237;238;240;241;242;243;244;245;246;247;249;250;251;252;253;254;255;256;257;258;259;260;261;262;264;267;268;269;270;271;272;274;275;276;277;278;279;280;281;282;284;285;286;288;289;290;291;294;295;296;297;298;299;300;301;302;303;305;306;307;308;309;310;311;312;313;314;316;317;318;319;322;323;324;325;327;328;330;331;332;333;334;335;336;338;339;340;341;342;343;344;345;347;348;349;350;351;352;353;355;356;357;358;359;360;361;362;363;364;365;366;367;368;369;370;371;372;373;375;376;377;378;379;380;381;382;384;386;387;390;391;392;393;394;395;396;397;398,3;6;15;17;23;25;42;48;58;63;69;76;80;81;84;87;103;105;109;128;130;146;148;149;153;172;181;182;189;190;195;203;204;205;219;225;234;239;248;263;265;266;273;283;287;292;293;304;315;320;321;326;329;337;346;354;374;383;385;388;389;399,400;401;402;403;404;405;406;407;408;409;410;411;412;413;414;415;416;417;418;419;420;421;422;423;424;425;426;427;428;429;430;431;432;433;434;435;436;437;438;439;440;441;442;443;444;445;446;447;448;449;450;451;452;453;454;455;456;457;458;459;460;461;462;463;464;465;466;467;468;469;470;471;472;473;474;475;476;477;478;479;480;481;482;483;484;485;486;487;488;489;490;491;492;493;494;495;496;497;498;499;500;501;502;503;504;505;506;507;508;509;510;511;512;513;514;515;516;517;518;519;520;521;522;523;524;525;526;527;528;529;530;531;532;533;534;535;536;537;538;539;540;541;542;543;544;545;546;547;548;549;550;551;552;553;554;555;556;557;558;559;560;561;562;563;564;565;566;567;568;569;570;571;572;573;574;575;576;577;578;579;580;581;582;583;584;585;586;587;588;589;590;591;592;593;594;595;596;597;598;599,338,62,200,
leave_compound_group,LCMPD_F1,CMPD011639;CMPD021553;CMPD024770;CMPD024778;CMPD024851;CMPD024876;CMPD025039;CMPD025143;CMPD025266;CMPD025316;CMPD025420;CMPD025676;CMPD025679;CMPD025911;CMPD026024;CMPD026077;CMPD027217,1;2;3;5;6;8;9;10;11;13;14;15;16;19;21;22;23;24;25;26;27;28;29;30;32;33;34;38;39;40;42;43;44;45;47;48;49;50;51;53;55;56;57;58;59;60;61;62;63;65;66;67;68;70;74;77;79;80;81;82;83;84;85;86;87;90;91;92;93;95;96;98;100;101;102;103;105;106;111;112;113;114;115;118;121;122;123;125;126;127;128;130;131;132;134;135;136;138;139;140;141;142;143;144;145;146;147;148;149;150;151;153;154;157;158;159;160;161;162;163;166;168;169;170;171;172;173;174;175;177;180;181;182;183;185;186;190;191;192;193;194;195;196;198;199;200;202;203;204;209;210;213;215;216;217;218;219;220;222;225;226;228;229;230;231;232;233;234;235;237;238;239;240;241;248;250;252;253;257;258;259;260;261;262;265;266;267;269;271;272;273;275;276;278;281;283;284;285;286;287;289;290;291;293;294;295;298;299;300;301;303;306;307;309;311;312;314;315;316;317;318;319;320;321;322;323;324;325;326;327;328;329;330;332;333;335;338;339;340;341;342;343;344;345;346;347;350;351;353;354;355;360;361;362;363;364;365;366;367;370;371;372;373;374;376;377;378;379;380;381;383;384;392;395;396;397;398;405;417;423;424;425;428;429;430;433;434;436;437;438;439;440;441;443;444;445;447;450;453;454;456;458;459;460;461;462;464;465;466;467;468;469;470;471;472;473;474;475;476;477;479;480;481;484;486;488;489;490;491;493;494;495;496;497;498;500;501;502;503;504;505;508;510;511;512;513;514;515;516;517;518;519;522;523;527;530;531;532;533;534;535;536;537;538;539;540;541;544;545;546;547;549;552;553;554;555;558;559;560;561;564;565;566;567;568;569;570;571;573;574;576;577;578;579;580;581;582;583;586;587;588;589;590;592;594;596;597;598,4;12;18;20;31;41;46;64;71;72;73;75;97;104;108;109;116;117;119;120;129;176;179;184;187;189;207;211;221;244;249;251;264;277;280;282;288;302;304;308;310;331;337;348;349;352;357;358;369;403;426;442;451;455;478;482;485;487;492;506;507;520;524;525;528;542;543;548;563;572;575;593,0;7;17;35;36;37;52;54;69;76;78;88;89;94;99;107;110;124;133;137;152;155;156;164;165;167;178;188;197;201;205;206;208;212;214;223;224;227;236;242;243;245;246;247;254;255;256;263;268;270;274;279;292;296;297;305;313;334;336;356;359;368;375;382;385;386;387;388;389;390;391;393;394;399;400;401;402;404;406;407;408;409;410;411;412;413;414;415;416;418;419;420;421;422;427;431;432;435;446;448;449;452;457;463;483;499;509;521;526;529;550;551;556;557;562;584;585;591;595;599,408,72,120,17.0
leave_compound_group,LCMPD_F2,CMPD003830;CMPD004807;CMPD005156;CMPD008074;CMPD011207;CMPD024768;CMPD024817;CMPD024872;CMPD024922;CMPD024964;CMPD024977;CMPD025051;CMPD025067;CMPD025152;CMPD025269;CMPD025332;CMPD025348;CMPD025384;CMPD025402;CMPD025439;CMPD025501;CMPD025549;CMPD025566;CMPD025602;CMPD025848;...,0;1;2;3;4;5;7;8;9;10;11;14;15;16;17;18;19;21;22;23;24;25;28;29;31;32;34;35;36;37;39;40;42;43;45;46;48;50;52;53;54;55;57;59;60;61;62;63;64;65;66;67;69;70;71;72;73;75;76;78;79;83;84;86;88;89;90;91;93;94;96;97;98;99;101;103;104;107;110;111;115;118;119;120;121;122;123;124;126;128;130;131;132;133;134;135;136;138;139;140;143;144;145;146;147;148;149;151;152;153;154;155;156;157;158;159;162;163;164;165;166;167;169;173;174;175;176;177;178;179;180;182;183;185;188;189;191;192;193;194;195;196;197;199;200;201;204;205;208;209;211;212;213;214;216;217;219;222;223;227;228;231;233;235;236;237;238;239;240;241;242;243;245;247;248;249;250;251;252;254;256;257;258;259;260;261;265;267;268;270;271;272;273;274;275;276;277;278;279;282;283;284;285;290;291;292;293;294;295;296;297;298;299;301;302;305;306;307;310;311;312;313;316;318;321;322;323;324;325;326;328;329;330;332;333;334;337;338;339;340;342;343;344;347;349;350;353;354;355;356;359;361;362;363;365;366;368;369;370;372;374;377;379;381;382;383;385;386;387;388;389;391;393;394;395;397;399;400;401;403;404;406;410;411;412;413;414;415;416;418;419;420;421;422;424;427;429;430;431;432;433;434;435;436;437;438;439;440;442;444;446;447;448;449;450;452;453;455;456;457;458;459;461;465;467;469;471;473;474;475;477;479;480;482;483;484;486;488;489;490;494;495;496;499;501;503;505;508;509;510;511;513;516;517;518;521;523;525;526;527;529;531;532;533;534;536;537;538;539;540;541;544;547;550;552;553;556;558;559;560;561;562;563;564;565;566;567;568;572;574;575;577;578;581;582;584;585;586;587;588;590;591;592;594;595;596;597;598;599,6;20;30;33;38;47;49;51;68;74;77;80;82;85;105;127;129;137;141;150;161;168;171;181;187;198;203;206;220;221;224;246;253;255;263;269;280;287;300;304;308;314;320;336;351;364;375;378;390;402;405;407;408;409;425;460;463;481;493;498;502;507;515;520;543;549;551;554;557;569;579,12;13;26;27;41;44;56;58;81;87;92;95;100;102;106;108;109;112;113;114;116;117;125;142;160;170;172;184;186;190;202;207;210;215;218;225;226;229;230;232;234;244;262;264;266;281;286;288;289;303;309;315;317;319;327;331;335;341;345;346;348;352;357;358;360;367;371;373;376;380;384;392;396;398;417;423;426;428;441;443;445;451;454;462;464;466;468;470;472;476;478;485;487;491;492;497;500;504;506;512;514;519;522;524;528;530;535;542;545;546;548;555;570;571;573;576;580;583;589;593,409,71,120,31.0
leave_compound_group,LCMPD_F3,CMPD003951;CMPD004917;CMPD007412;CMPD010794;CMPD012823;CMPD013394;CMPD015725;CMPD016599;CMPD024843;CMPD024927;CMPD024946;CMPD024968;CMPD025012;CMPD025015;CMPD025023;CMPD025089;CMPD025156;CMPD025160;CMPD025163;CMPD025191;CMPD025287;CMPD025353;CMPD025387;CMPD025399;CMPD025446;...,0;3;4;5;6;9;10;12;14;15;16;17;19;20;21;23;24;26;27;28;32;34;35;36;37;39;40;41;42;44;45;48;50;52;53;54;56;57;58;60;61;63;64;67;68;69;72;73;74;75;76;80;81;82;83;84;87;88;89;90;92;93;94;95;96;97;98;99;101;102;103;106;108;109;110;111;112;113;114;116;117;118;119;121;123;124;125;130;133;135;136;137;139;141;142;146;148;150;152;153;154;155;156;157;159;160;161;164;165;166;167;168;169;170;171;172;174;175;177;178;179;181;182;184;185;186;187;188;190;191;192;193;195;196;197;199;201;202;203;204;205;206;207;208;209;211;212;213;214;216;218;219;221;223;224;225;226;227;228;230;231;232;233;236;237;241;242;243;244;245;246;247;249;251;255;256;262;263;266;270;274;277;278;280;281;282;283;285;286;287;288;289;290;291;292;295;296;297;299;303;305;308;309;311;313;314;316;317;319;321;322;323;326;330;331;332;334;335;336;338;341;343;344;345;346;347;348;349;350;352;353;354;356;359;360;362;367;368;369;370;371;372;373;374;375;376;377;378;380;381;383;384;385;386;387;388;389;390;391;392;393;394;396;397;398;399;400;401;403;405;406;407;408;409;410;412;413;414;415;416;417;418;419;420;421;422;423;424;426;427;428;429;431;432;434;436;437;438;439;440;441;443;444;445;446;448;449;450;451;452;454;456;457;459;462;463;464;465;468;470;472;474;475;477;478;479;480;483;484;487;488;489;490;491;492;493;494;495;496;497;498;499;500;502;503;504;505;507;509;512;513;514;517;519;520;521;522;523;524;526;528;529;530;531;532;533;534;535;536;539;540;542;546;547;548;549;550;551;555;556;557;560;562;563;567;568;569;570;571;572;573;574;575;579;580;582;583;584;585;586;591;592;593;594;595;598;599,2;7;13;29;30;31;55;62;66;71;78;86;100;104;105;107;115;122;127;128;144;145;163;198;210;215;217;229;234;235;240;254;264;268;275;279;310;315;320;327;339;351;355;357;358;361;382;395;402;404;411;430;433;435;447;455;466;469;473;476;485;506;515;527;543;545;554;565;576;577;578;588;589,1;8;11;18;22;25;33;38;43;46;47;49;51;59;65;70;77;79;85;91;120;126;129;131;132;134;138;140;143;147;149;151;158;162;173;176;180;183;189;194;200;220;222;238;239;248;250;252;253;257;258;259;260;261;265;267;269;271;272;273;276;284;293;294;298;300;301;302;304;306;307;312;318;324;325;328;329;333;337;340;342;363;364;365;366;379;425;442;453;458;460;461;467;471;481;482;486;501;508;510;511;516;518;525;537;538;541;544;552;553;558;559;561;564;566;581;587;590;596;597,407,73,120,34.0
leave_compound_group,LCMPD_F4,CMPD003852;CMPD004090;CMPD010476;CMPD013120;CMPD013588;CMPD015715;CMPD024776;CMPD024820;CMPD024838;CMPD024903;CMPD024925;CMPD024967;CMPD025017;CMPD025112;CMPD025158;CMPD025188;CMPD025216;CMPD025302;CMPD025356;CMPD025509;CMPD025520;CMPD025623;CMPD025671;CMPD025693;CMPD025754;...,0;1;3;4;5;6;7;8;9;10;11;12;13;15;16;17;18;19;20;21;23;25;26;29;30;31;32;33;36;37;38;41;42;44;46;47;48;50;51;52;53;54;56;58;59;61;62;65;66;67;68;69;70;71;74;76;77;79;81;82;83;85;87;88;89;90;91;95;97;99;102;106;107;108;110;112;113;114;116;117;119;120;124;125;126;129;131;134;135;137;138;140;142;143;144;145;147;148;149;150;151;152;154;156;157;158;159;160;162;163;164;167;169;170;171;172;173;174;176;177;179;180;181;183;184;186;187;188;189;190;191;194;197;198;199;200;201;202;204;205;206;208;209;210;212;214;215;216;217;218;221;223;224;225;226;227;229;230;231;232;234;235;238;239;242;243;244;245;246;247;250;253;254;255;256;257;259;260;261;262;263;264;265;266;267;268;269;270;271;272;273;274;276;277;278;280;281;282;284;286;287;288;289;292;294;298;300;301;302;303;304;305;307;309;312;313;315;316;317;318;319;321;324;325;327;328;329;331;333;334;337;340;341;342;345;346;348;349;352;353;354;356;357;358;359;363;364;365;366;367;368;371;373;374;375;376;378;380;382;384;385;386;387;389;390;391;392;393;394;396;397;400;401;402;404;405;406;407;409;411;412;413;414;415;418;419;420;421;422;423;425;426;427;430;432;434;435;437;440;441;442;443;444;445;446;448;449;451;452;453;454;457;458;461;462;463;464;466;467;468;470;476;478;480;481;482;483;486;487;489;490;491;492;494;495;497;498;499;500;501;503;504;505;506;509;510;511;514;515;517;518;519;521;522;524;525;526;528;529;530;532;535;536;537;540;542;543;544;545;546;548;549;550;551;552;553;555;556;557;558;559;560;561;564;565;566;567;569;570;572;573;576;577;580;581;582;584;586;587;588;589;590;591;592;593;595;596;597;598,22;27;35;40;43;49;55;72;78;86;92;94;100;109;130;132;133;136;155;165;178;185;195;207;220;222;236;241;248;252;258;279;293;296;297;306;323;335;336;338;347;360;362;379;388;398;399;408;410;416;417;428;431;460;471;472;484;485;508;512;516;533;538;539;541;562;571;574;583;585;599,2;14;24;28;34;39;45;57;60;63;64;73;75;80;84;93;96;98;101;103;104;105;111;115;118;121;122;123;127;128;139;141;146;153;161;166;168;175;182;192;193;196;203;211;213;219;228;233;237;240;249;251;275;283;285;290;291;295;299;308;310;311;314;320;322;326;330;332;339;343;344;350;351;355;361;369;370;372;377;381;383;395;403;424;429;433;436;438;439;447;450;455;456;459;465;469;473;474;475;477;479;488;493;496;502;507;513;520;523;527;531;534;547;554;563;568;575;578;579;594,409,71,120,35.0
leave_compound_group,LCMPD_F5,CMPD002559;CMPD004403;CMPD006353;CMPD008994;CMPD011790;CMPD014972;CMPD015728;CMPD019676;CMPD020484;CMPD024773;CMPD024806;CMPD024882;CMPD024921;CMPD024991;CMPD025038;CMPD025140;CMPD025173;CMPD025181;CMPD025251;CMPD025264;CMPD025303;CMPD025391;CMPD025479;CMPD025506;CMPD025553;...,0;2;7;8;11;14;17;18;22;24;25;26;27;28;33;34;35;36;37;38;39;41;43;46;47;49;51;52;54;56;57;58;59;60;63;64;65;69;70;73;75;76;77;79;81;85;87;88;89;91;93;94;95;96;99;100;101;103;104;105;106;107;109;110;111;112;113;114;115;116;118;120;121;122;123;124;125;126;127;128;129;131;132;133;134;137;139;140;142;143;147;149;151;152;153;155;156;158;160;161;162;164;165;166;167;168;172;175;176;178;180;184;186;188;189;190;192;193;196;197;201;202;203;205;206;207;208;210;211;213;214;215;218;220;223;224;225;226;227;228;229;230;232;233;234;237;238;239;240;243;244;245;246;247;248;249;250;251;252;253;254;255;256;257;259;260;261;262;263;264;266;267;268;269;270;271;272;274;275;276;279;281;283;284;285;286;288;289;291;293;296;297;298;299;300;301;302;304;305;306;307;308;309;310;311;312;313;314;315;317;318;319;320;322;324;325;327;328;329;330;331;332;333;334;335;337;340;341;342;343;345;346;348;350;352;355;356;357;359;360;361;363;364;365;367;369;370;371;372;373;375;379;380;381;382;383;384;385;386;388;389;390;391;392;393;394;395;396;399;400;401;402;403;404;406;407;408;409;410;411;412;414;415;416;417;418;420;421;422;423;424;425;427;428;429;432;436;438;441;442;443;445;446;447;448;449;450;451;452;454;455;456;457;459;461;462;463;464;465;466;467;469;470;471;472;473;474;475;476;477;478;479;482;483;485;487;488;491;492;493;496;497;499;500;502;504;506;507;508;509;510;511;512;513;514;516;519;520;521;522;523;524;525;526;528;529;530;534;535;538;541;542;544;545;548;550;552;553;554;555;556;558;559;561;562;563;564;568;570;571;573;575;576;578;579;580;581;583;584;585;589;590;591;593;594;595;597;599,1;12;13;44;45;78;80;84;92;98;102;108;117;138;141;146;170;173;182;183;194;200;212;219;222;236;242;258;265;273;290;292;294;295;303;326;336;339;344;351;358;366;368;376;377;387;398;413;419;426;431;433;435;439;453;458;460;468;481;486;501;518;527;531;537;546;547;551;557;566;587;596,3;4;5;6;9;10;15;16;19;20;21;23;29;30;31;32;40;42;48;50;53;55;61;62;66;67;68;71;72;74;82;83;86;90;97;119;130;135;136;144;145;148;150;154;157;159;163;169;171;174;177;179;181;185;187;191;195;198;199;204;209;216;217;221;231;235;241;277;278;280;282;287;316;321;323;338;347;349;353;354;362;374;378;397;405;430;434;437;440;444;480;484;489;490;494;495;498;503;505;515;517;532;533;536;539;540;543;549;560;565;567;569;572;574;577;582;586;588;592;598,408,72,120,35.0
leave_target_group,LTGT_F1,ACHE,0;1;2;6;9;23;24;34;39;52;54;60;69;77;78;80;81;82;89;91;92;93;95;96;97;99;100;101;102;103;104;105;107;109;110;111;113;114;138;147;149;152;153;156;164;166;167;190;191;192;193;197;200;201;202;203;205;206;208;210;211;212;213;214;215;216;218;220;221;222;223;224;225;226;227;229;230;231;232;233;234;235;236;237;238;239;241;242;243;245;246;247;248;249;250;251;252;253;254;255;256;258;259;260;261;262;263;265;266;267;268;269;270;271;272;274;275;276;277;279;281;283;284;285;287;288;289;290;291;292;293;295;296;297;298;300;301;302;303;304;305;306;309;310;311;312;313;314;315;317;318;319;320;321;322;323;324;325;326;327;328;330;331;332;333;335;337;339;340;341;342;343;344;345;346;347;348;350;351;352;353;354;355;356;357;358;360;361;362;365;366;367;368;369;370;371;373;375;376;377;378;379;380;381;382;383;384;385;386;388;389;390;391;392;393;394;395;396;397;399;400;402;403;404;405;407;408;409;410;411;413;414;415;416;417;418;419;420;421;422;424;425;426;427;428;429;430;431;432;433;434;435;436;441;442;443;444;445;446;447;448;449;450;451;453;454;455;457;458;459;460;461;463;464;465;466;468;469;470;471;472;473;474;476;478;479;480;481;482;483;485;486;488;489;490;491;492;493;494;495;496;497;498;499;500;501;502;503;504;505;506;507;508;509;511;512;513;515;516;518;519;520;521;522;523;524;525;526;527;528;529;530;531;532;533;544;545;548;549;550;551;552;554;555;556;558;560;562;563;564;573;574;575;576;577;578;579;580;581;582;583;584;585;587;588;589;590;594;596;597;598;599,3;36;88;94;98;106;108;112;115;151;204;207;209;217;219;228;240;244;257;264;273;280;286;294;299;307;308;316;329;334;336;338;349;359;363;364;372;374;387;398;401;406;412;423;437;438;439;440;452;456;462;467;475;477;484;487;510;514;517;546;547;553;557;559;586;591;593;595,4;5;7;8;10;11;12;13;14;15;16;17;18;19;20;21;22;25;26;27;28;29;30;31;32;33;35;37;38;40;41;42;43;44;45;46;47;48;49;50;51;53;55;56;57;58;59;61;62;63;64;65;66;67;68;70;71;72;73;74;75;76;79;83;84;85;86;87;90;116;117;118;119;120;121;122;123;124;125;126;127;128;129;130;131;132;133;134;135;136;137;139;140;141;142;143;144;145;146;148;150;154;155;157;158;159;160;161;162;163;165;168;169;170;171;172;173;174;175;176;177;178;179;180;181;182;183;184;185;186;187;188;189;194;195;196;198;199;278;282;534;535;536;537;538;539;540;541;542;543;561;565;566;567;568;569;570;571;572;592,372,68,160,1.0
leave_target_group,LTGT_F2,ADRA1D;CTNNB1;CYP2B6;DPP4;HSP90AB1;MMP1;PPARG;TYR,0;1;2;3;4;5;7;8;9;10;11;12;13;14;15;16;17;19;20;21;22;23;25;26;27;28;29;31;32;33;34;36;37;38;39;40;41;43;45;46;47;48;50;52;53;54;55;56;57;58;59;61;62;63;64;66;67;68;69;71;72;73;74;75;77;79;83;84;85;88;89;90;91;92;93;98;99;110;111;112;116;118;119;120;121;122;123;124;125;126;127;128;130;133;134;136;137;138;139;141;142;143;144;145;146;147;148;149;150;151;154;155;157;158;159;160;161;162;163;164;165;167;168;169;170;171;173;174;175;176;177;178;179;180;182;183;184;186;187;189;190;192;193;194;195;196;197;198;199;200;209;220;222;223;225;226;230;234;238;239;240;241;242;244;245;246;248;250;251;253;254;256;257;258;259;260;261;262;264;265;267;268;269;270;271;273;274;275;276;277;278;279;280;281;282;283;284;285;287;288;289;290;291;292;294;295;296;297;301;302;303;304;307;309;312;313;315;316;317;318;319;320;321;322;323;324;326;327;328;329;330;331;332;333;335;337;338;339;340;341;342;348;349;353;354;355;356;357;358;363;364;365;379;380;388;390;391;392;393;394;398;399;400;401;404;405;407;408;409;410;411;412;413;415;419;420;421;423;425;426;427;431;432;433;434;435;436;437;438;439;440;441;442;444;445;446;447;448;449;450;451;452;454;455;458;459;460;462;466;467;468;469;470;471;472;473;475;476;477;478;479;480;481;482;483;484;485;486;487;488;489;491;492;493;494;495;497;498;499;500;501;502;503;504;506;507;508;509;510;511;513;514;515;516;517;518;519;524;529;532;533;534;535;536;537;538;539;540;542;543;544;545;546;549;550;551;552;553;554;555;556;557;558;559;562;563;564;566;567;569;570;571;572;573;574;575;576;577;578;579;580;581;582;584;585;586;587;588;589;590;593;594;595;596;597;598;599,6;18;30;35;42;44;49;51;65;70;76;86;87;117;129;131;132;135;140;152;156;172;181;185;188;191;207;247;249;252;255;263;266;272;293;298;300;325;334;352;366;385;386;387;389;402;406;414;416;418;424;443;453;456;461;463;474;490;496;505;512;520;530;541;547;548;560;561;565;568;583;591;592,24;60;78;80;81;82;94;95;96;97;100;101;102;103;104;105;106;107;108;109;113;114;115;153;166;201;202;203;204;205;206;208;210;211;212;213;214;215;216;217;218;219;221;224;227;228;229;231;232;233;235;236;237;243;286;299;305;306;308;310;311;314;336;343;344;345;346;347;350;351;359;360;361;362;367;368;369;370;371;372;373;374;375;376;377;378;381;382;383;384;395;396;397;403;417;422;428;429;430;457;464;465;521;522;523;525;526;527;528;531,417,73,110,8.0
leave_target_group,LTGT_F3,ALOX12;ALOX5;CDK2;CYP19A1;CYP1B1;HTR2A;MMP9;PGR;RELA,0;1;2;4;5;7;9;10;11;12;13;14;15;16;17;18;19;20;21;22;23;24;25;28;29;30;31;32;33;35;36;37;38;39;40;42;43;44;45;46;47;48;51;52;53;55;57;58;60;61;62;63;64;65;66;67;68;69;70;71;73;74;75;76;77;79;80;81;83;84;85;86;87;88;89;90;92;93;94;95;96;97;98;99;101;102;103;105;106;107;108;109;110;111;112;113;114;116;117;118;119;120;121;123;124;125;127;128;129;130;131;132;133;134;135;136;137;138;139;140;141;142;143;144;145;146;147;148;151;152;153;154;155;156;158;159;160;161;162;163;165;166;167;168;170;171;173;174;175;177;179;180;181;182;183;184;186;187;188;189;190;191;193;194;195;196;197;198;200;201;202;205;206;207;208;209;210;211;212;213;214;215;216;217;218;220;221;222;223;224;225;226;228;229;230;231;232;233;234;236;238;240;241;242;243;244;246;247;248;249;250;251;252;253;254;255;257;258;259;261;263;264;265;266;267;269;270;271;272;273;275;276;277;278;279;280;281;282;286;288;289;290;291;294;295;296;299;300;301;302;303;304;305;306;307;309;310;314;336;338;339;342;343;344;345;347;348;349;350;352;354;355;356;357;358;359;361;362;363;364;367;368;369;370;371;372;373;375;376;377;378;379;380;381;382;383;384;385;386;387;388;389;390;391;393;395;396;397;400;401;403;404;405;406;407;408;409;410;412;413;414;415;417;418;420;422;428;429;430;431;434;435;437;439;440;442;444;445;447;453;456;457;458;459;460;461;464;465;466;469;471;474;483;487;490;495;496;497;502;503;504;505;507;508;509;510;511;513;514;516;518;519;521;522;523;524;525;526;527;528;531;533;534;535;536;538;539;540;541;542;543;544;545;546;547;548;550;552;553;554;556;557;561;565;567;568;569;570;571;572;573;592;594;595;596,3;6;8;26;27;41;49;50;54;56;59;72;78;82;91;100;104;115;122;126;149;150;157;164;169;172;176;178;185;199;203;204;219;227;235;237;239;245;260;268;274;283;285;287;292;308;311;312;341;346;351;353;360;365;366;374;402;411;416;424;433;438;454;473;498;512;515;517;532;537;549;555;558;566;598,34;192;256;262;284;293;297;298;313;315;316;317;318;319;320;321;322;323;324;325;326;327;328;329;330;331;332;333;334;335;337;340;392;394;398;399;419;421;423;425;426;427;432;436;441;443;446;448;449;450;451;452;455;462;463;467;468;470;472;475;476;477;478;479;480;481;482;484;485;486;488;489;491;492;493;494;499;500;501;506;520;529;530;551;559;560;562;563;564;574;575;576;577;578;579;580;581;582;583;584;585;586;587;588;589;590;591;593;597;599,415,75,110,9.0
leave_target_group,LTGT_F4,ADRA1B;AHR;AR;BACE1;DRD1;GSK3B;MAPK14;PTGS2;SLC6A2;SLC6A4,0;5;8;10;11;12;13;14;15;16;17;19;20;21;22;24;25;26;28;29;30;31;32;33;34;35;37;38;40;41;43;44;46;47;48;49;50;51;53;56;57;58;59;61;62;63;64;65;66;67;68;69;70;71;72;74;75;76;77;78;79;80;81;82;84;85;87;89;90;91;94;96;97;99;101;103;104;106;107;108;110;111;112;113;115;116;117;118;119;120;121;123;125;126;127;128;129;130;131;132;133;134;135;136;137;139;140;141;142;143;144;145;148;149;151;152;153;154;155;156;157;158;159;160;161;162;163;164;166;168;169;170;171;172;173;174;175;176;178;180;181;182;183;184;185;186;187;188;189;191;192;194;195;196;198;199;201;202;203;204;205;206;208;209;210;211;212;213;214;215;216;217;218;219;221;223;224;227;229;230;231;233;236;237;241;243;245;246;247;248;250;252;253;254;255;257;260;261;262;263;265;267;268;269;270;271;274;275;276;277;278;279;281;282;284;286;293;296;297;299;305;306;310;311;313;314;316;317;318;319;320;321;322;323;324;325;327;328;329;330;331;332;333;334;335;336;337;340;341;343;344;345;346;347;348;350;352;359;360;361;362;363;364;365;366;367;369;370;371;372;373;374;375;376;377;378;384;385;386;387;389;390;391;392;393;395;396;397;398;399;401;402;403;404;405;408;409;410;411;412;413;414;415;416;417;418;419;420;421;422;423;425;426;427;428;429;432;433;434;435;436;437;438;439;440;441;443;448;449;450;451;452;462;463;464;465;468;470;475;476;477;478;479;480;481;482;484;485;486;488;489;491;492;494;499;500;501;502;503;505;506;520;521;522;526;527;529;530;531;532;534;535;536;538;539;542;544;545;551;555;556;557;558;559;560;561;562;565;566;567;568;569;570;571;572;574;575;576;577;579;580;581;582;583;584;585;586;588;589;590;591;592;593;595;597;598;599,4;7;18;27;42;45;55;60;73;83;86;88;95;100;102;105;109;114;122;124;146;150;165;167;177;179;197;207;228;232;234;235;242;256;273;280;292;298;308;315;326;349;351;358;368;381;382;383;388;394;400;406;407;430;431;444;446;455;457;467;472;493;523;525;528;537;540;541;543;563;564;578;587,1;2;3;6;9;23;36;39;52;54;92;93;98;138;147;190;193;200;220;222;225;226;238;239;240;244;249;251;258;259;264;266;272;283;285;287;288;289;290;291;294;295;300;301;302;303;304;307;309;312;338;339;342;353;354;355;356;357;379;380;424;442;445;447;453;454;456;458;459;460;461;466;469;471;473;474;483;487;490;495;496;497;498;504;507;508;509;510;511;512;513;514;515;516;517;518;519;524;533;546;547;548;549;550;552;553;554;573;594;596,417,73,110,10.0
leave_target_group,LTGT_F5,AKR1B1;APP;CCNA2;CDK1;CYP1A1;CYP1A2;GSTP1;NR1I2;PLAU;XDH,1;2;3;5;6;7;8;9;10;11;12;13;14;15;16;17;19;20;21;22;23;24;25;26;27;28;30;31;33;35;36;37;38;39;40;41;42;43;44;45;47;48;50;52;53;54;55;58;59;60;61;62;63;64;65;66;67;68;70;71;72;73;74;76;78;81;82;83;85;86;87;90;92;93;94;95;96;97;98;100;101;103;104;105;106;107;108;109;113;114;115;116;117;118;119;121;122;123;124;126;127;128;130;131;133;134;136;138;139;140;141;142;143;145;148;150;153;154;155;157;158;159;160;161;162;163;166;168;170;171;172;173;174;175;176;177;178;179;180;181;182;183;184;185;186;187;188;190;192;193;194;195;196;198;199;200;201;202;203;204;206;208;210;211;212;214;215;216;217;219;220;221;222;224;225;226;227;228;229;232;235;236;237;238;239;240;243;249;251;256;258;262;264;266;272;278;282;283;284;286;287;289;290;291;293;294;295;298;299;300;301;302;303;304;305;306;307;309;310;311;312;313;314;315;316;317;318;319;320;321;322;323;324;326;327;328;329;330;331;332;333;335;336;337;340;342;343;345;346;347;350;351;353;354;355;356;357;359;360;362;367;369;370;371;372;373;375;376;377;378;381;382;383;384;392;394;395;396;397;399;417;419;421;422;424;425;426;427;428;429;430;432;436;441;443;445;446;447;448;449;450;451;453;454;455;457;458;459;460;461;462;463;464;465;467;468;469;470;471;472;473;474;475;476;477;479;480;482;483;484;485;487;488;489;490;492;493;494;495;496;497;499;500;501;504;506;507;508;509;510;511;512;514;515;516;517;518;519;520;521;522;524;525;526;527;528;529;530;531;533;534;535;536;539;540;541;542;543;546;547;550;551;553;554;559;560;561;563;564;565;566;567;568;569;570;572;573;574;575;576;577;578;579;580;584;585;586;587;589;590;591;592;593;594;596;597;599,4;18;29;32;34;46;49;51;56;57;75;79;80;84;102;120;125;129;132;135;137;144;146;147;165;169;189;205;213;218;231;233;244;259;285;288;297;308;325;334;338;339;344;361;368;374;379;380;398;403;423;442;452;456;466;478;481;486;491;498;513;523;537;538;548;549;552;562;571;581;582;583;588,0;69;77;88;89;91;99;110;111;112;149;151;152;156;164;167;191;197;207;209;223;230;234;241;242;245;246;247;248;250;252;253;254;255;257;260;261;263;265;267;268;269;270;271;273;274;275;276;277;279;280;281;292;296;341;348;349;352;358;363;364;365;366;385;386;387;388;389;390;391;393;400;401;402;404;405;406;407;408;409;410;411;412;413;414;415;416;418;420;431;433;434;435;437;438;439;440;444;502;503;505;532;544;545;555;556;557;558;595;598,417,73,110,10.0
