cancer,dataset_id,sample_id,patient_id,site,cohort_role,include_main_patient_level,compound,target,tf,cell_context,n_spots_matrix,n_spots_rctd_aligned,n_markers_detected,target_detection_fraction,target_context_spearman,target_marker_spearman,permutation_p_two_sided,expression_matched_gene_p_two_sided,null_gene_median_spearman,null_gene_abs_spearman_q95,n_expression_matched_null_genes,rctd_source,permutation_fdr,expression_matched_gene_fdr,association_direction,passes_two_sided_spatial_nulls,cancer_majority_direction,concordant_with_cancer_direction
COAD,GSE283052,COAD_GSM8655157_P02,P02,primary_tumor,balanced_patient_level_validation,True,Quercetin,CDK1,MYB,Myeloid,2771,2771,8,0.5586430891374955,-0.07502752244720544,-0.0255078558560992,0.000999000999000999,0.03482587064676617,-0.02152086042528295,0.07087261679164679,200,source_record/rctd_weights.csv.gz,0.0012487512487512488,0.13266998341625205,negative,False,negative,True
COAD,GSE283052,COAD_GSM8655158_P04,P04,primary_tumor,balanced_patient_level_validation,True,Quercetin,CDK1,MYB,Myeloid,2229,2229,8,0.5370121130551817,-0.29343013623492425,-0.04773510648128507,0.000999000999000999,0.1044776119402985,-0.2143723274674717,0.32727815813724415,200,source_record/rctd_weights.csv.gz,0.0012487512487512488,0.15636105188343993,negative,False,negative,True
COAD,GSE283052,COAD_GSM8655159_P05,P05,primary_tumor,balanced_patient_level_validation,True,Quercetin,CDK1,MYB,Myeloid,947,947,8,0.8954593453009504,-0.16034295681811206,-0.17365248074626857,0.000999000999000999,0.263681592039801,-0.0804770990897418,0.30366703480166196,200,source_record/rctd_weights.csv.gz,0.0012487512487512488,0.32960199004975127,negative,False,negative,True
COAD,GSE283052,COAD_GSM8655160_P07,P07,primary_tumor,balanced_patient_level_validation,True,Quercetin,CDK1,MYB,Myeloid,2194,2194,8,0.6800364630811303,-0.3062158715496334,-0.14901908954348872,0.000999000999000999,0.1044776119402985,-0.23853527780911718,0.32758382701212896,200,source_record/rctd_weights.csv.gz,0.0012487512487512488,0.15636105188343993,negative,False,negative,True
COAD,GSE283052,COAD_GSM8655161_P09,P09,primary_tumor,balanced_patient_level_validation,True,Quercetin,CDK1,MYB,Myeloid,2312,2312,8,0.3737024221453287,-0.15770337712621776,0.15359880448272456,0.000999000999000999,0.10945273631840796,-0.10921730449088951,0.1665066108824123,200,source_record/rctd_weights.csv.gz,0.0012487512487512488,0.15636105188343993,negative,False,negative,True
COAD,GSE283052,COAD_GSM8655162_P10,P10,primary_tumor,balanced_patient_level_validation,True,Quercetin,CDK1,MYB,Myeloid,2465,2465,8,0.7144016227180527,-0.0459259304844165,0.034774477973790976,0.023976023976023976,0.6268656716417911,-0.0562071745645323,0.11606968312159249,200,source_record/rctd_weights.csv.gz,0.023976023976023976,0.6268656716417911,negative,False,negative,True
COAD,GSE283052,COAD_GSM8655163_P11,P11,primary_tumor,balanced_patient_level_validation,True,Quercetin,CDK1,MYB,Myeloid,2668,2668,8,0.07458770614692653,-0.05882193108365148,0.05442943647338402,0.001998001998001998,0.3482587064676617,-0.01272975593540646,0.15415293643745612,200,source_record/rctd_weights.csv.gz,0.00222000222000222,0.3869541182974019,negative,False,negative,True
COAD,GSE283052,COAD_GSM8655164_P13,P13,primary_tumor,balanced_patient_level_validation,True,Quercetin,CDK1,MYB,Myeloid,1809,1809,8,0.33665008291873966,-0.3566654308241087,-0.07299022885447322,0.000999000999000999,0.009950248756218905,-0.06237092931047003,0.3029541170062252,200,source_record/rctd_weights.csv.gz,0.0012487512487512488,0.09950248756218905,negative,False,negative,True
COAD,GSE283052,COAD_GSM8655165_P15,P15,primary_tumor,balanced_patient_level_validation,True,Quercetin,CDK1,MYB,Myeloid,2714,2714,8,0.2159174649963154,-0.217512459517815,-0.1333175339947502,0.000999000999000999,0.09950248756218906,-0.06675391876427968,0.26708504792385196,200,source_record/rctd_weights.csv.gz,0.0012487512487512488,0.15636105188343993,negative,False,negative,True
COAD,GSE283052,COAD_GSM8655166_P17,P17,primary_tumor,balanced_patient_level_validation,True,Quercetin,CDK1,MYB,Myeloid,2223,2223,8,0.2941970310391363,-0.19111683554052838,-0.05584248543286331,0.000999000999000999,0.03980099502487562,-0.055594609414982496,0.1730965117730811,200,source_record/rctd_weights.csv.gz,0.0012487512487512488,0.13266998341625205,negative,False,negative,True
LIHC,GSE238264,LIHC_GSM7661255_HCC1R,HCC1,tumor_responder,independent_external_treated,True,"4',5-Dihydroxyflavone",AR,HDAC1,T/NK,2736,2733,7,0.06403219904866447,-0.058834252092123146,0.005873199744422431,0.004995004995004995,0.024875621890547265,-0.00983509378715364,0.04560320399779082,200,source_record/rctd_weights.csv.gz,0.012487512487512488,0.12437810945273632,negative,False,negative,True
LIHC,GSE238264,LIHC_GSM7661256_HCC2R,HCC2,tumor_responder,independent_external_treated,True,"4',5-Dihydroxyflavone",AR,HDAC1,T/NK,2523,2491,7,0.02448815736651947,-0.002582062741661603,0.08017834257124665,0.8961038961038961,0.9361702127659575,0.0073142555200280185,0.04409245033969198,93,source_record/rctd_weights.csv.gz,0.8961038961038961,0.9751243781094526,negative,False,negative,True
LIHC,GSE238264,LIHC_GSM7661257_HCC3R,HCC3,tumor_responder,independent_external_treated,True,"4',5-Dihydroxyflavone",AR,HDAC1,T/NK,2170,2170,7,0.195852534562212,-0.05413752332459415,0.24052155644792694,0.011988011988011988,0.11442786069651742,-0.00449368367078347,0.06296616656729769,200,source_record/rctd_weights.csv.gz,0.01998001998001998,0.19071310116086237,negative,False,negative,True
LIHC,GSE238264,LIHC_GSM7661258_HCC4R,HCC4,tumor_responder,independent_external_treated,True,"4',5-Dihydroxyflavone",AR,HDAC1,T/NK,3000,3000,7,0.7356666666666667,-0.07001254637053035,0.021134865955062004,0.000999000999000999,0.1890547263681592,0.012931205761629164,0.12894935299298382,200,source_record/rctd_weights.csv.gz,0.00333000333000333,0.27007818052594174,negative,False,negative,True
LIHC,GSE238264,LIHC_GSM7661260_HCC6NR,HCC6,tumor_nonresponder,independent_external_treated,True,"4',5-Dihydroxyflavone",AR,HDAC1,T/NK,2575,2575,7,0.023689320388349516,-0.04996241589831442,0.005492016093267841,0.007992007992007992,0.023529411764705882,0.0033008435434095803,0.035738071410550326,84,source_record/rctd_weights.csv.gz,0.015984015984015984,0.12437810945273632,negative,False,negative,True
LIHC,GSE238264,LIHC_GSM7661261_HCC7NR,HCC7,tumor_nonresponder,independent_external_treated,True,"4',5-Dihydroxyflavone",AR,HDAC1,T/NK,2452,2452,7,0.08523654159869494,-0.03659642944347438,0.017548338043242226,0.07692307692307693,0.11442786069651742,0.0020626962131909763,0.048760902686622025,200,source_record/rctd_weights.csv.gz,0.09615384615384616,0.19071310116086237,negative,False,negative,True
LIHC,liver-PT,LIHC_P7T_P7T,P7T,primary,original_discovery,True,"4',5-Dihydroxyflavone",AR,HDAC1,T/NK,4105,4105,7,0.4377588306942753,-0.10592545328209918,-0.06865404777903379,0.000999000999000999,0.10945273631840796,-0.06521671046390995,0.11661144444959158,200,source_record/rctd_weights.csv.gz,0.00333000333000333,0.19071310116086237,negative,False,negative,True
LIHC,liver-PT,LIHC_P8T_P8T,P8T,primary,original_discovery,True,"4',5-Dihydroxyflavone",AR,HDAC1,T/NK,3382,3382,7,0.23861620342992312,-0.2984538760563552,-0.1798714036795989,0.000999000999000999,0.04477611940298507,-0.09914767629518242,0.28200635908646654,200,source_record/rctd_weights.csv.gz,0.00333000333000333,0.14925373134328357,negative,False,negative,True
STAD,GSE251950,STAD_GSM7990473_GC1,GC1,primary,original_discovery,True,Eriodyctiol,HSP90AB1,HOPX,Fibroblast,3572,3567,7,0.43930473787496493,0.08269892901384392,0.2711551199587705,0.000999000999000999,0.5447761194029851,0.08718902361835719,0.235121361442835,133,source_record/rctd_weights.csv.gz,0.0014271442842871413,0.8395061728395061,positive,False,positive,True
STAD,GSE251950,STAD_GSM7990475_21_00732_LI_SING,GC3,primary,original_discovery,True,Eriodyctiol,HSP90AB1,HOPX,Fibroblast,3043,3043,7,0.9349326322707854,0.3834881338187243,0.006835453117640685,0.000999000999000999,0.1782178217821782,0.1895833638866019,0.5359536467610846,100,source_record/rctd_weights.csv.gz,0.0014271442842871413,0.8395061728395061,positive,False,positive,True
STAD,GSE251950,STAD_GSM7990477_21_00734_LI_SING,GC5,primary,within_cohort_expansion,True,Eriodyctiol,HSP90AB1,HOPX,Fibroblast,3577,3577,7,0.9840648588202404,0.2120488057481028,-0.24356243617287812,0.000999000999000999,0.42276422764227645,0.15514365281981102,0.3585288523396377,122,source_record/rctd_weights.csv.gz,0.0014271442842871413,0.8395061728395061,positive,False,positive,True
STAD,GSE251950,STAD_GSM7990480_21_01253_LI_SING,GC7,primary,within_cohort_expansion,True,Eriodyctiol,HSP90AB1,HOPX,Fibroblast,1882,1882,7,0.9187035069075452,0.0623827850862982,-0.027231376186365522,0.003996003996003996,0.6936936936936937,0.0018070403893860891,0.30901760042766485,110,source_record/rctd_weights.csv.gz,0.004995004995004995,0.8395061728395061,positive,False,positive,True
STAD,GSE251950,STAD_GSM7990481_21_01254_LI_SING,GC8,primary,within_cohort_expansion,True,Eriodyctiol,HSP90AB1,HOPX,Fibroblast,3032,3032,7,0.612467018469657,0.09886511172449002,0.14393996213199386,0.000999000999000999,0.40789473684210525,0.0723315834318694,0.1761357900869127,151,source_record/rctd_weights.csv.gz,0.0014271442842871413,0.8395061728395061,positive,False,positive,True
STAD,GSE251950,STAD_GSM7990482_21_01675_LI_SING,GC9,primary,within_cohort_expansion,True,Eriodyctiol,HSP90AB1,HOPX,Fibroblast,3489,3489,7,0.9036973344797936,0.09626292063119526,0.09112583012579117,0.000999000999000999,0.651685393258427,0.03950073977574365,0.5141496670161383,177,source_record/rctd_weights.csv.gz,0.0014271442842871413,0.8395061728395061,positive,False,positive,True
