scenario,cancer,spearman_rank_vs_baseline,top20_retention,top50_retention
baseline,COAD,1.0,1.0,1.0
baseline,LIHC,1.0,1.0,1.0
baseline,STAD,1.0,1.0,1.0
equal_weights,COAD,0.9198964974124355,0.85,0.74
equal_weights,LIHC,0.9804545113627843,0.75,0.86
equal_weights,STAD,0.9450986274656868,0.9,0.86
without_same_cancer_clinical_prognosis_score,COAD,0.9181864546613667,0.3,0.7
without_same_cancer_clinical_prognosis_score,LIHC,0.9485592139803496,0.3,0.74
without_same_cancer_clinical_prognosis_score,STAD,0.9573779344483614,0.35,0.72
same_cancer_clinical_prognosis_score_80pct,COAD,0.9965244131103279,0.55,0.96
same_cancer_clinical_prognosis_score_80pct,LIHC,0.9987714692867323,0.85,0.98
same_cancer_clinical_prognosis_score_80pct,STAD,0.9986049651241283,1.0,0.98
same_cancer_clinical_prognosis_score_120pct,COAD,0.9982824570614266,0.95,0.98
same_cancer_clinical_prognosis_score_120pct,LIHC,0.9992919822995576,0.95,0.98
same_cancer_clinical_prognosis_score_120pct,STAD,0.9990009750243757,0.95,0.98
without_integrated_spatial_recurrence_score,COAD,0.8085832145803646,0.7,0.68
without_integrated_spatial_recurrence_score,LIHC,0.876689417235431,0.55,0.66
without_integrated_spatial_recurrence_score,STAD,0.9226040651016277,0.95,0.98
integrated_spatial_recurrence_score_80pct,COAD,0.9953813845346134,0.95,0.94
integrated_spatial_recurrence_score_80pct,LIHC,0.9978354458861474,1.0,0.96
integrated_spatial_recurrence_score_80pct,STAD,0.9854046351158781,0.95,1.0
integrated_spatial_recurrence_score_120pct,COAD,0.9955958898972476,0.55,1.0
integrated_spatial_recurrence_score_120pct,LIHC,0.9972384309607741,0.9,0.96
integrated_spatial_recurrence_score_120pct,STAD,0.9921803045076129,1.0,1.0
without_rctd_spotlight_consistency_score,COAD,0.9997704942623566,1.0,1.0
without_rctd_spotlight_consistency_score,LIHC,0.9842811070276759,0.4,0.84
without_rctd_spotlight_consistency_score,STAD,0.9957443936098405,0.95,0.98
rctd_spotlight_consistency_score_80pct,COAD,1.0,1.0,1.0
rctd_spotlight_consistency_score_80pct,LIHC,0.9987714692867323,0.95,0.98
rctd_spotlight_consistency_score_80pct,STAD,0.9998424960624016,1.0,1.0
rctd_spotlight_consistency_score_120pct,COAD,1.0,1.0,1.0
rctd_spotlight_consistency_score_120pct,LIHC,0.9991524788119703,0.9,0.98
rctd_spotlight_consistency_score_120pct,STAD,0.9994329858246458,1.0,1.0
without_drug_evidence_score,COAD,0.9870801770044252,0.75,0.9
without_drug_evidence_score,LIHC,0.9907717692942325,0.95,0.96
without_drug_evidence_score,STAD,0.986556663916598,0.75,0.94
drug_evidence_score_80pct,COAD,0.9992259806495165,0.95,0.98
drug_evidence_score_80pct,LIHC,0.999882997074927,1.0,0.98
drug_evidence_score_80pct,STAD,0.9990744768619216,0.95,0.98
drug_evidence_score_120pct,COAD,0.9996009900247508,0.9,0.98
drug_evidence_score_120pct,LIHC,0.9998784969624243,0.95,1.0
drug_evidence_score_120pct,STAD,0.9996384909622741,1.0,0.98
without_single_cell_regulatory_score,COAD,0.9726513162829072,0.9,0.72
without_single_cell_regulatory_score,LIHC,0.9632115802895074,0.65,0.94
without_single_cell_regulatory_score,STAD,0.9214010350258758,0.9,0.94
single_cell_regulatory_score_80pct,COAD,0.9976524413110329,0.95,0.96
single_cell_regulatory_score_80pct,LIHC,0.9974859371484288,1.0,0.98
single_cell_regulatory_score_80pct,STAD,0.9926243156078903,1.0,1.0
single_cell_regulatory_score_120pct,COAD,0.9981519537988451,1.0,0.98
single_cell_regulatory_score_120pct,LIHC,0.9991824795619891,1.0,0.98
single_cell_regulatory_score_120pct,STAD,0.9900442511062778,1.0,1.0
without_ppi_msi_local_support_score,COAD,0.9907807695192381,0.9,0.94
without_ppi_msi_local_support_score,LIHC,0.9870801770044252,0.9,0.98
without_ppi_msi_local_support_score,STAD,0.9833510837770946,0.9,1.0
ppi_msi_local_support_score_80pct,COAD,0.999044476111903,1.0,0.98
ppi_msi_local_support_score_80pct,LIHC,0.9997344933623342,1.0,0.98
ppi_msi_local_support_score_80pct,STAD,0.9949733743343584,0.95,1.0
ppi_msi_local_support_score_120pct,COAD,0.998973974349359,0.95,0.94
ppi_msi_local_support_score_120pct,LIHC,0.9992424810620266,0.95,0.98
ppi_msi_local_support_score_120pct,STAD,0.9992064801620042,1.0,1.0
without_cancer_context_specificity_score,COAD,0.998610965274132,1.0,1.0
without_cancer_context_specificity_score,LIHC,0.9978774469361735,1.0,1.0
without_cancer_context_specificity_score,STAD,0.9986334658366461,0.95,0.94
cancer_context_specificity_score_80pct,COAD,0.9998139953498838,1.0,1.0
cancer_context_specificity_score_80pct,LIHC,0.9999324983124579,1.0,1.0
cancer_context_specificity_score_80pct,STAD,0.9998574964374111,1.0,1.0
cancer_context_specificity_score_120pct,COAD,0.9999279981999551,1.0,1.0
cancer_context_specificity_score_120pct,LIHC,0.9999429985749645,1.0,1.0
cancer_context_specificity_score_120pct,STAD,0.9996729918247956,1.0,1.0
without_evidence_robustness_penalty_adjusted_score,COAD,0.9986934673366836,0.95,0.96
without_evidence_robustness_penalty_adjusted_score,LIHC,0.9988974724368112,0.95,1.0
without_evidence_robustness_penalty_adjusted_score,STAD,0.994722868071702,1.0,0.98
evidence_robustness_penalty_adjusted_score_80pct,COAD,0.9998934973374336,1.0,0.98
evidence_robustness_penalty_adjusted_score_80pct,LIHC,0.9999639990999778,1.0,1.0
evidence_robustness_penalty_adjusted_score_80pct,STAD,0.999761494037351,1.0,1.0
evidence_robustness_penalty_adjusted_score_120pct,COAD,0.9998904972624316,1.0,1.0
evidence_robustness_penalty_adjusted_score_120pct,LIHC,0.9997644941123529,0.95,1.0
evidence_robustness_penalty_adjusted_score_120pct,STAD,0.9996789919747995,1.0,1.0
