frozen_axis_id,cancer,compound_representative_name,target_gene_symbol,tf_gene_symbol,dominant_spatial_celltype,baseline_score,baseline_rank
COAD_AXIS_034,COAD,Quercetin,CDK1,MYB,Myeloid,0.8391144570908674,1.0
COAD_AXIS_022,COAD,Allopseudococain,SLC6A4,ATF4,Myeloid,0.8290325483063031,2.0
COAD_AXIS_089,COAD,Ibogain,SLC6A4,ATF4,Myeloid,0.7999112302559706,3.0
COAD_AXIS_037,COAD,Stepholidine,DRD1,HR,Myeloid,0.7815901897373574,4.0
COAD_AXIS_029,COAD,Physovenine,ACHE,TBP,Myeloid,0.7809782385803588,5.0
COAD_AXIS_001,COAD,Physovenine,ACHE,TFAP2A,Myeloid,0.7730871896382334,6.0
COAD_AXIS_050,COAD,Isocorypalmine,DRD1,HR,Myeloid,0.7724807678062635,7.0
COAD_AXIS_043,COAD,Quercetin,ACHE,TBP,Myeloid,0.769271226599485,8.0
COAD_AXIS_049,COAD,Tanshinone iia,ACHE,TBP,Myeloid,0.7654112680099324,9.0
COAD_AXIS_016,COAD,Stepholidine,DRD1,TFAP2A,Myeloid,0.7647364383013023,10.0
COAD_AXIS_011,COAD,Physovenine,ACHE,HR,Myeloid,0.7634405477053978,11.0
COAD_AXIS_064,COAD,"methyl (E)-2-[(2S,3Z,12bS)-3-ethylidene-2,4,6,7,12,12b-hexahydro-1H-indolo[3,2-h]quinolizin-2-yl]-3-methoxyprop-2-enoate",ACHE,TBP,Myeloid,0.762381685590257,12.0
COAD_AXIS_061,COAD,Angustidine,ACHE,TBP,Myeloid,0.7622162521603719,13.0
COAD_AXIS_065,COAD,Kaempferol,ACHE,TBP,Myeloid,0.7621600222845345,14.0
COAD_AXIS_060,COAD,Marmesinin,ACHE,TBP,Myeloid,0.7621559142457545,15.0
COAD_AXIS_063,COAD,Decursin,ACHE,TBP,Myeloid,0.7621211772180909,16.0
COAD_AXIS_062,COAD,Corydalmine,ACHE,TBP,Myeloid,0.7620888252906692,17.0
COAD_AXIS_003,COAD,Quercetin,ACHE,TFAP2A,Myeloid,0.7618241566594965,18.0
COAD_AXIS_071,COAD,Dihydrosanguinarine,ACHE,TBP,Myeloid,0.7607755550417625,19.0
COAD_AXIS_070,COAD,Pectolinarigenin,ACHE,TBP,Myeloid,0.7607283661721163,20.0
COAD_AXIS_072,COAD,Deltoin,ACHE,TBP,Myeloid,0.7606716582442781,21.0
COAD_AXIS_018,COAD,Physovenine,ACHE,MYC,Myeloid,0.7590011958690785,22.0
COAD_AXIS_004,COAD,Tanshinone iia,ACHE,TFAP2A,Myeloid,0.757610782764768,23.0
COAD_AXIS_021,COAD,Isocorypalmine,DRD1,TFAP2A,Myeloid,0.7555018987557811,24.0
COAD_AXIS_073,COAD,Artemisinin,CYP2B6,FOXM1,Myeloid,0.7553773205793709,25.0
COAD_AXIS_006,COAD,"methyl (E)-2-[(2S,3Z,12bS)-3-ethylidene-2,4,6,7,12,12b-hexahydro-1H-indolo[3,2-h]quinolizin-2-yl]-3-methoxyprop-2-enoate",ACHE,TFAP2A,Myeloid,0.754659085258489,26.0
COAD_AXIS_010,COAD,Kaempferol,ACHE,TFAP2A,Myeloid,0.7545880603399933,27.0
COAD_AXIS_009,COAD,Angustidine,ACHE,TFAP2A,Myeloid,0.7545475177114481,28.0
COAD_AXIS_007,COAD,Marmesinin,ACHE,TFAP2A,Myeloid,0.7544850151768416,29.0
COAD_AXIS_005,COAD,Decursin,ACHE,TFAP2A,Myeloid,0.7544269798175779,30.0
COAD_AXIS_008,COAD,Corydalmine,ACHE,TFAP2A,Myeloid,0.7543853572382838,31.0
COAD_AXIS_013,COAD,Deltoin,ACHE,TFAP2A,Myeloid,0.7533213515772749,32.0
COAD_AXIS_014,COAD,Pectolinarigenin,ACHE,TFAP2A,Myeloid,0.753138669150967,33.0
COAD_AXIS_012,COAD,Dihydrosanguinarine,ACHE,TFAP2A,Myeloid,0.7530709364401751,34.0
COAD_AXIS_017,COAD,Guggulsterone,PGR,NFKB,Myeloid,0.7520976904986545,35.0
COAD_AXIS_019,COAD,Quercetin,ACHE,HR,Myeloid,0.7464422768701814,36.0
COAD_AXIS_040,COAD,Tetrahydropalmatine,DRD1,TFAP2A,Myeloid,0.7441102266724883,37.0
COAD_AXIS_036,COAD,Quercetin,ACHE,MYC,Myeloid,0.7438524015834735,38.0
COAD_AXIS_020,COAD,Tanshinone iia,ACHE,HR,Myeloid,0.7423336479354941,39.0
COAD_AXIS_044,COAD,(S)-Canadine,DRD1,TFAP2A,Myeloid,0.7396818827226033,40.0
COAD_AXIS_026,COAD,Decursin,ACHE,HR,Myeloid,0.7393703997618818,41.0
COAD_AXIS_025,COAD,Angustidine,ACHE,HR,Myeloid,0.7393485209485627,42.0
COAD_AXIS_023,COAD,Corydalmine,ACHE,HR,Myeloid,0.7392366206766418,43.0
COAD_AXIS_024,COAD,"methyl (E)-2-[(2S,3Z,12bS)-3-ethylidene-2,4,6,7,12,12b-hexahydro-1H-indolo[3,2-h]quinolizin-2-yl]-3-methoxyprop-2-enoate",ACHE,HR,Myeloid,0.739215183655248,44.0
COAD_AXIS_028,COAD,Kaempferol,ACHE,HR,Myeloid,0.7391156816514397,45.0
COAD_AXIS_027,COAD,Marmesinin,ACHE,HR,Myeloid,0.738967915123094,46.0
COAD_AXIS_035,COAD,Physostigmine,ACHE,TFAP2A,Myeloid,0.738285412047482,47.0
COAD_AXIS_030,COAD,Physostigmine,ACHE,HR,Myeloid,0.7380894697768773,48.0
COAD_AXIS_031,COAD,Deltoin,ACHE,HR,Myeloid,0.7379890184893484,49.0
COAD_AXIS_033,COAD,Dihydrosanguinarine,ACHE,HR,Myeloid,0.7379682610665813,50.0
COAD_AXIS_032,COAD,Pectolinarigenin,ACHE,HR,Myeloid,0.7378660557983313,51.0
COAD_AXIS_048,COAD,Tanshinone iia,ACHE,MYC,Myeloid,0.7367394126947432,52.0
COAD_AXIS_051,COAD,(S)-Scoulerine,DRD1,TFAP2A,Myeloid,0.7352848428546869,53.0
COAD_AXIS_053,COAD,Decursin,ACHE,MYC,Myeloid,0.733897379206837,54.0
COAD_AXIS_066,COAD,"(13aS)-2,3,10-trimethoxy-6,8,13,13a-tetrahydro-5H-isoquinolino[2,1-b]isoquinolin-9-ol",DRD1,TFAP2A,Myeloid,0.7336204793981855,55.0
COAD_AXIS_057,COAD,Corydalmine,ACHE,MYC,Myeloid,0.7336106344743276,56.0
COAD_AXIS_055,COAD,Angustidine,ACHE,MYC,Myeloid,0.7335463527484732,57.0
COAD_AXIS_052,COAD,Marmesinin,ACHE,MYC,Myeloid,0.733512566394094,58.0
COAD_AXIS_056,COAD,Kaempferol,ACHE,MYC,Myeloid,0.7334636286886549,59.0
COAD_AXIS_054,COAD,"methyl (E)-2-[(2S,3Z,12bS)-3-ethylidene-2,4,6,7,12,12b-hexahydro-1H-indolo[3,2-h]quinolizin-2-yl]-3-methoxyprop-2-enoate",ACHE,MYC,Myeloid,0.733449820362031,60.0
COAD_AXIS_059,COAD,Eriodyctiol (flavanone),HSP90AB1,DDIT3,Myeloid,0.7333957259352347,61.0
COAD_AXIS_069,COAD,Pectolinarigenin,ACHE,MYC,Myeloid,0.7316379484396969,62.0
COAD_AXIS_067,COAD,Deltoin,ACHE,MYC,Myeloid,0.7315726439126907,63.0
COAD_AXIS_045,COAD,2-epigalanthamine,ACHE,TFAP2A,Myeloid,0.731451282064152,64.0
COAD_AXIS_041,COAD,2-epigalanthamine,ACHE,HR,Myeloid,0.7313823870070519,65.0
COAD_AXIS_068,COAD,Dihydrosanguinarine,ACHE,MYC,Myeloid,0.7313613749224266,66.0
COAD_AXIS_046,COAD,(-)-huperzine a,ACHE,TFAP2A,Myeloid,0.7312467460885158,67.0
COAD_AXIS_042,COAD,(-)-huperzine a,ACHE,HR,Myeloid,0.7311103803022726,68.0
COAD_AXIS_058,COAD,Physovenine,ACHE,JUN,Myeloid,0.7284932620866094,69.0
COAD_AXIS_015,COAD,Quercetin,CDK1,KLF5,Myeloid,0.7265549673125656,70.0
COAD_AXIS_092,COAD,Physostigmine,ACHE,MYC,Myeloid,0.7238726974154446,71.0
COAD_AXIS_093,COAD,Physovenine,ACHE,TP53,Myeloid,0.7217040631832533,72.0
COAD_AXIS_085,COAD,Berberine chloride,ACHE,TFAP2A,Myeloid,0.7192707688107395,73.0
COAD_AXIS_084,COAD,Berberine,ACHE,TFAP2A,Myeloid,0.719113830226032,74.0
COAD_AXIS_078,COAD,Berberine chloride,ACHE,HR,Myeloid,0.7172765057557615,75.0
COAD_AXIS_079,COAD,Berberine,ACHE,HR,Myeloid,0.7172606834964813,76.0
COAD_AXIS_087,COAD,Quercetin,ACHE,JUN,Myeloid,0.7170679190117993,77.0
COAD_AXIS_047,COAD,Indirubin,CCNA2,FOXM1,Myeloid,0.7164027126524509,78.0
COAD_AXIS_075,COAD,Quercetin,MMP1,CEBPG,Myeloid,0.7154691385540852,79.0
COAD_AXIS_094,COAD,Tanshinone iia,ACHE,JUN,Myeloid,0.7131019422161023,80.0
COAD_AXIS_082,COAD,Luteolin,MMP1,CEBPG,Myeloid,0.7110066292923609,81.0
COAD_AXIS_083,COAD,Kaempferol,MMP1,CEBPG,Myeloid,0.7109802052778349,82.0
COAD_AXIS_088,COAD,(-)-epigallocatechin-3-gallate,MMP1,CEBPG,Myeloid,0.7097732189145041,83.0
COAD_AXIS_099,COAD,Decursin,ACHE,JUN,Myeloid,0.7097626385085765,84.0
COAD_AXIS_097,COAD,Marmesinin,ACHE,JUN,Myeloid,0.7096435571267483,85.0
COAD_AXIS_096,COAD,"methyl (E)-2-[(2S,3Z,12bS)-3-ethylidene-2,4,6,7,12,12b-hexahydro-1H-indolo[3,2-h]quinolizin-2-yl]-3-methoxyprop-2-enoate",ACHE,JUN,Myeloid,0.7095493210816983,86.0
COAD_AXIS_098,COAD,Corydalmine,ACHE,JUN,Myeloid,0.7094380691135619,87.0
COAD_AXIS_100,COAD,Angustidine,ACHE,JUN,Myeloid,0.7090997190392063,88.0
COAD_AXIS_038,COAD,Quercetin,CDK1,MYBL2,Myeloid,0.7033000439406605,89.0
COAD_AXIS_039,COAD,Quercetin,CDK1,E2F1,Myeloid,0.6943815677943673,90.0
COAD_AXIS_002,COAD,Physovenine,ACHE,AP1,Myeloid,0.6919262481185182,91.0
COAD_AXIS_077,COAD,Indirubin,CDK1,MYBL2,Myeloid,0.6875902617006077,92.0
COAD_AXIS_091,COAD,Rutaecarpine,PTGS2,ETV4,Myeloid,0.6713665355046065,93.0
COAD_AXIS_095,COAD,Triptolide,PTGS2,ETV4,Myeloid,0.66878543975933,94.0
COAD_AXIS_074,COAD,Quercetin,MMP1,ETV4,Myeloid,0.667467183857063,95.0
COAD_AXIS_081,COAD,Kaempferol,MMP1,ETV4,Myeloid,0.663179871109451,96.0
COAD_AXIS_080,COAD,Luteolin,MMP1,ETV4,Myeloid,0.6631377440811054,97.0
COAD_AXIS_086,COAD,(-)-epigallocatechin-3-gallate,MMP1,ETV4,Myeloid,0.6619090628238069,98.0
COAD_AXIS_076,COAD,Eckol,BACE1,NFKB,Myeloid,0.6529880031223426,99.0
COAD_AXIS_090,COAD,Quercetin,CDK1,E2F1,Fibroblast_CAF,0.6119779256409024,100.0
COAD_AXIS_181,COAD,"3,5-dihydroxy-2-(4-hydroxyphenyl)chromone",PPARG,ETV4,Myeloid,0.47910878958982944,101.0
COAD_AXIS_173,COAD,Psi-Baptigenin,PPARG,ETV4,Myeloid,0.4790864186021445,102.0
COAD_AXIS_182,COAD,Galangin,PPARG,ETV4,Myeloid,0.4790258791670855,103.0
COAD_AXIS_150,COAD,Artemisinin,CYP2B6,CEBPA,Myeloid,0.47804734328799403,104.0
COAD_AXIS_113,COAD,Artemisinin,CYP2B6,CEBPG,Myeloid,0.4746988450796146,105.0
COAD_AXIS_168,COAD,Psi-Baptigenin,PPARG,CEBPG,Myeloid,0.4746929933978694,106.0
COAD_AXIS_176,COAD,Galangin,PPARG,CEBPG,Myeloid,0.4745415816500183,107.0
COAD_AXIS_197,COAD,Quercetin,PPARG,CEBPG,Myeloid,0.4745043882384661,108.0
COAD_AXIS_175,COAD,"3,5-dihydroxy-2-(4-hydroxyphenyl)chromone",PPARG,CEBPG,Myeloid,0.47443893268756104,109.0
COAD_AXIS_198,COAD,Kaempferol,PPARG,CEBPG,Myeloid,0.47441262163112574,110.0
COAD_AXIS_160,COAD,Quercetin,XDH,CEBPG,Myeloid,0.4655831758939766,111.0
COAD_AXIS_167,COAD,Luteolin,XDH,CEBPG,Myeloid,0.4654886523365059,112.0
COAD_AXIS_147,COAD,ellagic acid,GSTP1,CEBPG,Myeloid,0.46107146756325973,113.0
COAD_AXIS_178,COAD,"3,5-dihydroxy-2-(4-hydroxyphenyl)chromone",PPARG,DDIT3,Myeloid,0.4580025719317563,114.0
COAD_AXIS_179,COAD,Galangin,PPARG,DDIT3,Myeloid,0.45794803309858706,115.0
COAD_AXIS_174,COAD,Psi-Baptigenin,PPARG,DDIT3,Myeloid,0.45775584874313585,116.0
COAD_AXIS_141,COAD,Glycyrrhiza flavonol a,ACHE,HR,Myeloid,0.4474273138092735,117.0
COAD_AXIS_131,COAD,"3,5-dihydroxy-2-(4-hydroxyphenyl)chromone",ACHE,HR,Myeloid,0.4474104565069895,118.0
COAD_AXIS_124,COAD,"(6S)-6-hydroxy-1-methyl-6-methylol-8,9-dihydro-7H-naphtho[8,7-g]benzofuran-10,11-quinone",ACHE,HR,Myeloid,0.4473802787921761,119.0
COAD_AXIS_137,COAD,"5-(1-methoxyethyl)-2,6-dihydroxy-1,7-dimethyl-9,10-dihydrophenanthrene",ACHE,HR,Myeloid,0.447340488029933,120.0
COAD_AXIS_127,COAD,"Quercetin tetramethyl(3',4',5,7) ether",ACHE,HR,Myeloid,0.44732970967240815,121.0
COAD_AXIS_142,COAD,Ibogain,ACHE,HR,Myeloid,0.44731870480190405,122.0
COAD_AXIS_138,COAD,Xyloidone,ACHE,HR,Myeloid,0.4473164897828529,123.0
COAD_AXIS_130,COAD,Sumatrol,ACHE,HR,Myeloid,0.4473112944268817,124.0
COAD_AXIS_125,COAD,Anhydroicaritin,ACHE,HR,Myeloid,0.4472652484865411,125.0
COAD_AXIS_121,COAD,isodihydrofutoquinol a,ACHE,HR,Myeloid,0.44724253242007267,126.0
COAD_AXIS_135,COAD,Dihydrocorynantheine,ACHE,HR,Myeloid,0.44723618429893497,127.0
COAD_AXIS_132,COAD,Glabridin,ACHE,HR,Myeloid,0.4472353417244743,128.0
COAD_AXIS_126,COAD,7-Methoxy-2-methyl isoflavone,ACHE,HR,Myeloid,0.44722427279909516,129.0
COAD_AXIS_123,COAD,Dinatin,ACHE,HR,Myeloid,0.4471982657788795,130.0
COAD_AXIS_122,COAD,Noscapine,ACHE,HR,Myeloid,0.44717709922515625,131.0
COAD_AXIS_129,COAD,Salvilenone,ACHE,HR,Myeloid,0.44717277091428465,132.0
COAD_AXIS_139,COAD,Luteanin,ACHE,HR,Myeloid,0.4471640729264007,133.0
COAD_AXIS_134,COAD,Isocryptanshinone,ACHE,HR,Myeloid,0.44714800869957744,134.0
COAD_AXIS_133,COAD,Gancaonin A,ACHE,HR,Myeloid,0.44712440946756243,135.0
COAD_AXIS_136,COAD,Pisatin,ACHE,HR,Myeloid,0.4471199006621286,136.0
COAD_AXIS_128,COAD,Rhynchophylline,ACHE,HR,Myeloid,0.44707580338178554,137.0
COAD_AXIS_140,COAD,Zizyphusine,ACHE,HR,Myeloid,0.4470558653301505,138.0
COAD_AXIS_153,COAD,Allopseudococain,SLC6A2,MYB,T_NK_ILC,0.43774784316373,139.0
COAD_AXIS_107,COAD,Alpha-lipoic acid,ACHE,TFAP2A,Myeloid,0.43715912084127057,140.0
COAD_AXIS_116,COAD,"1,2-dimethylbenzene",ACHE,TFAP2A,Myeloid,0.4365351422518652,141.0
COAD_AXIS_118,COAD,Pcr,ACHE,TFAP2A,Myeloid,0.43644456945378607,142.0
COAD_AXIS_117,COAD,M-xylene,ACHE,TFAP2A,Myeloid,0.4363984473993007,143.0
COAD_AXIS_119,COAD,Toluene,ACHE,TFAP2A,Myeloid,0.43625629755992634,144.0
COAD_AXIS_114,COAD,Dihydrotanshinoneⅰ,ACHE,TFAP2A,Myeloid,0.4362214070778706,145.0
COAD_AXIS_120,COAD,Glabranin,ACHE,TFAP2A,Myeloid,0.43620427011917356,146.0
COAD_AXIS_108,COAD,Alpha-lipoic acid,ACHE,HR,Myeloid,0.4336724267357536,147.0
COAD_AXIS_161,COAD,Allopseudococain,SLC6A2,MYB,Myeloid,0.43148485490252003,148.0
COAD_AXIS_171,COAD,Physovenine,ACHE,JUN,Fibroblast_CAF,0.4309798006035071,149.0
COAD_AXIS_145,COAD,Indirubin,CDK1,E2F1,Fibroblast_CAF,0.4303507479448958,150.0
COAD_AXIS_143,COAD,Physovenine,ACHE,MYC,Fibroblast_CAF,0.4297484510900937,151.0
COAD_AXIS_157,COAD,Baicalein,CDK1,E2F1,Fibroblast_CAF,0.4294928207226987,152.0
COAD_AXIS_148,COAD,Quercetin,CDK1,MYC,Fibroblast_CAF,0.42930529369874065,153.0
COAD_AXIS_109,COAD,Eriodyctiol (flavanone),HSP90AB1,HSF1,Myeloid,0.4248604188926333,154.0
COAD_AXIS_149,COAD,Physovenine,ACHE,SSRP1,Myeloid,0.42380708544767026,155.0
COAD_AXIS_190,COAD,Quercetin,ACHE,SSRP1,Myeloid,0.42380291574362383,156.0
COAD_AXIS_177,COAD,Quercetin,CDK1,E2F4,Fibroblast_CAF,0.41926760582180994,157.0
COAD_AXIS_104,COAD,Deltoin,ACHE,JUN,Myeloid,0.417941789308487,158.0
COAD_AXIS_105,COAD,Dihydrosanguinarine,ACHE,JUN,Myeloid,0.4177169343810286,159.0
COAD_AXIS_103,COAD,Pectolinarigenin,ACHE,JUN,Myeloid,0.4177106335420891,160.0
COAD_AXIS_101,COAD,Kaempferol,ACHE,JUN,Myeloid,0.4176224651333202,161.0
COAD_AXIS_112,COAD,2-epigalanthamine,ACHE,JUN,Myeloid,0.41759237707475666,162.0
COAD_AXIS_102,COAD,Physostigmine,ACHE,JUN,Myeloid,0.41757232345221346,163.0
COAD_AXIS_111,COAD,(-)-huperzine a,ACHE,JUN,Myeloid,0.4175129810463814,164.0
COAD_AXIS_151,COAD,Quercetin,PLAU,ETS1,Myeloid,0.41613440151071757,165.0
COAD_AXIS_146,COAD,Quercetin,ACHE,MYC,T_NK_ILC,0.41583963971450044,166.0
COAD_AXIS_199,COAD,Eriodyctiol (flavanone),HSP90AB1,MYC,Myeloid,0.41536050336098923,167.0
COAD_AXIS_159,COAD,Quercetin,PLAU,HIF1A,Myeloid,0.41495705717950765,168.0
COAD_AXIS_165,COAD,Berberine,ACHE,JUN,Myeloid,0.41465811478041636,169.0
COAD_AXIS_164,COAD,Berberine chloride,ACHE,JUN,Myeloid,0.41454941850327154,170.0
COAD_AXIS_184,COAD,Kaempferol,ACHE,MYC,T_NK_ILC,0.4125827177370792,171.0
COAD_AXIS_188,COAD,Decursin,ACHE,MYC,T_NK_ILC,0.41252335379895305,172.0
COAD_AXIS_189,COAD,Angustidine,ACHE,MYC,T_NK_ILC,0.41236123758939425,173.0
COAD_AXIS_187,COAD,"methyl (E)-2-[(2S,3Z,12bS)-3-ethylidene-2,4,6,7,12,12b-hexahydro-1H-indolo[3,2-h]quinolizin-2-yl]-3-methoxyprop-2-enoate",ACHE,MYC,T_NK_ILC,0.41223503653294585,174.0
COAD_AXIS_185,COAD,Corydalmine,ACHE,MYC,T_NK_ILC,0.41222371301247257,175.0
COAD_AXIS_186,COAD,Marmesinin,ACHE,MYC,T_NK_ILC,0.4119635823467695,176.0
COAD_AXIS_169,COAD,Tanshinone iia,ACHE,MYC,T_NK_ILC,0.41184760837030016,177.0
COAD_AXIS_194,COAD,Corydalmine,ACHE,SP1,Myeloid,0.41056799254816706,178.0
COAD_AXIS_158,COAD,Quercetin,ACHE,SP1,Myeloid,0.4105076759615705,179.0
COAD_AXIS_110,COAD,Physovenine,ACHE,SP1,Myeloid,0.4104675027183602,180.0
COAD_AXIS_172,COAD,Tanshinone iia,ACHE,SP1,Myeloid,0.41034207135084033,181.0
COAD_AXIS_200,COAD,Pectolinarigenin,ACHE,SP1,Myeloid,0.4103355055848775,182.0
COAD_AXIS_195,COAD,Marmesinin,ACHE,SP1,Myeloid,0.41027120952575413,183.0
COAD_AXIS_191,COAD,"methyl (E)-2-[(2S,3Z,12bS)-3-ethylidene-2,4,6,7,12,12b-hexahydro-1H-indolo[3,2-h]quinolizin-2-yl]-3-methoxyprop-2-enoate",ACHE,SP1,Myeloid,0.41022229168725455,184.0
COAD_AXIS_192,COAD,Angustidine,ACHE,SP1,Myeloid,0.4102175225439338,185.0
COAD_AXIS_193,COAD,Decursin,ACHE,SP1,Myeloid,0.41020500430812973,186.0
COAD_AXIS_196,COAD,Kaempferol,ACHE,SP1,Myeloid,0.41013160649013186,187.0
COAD_AXIS_144,COAD,Physovenine,ACHE,MYC,T_NK_ILC,0.4092485238219489,188.0
COAD_AXIS_152,COAD,Quercetin,ACHE,TP53,Myeloid,0.4085323601991398,189.0
COAD_AXIS_183,COAD,Tanshinone iia,ACHE,TP53,Myeloid,0.40504159200083,190.0
COAD_AXIS_163,COAD,Coryincine,ADRA1B,SP1,Myeloid,0.4007193799179401,191.0
COAD_AXIS_180,COAD,Hyperforin,NR1I2,CDX2,Endothelial,0.39728998385669645,192.0
COAD_AXIS_170,COAD,Guggulsterone,PGR,PGR,Myeloid,0.3883638935800146,193.0
COAD_AXIS_106,COAD,Eckol,BACE1,HIF1A,Myeloid,0.38707353844762254,194.0
COAD_AXIS_115,COAD,Physostigmine,ACHE,TBP,Myeloid,0.38445695537284696,195.0
COAD_AXIS_155,COAD,(-)-huperzine a,ACHE,TBP,Myeloid,0.382776214186871,196.0
COAD_AXIS_156,COAD,2-epigalanthamine,ACHE,TBP,Myeloid,0.3826681442883171,197.0
COAD_AXIS_154,COAD,Quercetin,CDK1,MYB,T_NK_ILC,0.3812221917515456,198.0
COAD_AXIS_166,COAD,Physovenine,ACHE,SP3,Myeloid,0.37506946863537083,199.0
COAD_AXIS_162,COAD,Physovenine,ACHE,AP1,T_NK_ILC,0.32689729287091956,200.0
LIHC_AXIS_092,LIHC,"4',5-Dihydroxyflavone",AR,HDAC1,T_NK_ILC,0.7818611871908144,1.0
LIHC_AXIS_008,LIHC,Quercetin,MMP1,EHF,Tumor_Lineage,0.7669307042133857,2.0
LIHC_AXIS_010,LIHC,Kaempferol,MMP1,EHF,Tumor_Lineage,0.7626603619502674,3.0
LIHC_AXIS_011,LIHC,Luteolin,MMP1,EHF,Tumor_Lineage,0.7625300714016211,4.0
LIHC_AXIS_013,LIHC,(-)-epigallocatechin-3-gallate,MMP1,EHF,Tumor_Lineage,0.760857223760948,5.0
LIHC_AXIS_050,LIHC,Quercetin,MMP1,FOXO1,Tumor_Lineage,0.7529986097199449,6.0
LIHC_AXIS_034,LIHC,Quercetin,MMP1,SMAD2,Plasma_cell,0.7512244494920141,7.0
LIHC_AXIS_043,LIHC,Rutaecarpine,CYP1A2,NR1I3,Tumor_Lineage,0.7490423896172473,8.0
LIHC_AXIS_088,LIHC,Quercetin,MMP1,MYC,Tumor_Lineage,0.748651323667679,9.0
LIHC_AXIS_001,LIHC,Ellipticine,CYP1A1,NR1I3,Tumor_Lineage,0.7484698260809698,10.0
LIHC_AXIS_060,LIHC,Kaempferol,MMP1,FOXO1,Tumor_Lineage,0.7478998908278995,11.0
LIHC_AXIS_059,LIHC,Luteolin,MMP1,FOXO1,Tumor_Lineage,0.7477621112839113,12.0
LIHC_AXIS_061,LIHC,Quercetin,MMP1,CEBPB,Plasma_cell,0.7465374437418312,13.0
LIHC_AXIS_045,LIHC,Luteolin,MMP1,SMAD2,Plasma_cell,0.7464132090964919,14.0
LIHC_AXIS_031,LIHC,Quercetin,MMP1,CEBPG,T_NK_ILC,0.7464101169661173,15.0
LIHC_AXIS_044,LIHC,Kaempferol,MMP1,SMAD2,Plasma_cell,0.7460541100288852,16.0
LIHC_AXIS_071,LIHC,(-)-epigallocatechin-3-gallate,MMP1,FOXO1,Tumor_Lineage,0.745738548210741,17.0
LIHC_AXIS_049,LIHC,(-)-epigallocatechin-3-gallate,MMP1,SMAD2,Plasma_cell,0.7441341442674382,18.0
LIHC_AXIS_078,LIHC,Kaempferol,MMP1,CEBPB,Plasma_cell,0.7419367492450863,19.0
LIHC_AXIS_079,LIHC,Luteolin,MMP1,CEBPB,Plasma_cell,0.7415711491839944,20.0
LIHC_AXIS_046,LIHC,"4',5-Dihydroxyflavone",AR,E2F1,Tumor_Lineage,0.7406596978349425,21.0
LIHC_AXIS_086,LIHC,(-)-epigallocatechin-3-gallate,MMP1,CEBPB,Plasma_cell,0.7399228437320527,22.0
LIHC_AXIS_002,LIHC,Indirubin,AHR,NR1H3,Plasma_cell,0.7341620556267837,23.0
LIHC_AXIS_009,LIHC,Quercetin,CYP1A1,NR1I3,Tumor_Lineage,0.7313028879123435,24.0
LIHC_AXIS_020,LIHC,Quercetin,MMP1,EWSR1,Plasma_cell,0.7306068394582055,25.0
LIHC_AXIS_073,LIHC,Kaempferol,AR,E2F1,Tumor_Lineage,0.7295077867067273,26.0
LIHC_AXIS_006,LIHC,Kaempferol,AHR,NR1H3,Plasma_cell,0.727638891709885,27.0
LIHC_AXIS_068,LIHC,Quercetin,MMP1,CTNNB1,Plasma_cell,0.7274079982877729,28.0
LIHC_AXIS_026,LIHC,Luteolin,MMP1,EWSR1,Plasma_cell,0.7257697060838135,29.0
LIHC_AXIS_025,LIHC,Kaempferol,MMP1,EWSR1,Plasma_cell,0.7254326932539468,30.0
LIHC_AXIS_017,LIHC,Kaempferol,CYP1A1,NR1I3,Tumor_Lineage,0.7237502235257974,31.0
LIHC_AXIS_030,LIHC,(-)-epigallocatechin-3-gallate,MMP1,EWSR1,Plasma_cell,0.7237061469971,32.0
LIHC_AXIS_084,LIHC,Kaempferol,MMP1,CTNNB1,Plasma_cell,0.7228075805919515,33.0
LIHC_AXIS_083,LIHC,Luteolin,MMP1,CTNNB1,Plasma_cell,0.7227737732614815,34.0
LIHC_AXIS_018,LIHC,Galangin,CYP1A1,NR1I3,Tumor_Lineage,0.721826042251698,35.0
LIHC_AXIS_089,LIHC,(-)-epigallocatechin-3-gallate,MMP1,CTNNB1,Plasma_cell,0.7213934131242543,36.0
LIHC_AXIS_096,LIHC,Quercetin,MMP1,CEBPG,Plasma_cell,0.7195939376732162,37.0
LIHC_AXIS_047,LIHC,Artemisinin,CYP2B6,NR1I3,Tumor_Lineage,0.7195113034363931,38.0
LIHC_AXIS_069,LIHC,"4',5-Dihydroxyflavone",AR,FOXO1,Tumor_Lineage,0.7066302616178465,39.0
LIHC_AXIS_004,LIHC,"4',5-Dihydroxyflavone",AR,FOXM1,Tumor_Lineage,0.7064039017788982,40.0
LIHC_AXIS_040,LIHC,Eckol,BACE1,CTNNB1,Plasma_cell,0.7042961554837668,41.0
LIHC_AXIS_003,LIHC,Hyperforin,NR1I2,NR1I3,Tumor_Lineage,0.7011171158252517,42.0
LIHC_AXIS_100,LIHC,Quercetin,CYP1A1,NR1H3,Plasma_cell,0.6993193413761969,43.0
LIHC_AXIS_099,LIHC,Quercetin,MMP1,HOPX,Tumor_Lineage,0.6986866858345352,44.0
LIHC_AXIS_091,LIHC,Kaempferol,AR,FOXM1,Tumor_Lineage,0.695766294035061,45.0
LIHC_AXIS_027,LIHC,Quercetin,CDK1,KLF5,Plasma_cell,0.6912572137009905,46.0
LIHC_AXIS_051,LIHC,Quercetin,CDK1,SP1,T_NK_ILC,0.6908688516051004,47.0
LIHC_AXIS_028,LIHC,Quercetin,CDK1,NFYA,Plasma_cell,0.6858582910683467,48.0
LIHC_AXIS_022,LIHC,Indirubin,CDK1,E2F1,T_NK_ILC,0.6795050577234238,49.0
LIHC_AXIS_090,LIHC,Triptolide,PTGS2,NR1H3,Plasma_cell,0.679078803856503,50.0
LIHC_AXIS_082,LIHC,Indirubin,CDK1,SP1,T_NK_ILC,0.6788528398755623,51.0
LIHC_AXIS_097,LIHC,Beta-naphthoflavone,AHR,NR1H3,Plasma_cell,0.6784183014071234,52.0
LIHC_AXIS_054,LIHC,Indirubin,CDK1,KLF5,Plasma_cell,0.676266412706014,53.0
LIHC_AXIS_024,LIHC,Baicalein,CDK1,E2F1,T_NK_ILC,0.6752512784997172,54.0
LIHC_AXIS_023,LIHC,Quercetin,CDK1,E2F1,Plasma_cell,0.6727844192289889,55.0
LIHC_AXIS_032,LIHC,Quercetin,CDK1,E2F4,T_NK_ILC,0.6725234616320306,56.0
LIHC_AXIS_072,LIHC,Quercetin,CYP1B1,CREB1,T_NK_ILC,0.6724586895569845,57.0
LIHC_AXIS_070,LIHC,Baicalein,CDK1,KLF5,Plasma_cell,0.6709155229487628,58.0
LIHC_AXIS_014,LIHC,Indirubin,AHR,SMAD2,Plasma_cell,0.6678513813961283,59.0
LIHC_AXIS_029,LIHC,Indirubin,AHR,NFE2L2,Plasma_cell,0.6645451344426287,60.0
LIHC_AXIS_080,LIHC,Indirubin,CDK1,TFDP1,T_NK_ILC,0.6640070715055019,61.0
LIHC_AXIS_076,LIHC,Indirubin,CDK1,FOXO1,Tumor_Lineage,0.6635070747602105,62.0
LIHC_AXIS_081,LIHC,Kaempferol,CYP1B1,SP1,T_NK_ILC,0.6634046666605428,63.0
LIHC_AXIS_035,LIHC,Quercetin,CDK1,MYBL2,T_NK_ILC,0.6620363634141274,64.0
LIHC_AXIS_021,LIHC,Kaempferol,AHR,SMAD2,Plasma_cell,0.6614283747742458,65.0
LIHC_AXIS_095,LIHC,Baicalein,CDK1,FOXO1,Tumor_Lineage,0.6586349866436711,66.0
LIHC_AXIS_037,LIHC,Kaempferol,AHR,NFE2L2,Plasma_cell,0.6584747448473909,67.0
LIHC_AXIS_041,LIHC,Indirubin,CDK1,E2F1,Plasma_cell,0.6582046086393207,68.0
LIHC_AXIS_094,LIHC,Quercetin,CDK1,TFDP1,Plasma_cell,0.6569473636565769,69.0
LIHC_AXIS_066,LIHC,Indirubin,CDK1,E2F4,T_NK_ILC,0.6567251841131831,70.0
LIHC_AXIS_056,LIHC,Quercetin,CDK1,E2F4,Plasma_cell,0.6536323855986432,71.0
LIHC_AXIS_052,LIHC,Baicalein,CDK1,E2F1,Plasma_cell,0.6534091706493719,72.0
LIHC_AXIS_065,LIHC,Indirubin,AHR,NFE2L2,T_NK_ILC,0.653055845600257,73.0
LIHC_AXIS_085,LIHC,Baicalein,CDK1,E2F4,T_NK_ILC,0.6512824023445003,74.0
LIHC_AXIS_058,LIHC,Quercetin,AKR1B1,NFKB2,T_NK_ILC,0.6487023642980206,75.0
LIHC_AXIS_005,LIHC,Luteolin,XDH,CEBPB,Plasma_cell,0.6486419808134402,76.0
LIHC_AXIS_075,LIHC,Indirubin,CDK1,MYBL2,T_NK_ILC,0.6466579652633394,77.0
LIHC_AXIS_015,LIHC,Hyperforin,NR1I2,HNF1A,Tumor_Lineage,0.6461312983427863,78.0
LIHC_AXIS_019,LIHC,Physovenine,ACHE,CEBPB,Plasma_cell,0.6439669160082451,79.0
LIHC_AXIS_036,LIHC,Quercetin,PLAU,E2F1,T_NK_ILC,0.6390587427607778,80.0
LIHC_AXIS_038,LIHC,Ellipticine,CYP1A1,FOXO1,Tumor_Lineage,0.637972604883577,81.0
LIHC_AXIS_039,LIHC,Galangin,CYP1A1,FOXO1,Tumor_Lineage,0.6377428288024817,82.0
LIHC_AXIS_053,LIHC,Physovenine,ACHE,NFE2L2,Plasma_cell,0.6348483497450143,83.0
LIHC_AXIS_057,LIHC,Eckol,BACE1,RELA,T_NK_ILC,0.6258297359205042,84.0
LIHC_AXIS_093,LIHC,Rocaglamide,RELA,E2F1,Plasma_cell,0.6242334615724967,85.0
LIHC_AXIS_077,LIHC,Eckol,BACE1,SP1,T_NK_ILC,0.6182949159206493,86.0
LIHC_AXIS_074,LIHC,Coryincine,ADRA1D,TBP,T_NK_ILC,0.6163616793107816,87.0
LIHC_AXIS_064,LIHC,Pectolinarigenin,MAPK14,CEBPD,Plasma_cell,0.6049914786913341,88.0
LIHC_AXIS_062,LIHC,"3,5-dihydroxy-2-(4-hydroxyphenyl)chromone",MAPK14,CEBPD,Plasma_cell,0.6048315524441331,89.0
LIHC_AXIS_063,LIHC,Chryseriol,MAPK14,CEBPD,Plasma_cell,0.6045343923458371,90.0
LIHC_AXIS_033,LIHC,Eckol,BACE1,HIF1A,T_NK_ILC,0.6010776928380569,91.0
LIHC_AXIS_055,LIHC,Triptolide,PTGS2,CEBPB,Plasma_cell,0.6007735409378913,92.0
LIHC_AXIS_087,LIHC,Quercetin,PLAU,JUN,T_NK_ILC,0.595847418056065,93.0
LIHC_AXIS_012,LIHC,Naringenin,CYP19A1,CEBPD,Plasma_cell,0.5934212077437165,94.0
LIHC_AXIS_007,LIHC,Indirubin,AHR,NFKB,T_NK_ILC,0.584863398083311,95.0
LIHC_AXIS_098,LIHC,Eckol,BACE1,RELA,Plasma_cell,0.5835473315789521,96.0
LIHC_AXIS_048,LIHC,Quercetin,AKR1B1,AP1,T_NK_ILC,0.5793807311635282,97.0
LIHC_AXIS_016,LIHC,Quercetin,ALOX5,NFKB,T_NK_ILC,0.5697647757394363,98.0
LIHC_AXIS_067,LIHC,Naringenin,CYP19A1,CEBPD,B_cell,0.5139632505404674,99.0
LIHC_AXIS_042,LIHC,Luteolin,TYR,MITF,Myeloid,0.47826236475913375,100.0
LIHC_AXIS_146,LIHC,"4',5-Dihydroxyflavone",AR,HDAC1,Plasma_cell,0.4263158199388302,101.0
LIHC_AXIS_151,LIHC,Indirubin,GSK3B,CEBPB,Plasma_cell,0.42304391518306184,102.0
LIHC_AXIS_141,LIHC,Allopseudococain,SLC6A2,CEBPB,Plasma_cell,0.41910313952935246,103.0
LIHC_AXIS_109,LIHC,Kaempferol,AR,FOXO1,Tumor_Lineage,0.4149296633816382,104.0
LIHC_AXIS_111,LIHC,"4',5-Dihydroxyflavone",AR,MYC,Tumor_Lineage,0.4143212130502524,105.0
LIHC_AXIS_158,LIHC,Daucene,CTNNB1,E2F1,Plasma_cell,0.41350508267248526,106.0
LIHC_AXIS_157,LIHC,Fisetin,CTNNB1,E2F1,Plasma_cell,0.41332387125104353,107.0
LIHC_AXIS_101,LIHC,Indirubin,AHR,STAT3,Plasma_cell,0.41285224936788584,108.0
LIHC_AXIS_114,LIHC,Artemisinin,CYP2B6,FOXM1,Tumor_Lineage,0.4123978573426335,109.0
LIHC_AXIS_126,LIHC,Kaempferol,AHR,STAT3,Plasma_cell,0.41194695180363705,110.0
LIHC_AXIS_175,LIHC,Eriodyctiol (flavanone),HSP90AB1,STAT3,Plasma_cell,0.41133271269900035,111.0
LIHC_AXIS_152,LIHC,Eriodyctiol (flavanone),HSP90AB1,CEBPD,Plasma_cell,0.40964743221628697,112.0
LIHC_AXIS_103,LIHC,"4',5-Dihydroxyflavone",AR,E2F1,T_NK_ILC,0.40756637830314685,113.0
LIHC_AXIS_200,LIHC,Sophoridine,RELA,E2F1,Plasma_cell,0.4063406944836691,114.0
LIHC_AXIS_147,LIHC,Artemisinin,CYP2B6,HNF1A,Tumor_Lineage,0.4060954348134289,115.0
LIHC_AXIS_195,LIHC,Acacetin,RELA,E2F1,Plasma_cell,0.40602282629130004,116.0
LIHC_AXIS_185,LIHC,arachidonic acid,RELA,E2F1,Plasma_cell,0.40600159786266565,117.0
LIHC_AXIS_184,LIHC,Wogonin,RELA,E2F1,Plasma_cell,0.40596966088624264,118.0
LIHC_AXIS_196,LIHC,Deoxypodophyllotoxin,RELA,E2F1,Plasma_cell,0.40591522812240033,119.0
LIHC_AXIS_180,LIHC,"3,5-dihydroxy-2-(4-hydroxyphenyl)chromone",RELA,E2F1,Plasma_cell,0.40588429913003143,120.0
LIHC_AXIS_193,LIHC,Triptolide,RELA,E2F1,Plasma_cell,0.4058839237223322,121.0
LIHC_AXIS_197,LIHC,(-)-epigallocatechin-3-gallate,RELA,E2F1,Plasma_cell,0.4058597831031361,122.0
LIHC_AXIS_192,LIHC,Picropodophyllin,RELA,E2F1,Plasma_cell,0.40584529780325074,123.0
LIHC_AXIS_182,LIHC,Praeruptorin A,RELA,E2F1,Plasma_cell,0.40581066905715685,124.0
LIHC_AXIS_191,LIHC,Fisetin,RELA,E2F1,Plasma_cell,0.4057960390810364,125.0
LIHC_AXIS_198,LIHC,Yamogenin,RELA,E2F1,Plasma_cell,0.40575467927416925,126.0
LIHC_AXIS_199,LIHC,Luteolin,RELA,E2F1,Plasma_cell,0.4057454304047783,127.0
LIHC_AXIS_183,LIHC,ellagic acid,RELA,E2F1,Plasma_cell,0.4056781103048706,128.0
LIHC_AXIS_186,LIHC,Naringenin,RELA,E2F1,Plasma_cell,0.4056460762932313,129.0
LIHC_AXIS_194,LIHC,Baicalein,RELA,E2F1,Plasma_cell,0.405638631829148,130.0
LIHC_AXIS_188,LIHC,Artemisinin,RELA,E2F1,Plasma_cell,0.40563840498056125,131.0
LIHC_AXIS_190,LIHC,Irisolidone,RELA,E2F1,Plasma_cell,0.4056056874417407,132.0
LIHC_AXIS_181,LIHC,Taxifolin,RELA,E2F1,Plasma_cell,0.40560349812950336,133.0
LIHC_AXIS_179,LIHC,Tanshinone iia,RELA,E2F1,Plasma_cell,0.40558627647521067,134.0
LIHC_AXIS_189,LIHC,Licochalcone A,RELA,E2F1,Plasma_cell,0.40549977549578026,135.0
LIHC_AXIS_187,LIHC,Kaempferol,RELA,E2F1,Plasma_cell,0.4054817833513263,136.0
LIHC_AXIS_172,LIHC,Quercetin,CTNNB1,E2F1,Plasma_cell,0.4047984768424269,137.0
LIHC_AXIS_163,LIHC,Rocaglamide,RELA,CEBPB,Plasma_cell,0.40345777042363323,138.0
LIHC_AXIS_128,LIHC,"3,4-benzopyrene",AHR,NR1H3,Plasma_cell,0.40277454095973764,139.0
LIHC_AXIS_171,LIHC,Beta-naphthoflavone,AHR,SMAD2,Plasma_cell,0.40214946224562637,140.0
LIHC_AXIS_159,LIHC,Uosolic Acid,RELA,E2F1,Plasma_cell,0.39942151353491867,141.0
LIHC_AXIS_149,LIHC,Flavopiridol,CDK1,KLF5,Plasma_cell,0.39627683248264717,142.0
LIHC_AXIS_148,LIHC,"4',5-Dihydroxyflavone",AR,MYBL2,Tumor_Lineage,0.39459752784845586,143.0
LIHC_AXIS_124,LIHC,Eriodyctiol (flavanone),HSP90AB1,AHR,Plasma_cell,0.39094852063247765,144.0
LIHC_AXIS_113,LIHC,Luteolin,MMP1,CEBPG,Plasma_cell,0.390059616600554,145.0
LIHC_AXIS_115,LIHC,Kaempferol,DPP4,HNF1A,Tumor_Lineage,0.3898680042337687,146.0
LIHC_AXIS_112,LIHC,Kaempferol,MMP1,CEBPG,Plasma_cell,0.3898458585050922,147.0
LIHC_AXIS_122,LIHC,(-)-epigallocatechin-3-gallate,MMP1,CEBPG,Plasma_cell,0.3896196219913189,148.0
LIHC_AXIS_137,LIHC,Galangin,CYP1A1,NR1H3,Plasma_cell,0.3891978730479331,149.0
LIHC_AXIS_136,LIHC,Ellipticine,CYP1A1,NR1H3,Plasma_cell,0.3890858701506219,150.0
LIHC_AXIS_144,LIHC,Luteolin,DPP4,HNF1A,Tumor_Lineage,0.38892000612350575,151.0
LIHC_AXIS_129,LIHC,Eriodyctiol (flavanone),HSP90AB1,DDIT3,Plasma_cell,0.38859653507931646,152.0
LIHC_AXIS_132,LIHC,Kaempferol,CYP1A1,NR1H3,Plasma_cell,0.3883252053164284,153.0
LIHC_AXIS_166,LIHC,(-)-epigallocatechin-3-gallate,BACE1,CTNNB1,Plasma_cell,0.3849797639957676,154.0
LIHC_AXIS_167,LIHC,Acteoside,BACE1,CTNNB1,Plasma_cell,0.3848909110058344,155.0
LIHC_AXIS_176,LIHC,Collagen,BACE1,CTNNB1,Plasma_cell,0.3847986930534876,156.0
LIHC_AXIS_150,LIHC,Quercetin,BACE1,CTNNB1,Plasma_cell,0.3847226759128652,157.0
LIHC_AXIS_168,LIHC,"3',4',7-trihydroxyflavanone",BACE1,CTNNB1,Plasma_cell,0.38471900876613707,158.0
LIHC_AXIS_106,LIHC,Flavopiridol,CDK1,E2F1,Plasma_cell,0.3829765596418062,159.0
LIHC_AXIS_145,LIHC,Quercetin,MMP1,RELA,Plasma_cell,0.3805935604865559,160.0
LIHC_AXIS_161,LIHC,Kaempferol,MMP1,RELA,Plasma_cell,0.3803730553198369,161.0
LIHC_AXIS_160,LIHC,Luteolin,MMP1,RELA,Plasma_cell,0.3801546902536862,162.0
LIHC_AXIS_170,LIHC,(-)-epigallocatechin-3-gallate,MMP1,RELA,Plasma_cell,0.38004498416127064,163.0
LIHC_AXIS_142,LIHC,Indirubin,CDK1,TFDP1,Plasma_cell,0.378072846773314,164.0
LIHC_AXIS_162,LIHC,Baicalein,CDK1,TFDP1,Plasma_cell,0.37731183801082213,165.0
LIHC_AXIS_105,LIHC,Indirubin,CDK1,E2F4,Plasma_cell,0.37568831845812095,166.0
LIHC_AXIS_127,LIHC,Baicalein,CDK1,E2F4,Plasma_cell,0.3751718892447585,167.0
LIHC_AXIS_174,LIHC,Kaempferol,DPP4,CDX2,Tumor_Lineage,0.3696684043675306,168.0
LIHC_AXIS_110,LIHC,Quercetin,MMP1,TCF7L2,Tumor_Lineage,0.3659959752503891,169.0
LIHC_AXIS_104,LIHC,Eriodyctiol (flavanone),HSP90AB1,HSF1,Tumor_Lineage,0.3659926828358736,170.0
LIHC_AXIS_133,LIHC,Luteolin,MMP1,TCF7L2,Tumor_Lineage,0.3651140192698529,171.0
LIHC_AXIS_134,LIHC,Kaempferol,MMP1,TCF7L2,Tumor_Lineage,0.3651083663532577,172.0
LIHC_AXIS_107,LIHC,Luteolin,MMP1,MYC,Tumor_Lineage,0.35947841372679706,173.0
LIHC_AXIS_108,LIHC,Kaempferol,MMP1,MYC,Tumor_Lineage,0.3593487248190606,174.0
LIHC_AXIS_118,LIHC,(-)-epigallocatechin-3-gallate,MMP1,MYC,Tumor_Lineage,0.35875721052125187,175.0
LIHC_AXIS_143,LIHC,Quercetin,MMP1,ETV7,Plasma_cell,0.35416875543429294,176.0
LIHC_AXIS_164,LIHC,Kaempferol,MMP1,ETV7,Plasma_cell,0.353307202947219,177.0
LIHC_AXIS_165,LIHC,Luteolin,MMP1,ETV7,Plasma_cell,0.3532147662711744,178.0
LIHC_AXIS_177,LIHC,(-)-epigallocatechin-3-gallate,MMP1,ETV7,Plasma_cell,0.3525819270738791,179.0
LIHC_AXIS_102,LIHC,Indirubin,AHR,AHR,Plasma_cell,0.3523864314971027,180.0
LIHC_AXIS_125,LIHC,Kaempferol,AHR,AHR,Plasma_cell,0.3519328426331245,181.0
LIHC_AXIS_119,LIHC,Eriodyctiol (flavanone),HSP90AB1,DDIT3,Tumor_Lineage,0.35111765501916076,182.0
LIHC_AXIS_140,LIHC,Quercetin,MMP1,CTNNB1,Tumor_Lineage,0.34444379811426784,183.0
LIHC_AXIS_156,LIHC,Luteolin,MMP1,CTNNB1,Tumor_Lineage,0.3441063668861517,184.0
LIHC_AXIS_155,LIHC,Kaempferol,MMP1,CTNNB1,Tumor_Lineage,0.34387329361419505,185.0
LIHC_AXIS_139,LIHC,Quercetin,CDK1,MYBL2,Plasma_cell,0.3434877298349622,186.0
LIHC_AXIS_138,LIHC,Quercetin,CDK1,SMAD7,Tumor_Lineage,0.3430547242354816,187.0
LIHC_AXIS_173,LIHC,Quercetin,CDK1,ARID3A,Tumor_Lineage,0.33520073624442726,188.0
LIHC_AXIS_135,LIHC,Quercetin,CDK1,E2F1,T_NK_ILC,0.33103843424786594,189.0
LIHC_AXIS_169,LIHC,Quercetin,CDK1,E2F1,Tumor_Lineage,0.3295979010579403,190.0
LIHC_AXIS_123,LIHC,Quercetin,PLAU,FOXM1,Tumor_Lineage,0.3254424857379604,191.0
LIHC_AXIS_154,LIHC,Quercetin,PLAU,E2F1,Tumor_Lineage,0.31894312994415225,192.0
LIHC_AXIS_153,LIHC,Kaempferol,CYP1B1,CREB1,T_NK_ILC,0.3124221334115356,193.0
LIHC_AXIS_130,LIHC,Quercetin,PLAU,GTF3A,Tumor_Lineage,0.3121022201734662,194.0
LIHC_AXIS_117,LIHC,Quercetin,CYP1B1,TBP,T_NK_ILC,0.3071089177642529,195.0
LIHC_AXIS_120,LIHC,Luteolin,MMP1,HOPX,Tumor_Lineage,0.3069937270387501,196.0
LIHC_AXIS_121,LIHC,Kaempferol,MMP1,HOPX,Tumor_Lineage,0.30679238847308,197.0
LIHC_AXIS_131,LIHC,(-)-epigallocatechin-3-gallate,MMP1,HOPX,Tumor_Lineage,0.3060240494474421,198.0
LIHC_AXIS_178,LIHC,Kaempferol,CYP1B1,TBP,T_NK_ILC,0.3054781402664537,199.0
LIHC_AXIS_116,LIHC,Quercetin,CYP1B1,TBP,Tumor_Lineage,0.3035654756898819,200.0
STAD_AXIS_017,STAD,Quercetin,PLAU,ETS1,Fibroblast_CAF,0.831244882031456,1.0
STAD_AXIS_010,STAD,Quercetin,PLAU,MYC,Fibroblast_CAF,0.8267994771279995,2.0
STAD_AXIS_027,STAD,Quercetin,PLAU,FOS,Fibroblast_CAF,0.8194719619094619,3.0
STAD_AXIS_021,STAD,Eriodyctiol (flavanone),HSP90AB1,HOPX,Fibroblast_CAF,0.8192460420844396,4.0
STAD_AXIS_029,STAD,Quercetin,PLAU,HIF1A,Fibroblast_CAF,0.8191509548381223,5.0
STAD_AXIS_085,STAD,(-)-epigallocatechin-3-gallate,APP,MYC,Fibroblast_CAF,0.8168519714642093,6.0
STAD_AXIS_008,STAD,Quercetin,PLAU,E2F1,Fibroblast_CAF,0.8162413546880011,7.0
STAD_AXIS_024,STAD,Quercetin,PLAU,JUN,Fibroblast_CAF,0.8162367726106997,8.0
STAD_AXIS_022,STAD,Quercetin,PLAU,HOXD3,Fibroblast_CAF,0.8149238429555397,9.0
STAD_AXIS_007,STAD,Quercetin,PLAU,RELA,Fibroblast_CAF,0.8127682175218977,10.0
STAD_AXIS_078,STAD,Quercetin,PLAU,RBPJ,Fibroblast_CAF,0.8119326960824196,11.0
STAD_AXIS_049,STAD,Quercetin,PLAU,NR3C1,Fibroblast_CAF,0.8114054178277956,12.0
STAD_AXIS_005,STAD,Quercetin,PLAU,GTF3A,Fibroblast_CAF,0.8091136413838343,13.0
STAD_AXIS_050,STAD,Quercetin,PLAU,NFKB1,Fibroblast_CAF,0.8082891741944616,14.0
STAD_AXIS_041,STAD,Quercetin,PLAU,RUNX2,Fibroblast_CAF,0.8067579978038837,15.0
STAD_AXIS_040,STAD,Quercetin,PLAU,REL,Fibroblast_CAF,0.804415230220423,16.0
STAD_AXIS_100,STAD,Quercetin,PLAU,CREB1,Fibroblast_CAF,0.8019077494430396,17.0
STAD_AXIS_020,STAD,Coryincine,ADRA1D,RELA,Fibroblast_CAF,0.7959308804985042,18.0
STAD_AXIS_019,STAD,Quercetin,AKR1B1,RELA,Fibroblast_CAF,0.7948038136923004,19.0
STAD_AXIS_013,STAD,Quercetin,CYP1B1,ESR1,Fibroblast_CAF,0.7883330953808915,20.0
STAD_AXIS_039,STAD,Quercetin,PLAU,ETV4,Fibroblast_CAF,0.7857710830761634,21.0
STAD_AXIS_002,STAD,Quercetin,CYP1B1,EP300,Fibroblast_CAF,0.7822277309126494,22.0
STAD_AXIS_028,STAD,Quercetin,MMP1,HOPX,Fibroblast_CAF,0.771803090168974,23.0
STAD_AXIS_018,STAD,Kaempferol,CYP1B1,ESR1,Fibroblast_CAF,0.7704307133465834,24.0
STAD_AXIS_011,STAD,Eckol,BACE1,RELA,Fibroblast_CAF,0.7700667820785164,25.0
STAD_AXIS_014,STAD,Naringenin,CYP19A1,RELA,Fibroblast_CAF,0.7681238864924904,26.0
STAD_AXIS_003,STAD,Kaempferol,CYP1B1,EP300,Fibroblast_CAF,0.7676943087178263,27.0
STAD_AXIS_001,STAD,Quercetin,CYP1B1,AHR,Fibroblast_CAF,0.7675518441280316,28.0
STAD_AXIS_034,STAD,Kaempferol,MMP1,HOPX,Fibroblast_CAF,0.7674709101076617,29.0
STAD_AXIS_035,STAD,Luteolin,MMP1,HOPX,Fibroblast_CAF,0.7673778471681771,30.0
STAD_AXIS_036,STAD,(-)-epigallocatechin-3-gallate,MMP1,HOPX,Fibroblast_CAF,0.7662527349149595,31.0
STAD_AXIS_042,STAD,Quercetin,PLAU,ATF4,Fibroblast_CAF,0.765795695566313,32.0
STAD_AXIS_026,STAD,Quercetin,CYP1B1,CREB1,Fibroblast_CAF,0.7644971461414323,33.0
STAD_AXIS_032,STAD,Triptolide,PLAU,GTF3A,Fibroblast_CAF,0.7626656743931722,34.0
STAD_AXIS_033,STAD,(-)-epigallocatechin-3-gallate,PLAU,GTF3A,Fibroblast_CAF,0.7623598978737824,35.0
STAD_AXIS_067,STAD,Quercetin,AKR1B1,NFKB2,Fibroblast_CAF,0.7588029925796724,36.0
STAD_AXIS_051,STAD,Guggulsterone,PGR,FOS,Fibroblast_CAF,0.755440714135613,37.0
STAD_AXIS_083,STAD,(-)-epigallocatechin-3-gallate,PLAU,E2F1,Fibroblast_CAF,0.7554036462629652,38.0
STAD_AXIS_082,STAD,Triptolide,PLAU,E2F1,Fibroblast_CAF,0.7551196371346709,39.0
STAD_AXIS_076,STAD,Triptolide,PLAU,RELA,Fibroblast_CAF,0.7525800159457713,40.0
STAD_AXIS_077,STAD,(-)-epigallocatechin-3-gallate,PLAU,RELA,Fibroblast_CAF,0.7522367122416208,41.0
STAD_AXIS_004,STAD,Kaempferol,CYP1B1,AHR,Fibroblast_CAF,0.750446947801712,42.0
STAD_AXIS_057,STAD,Indirubin,AHR,EPAS1,Fibroblast_CAF,0.7484634629199624,43.0
STAD_AXIS_045,STAD,Kaempferol,CYP1B1,CREB1,Fibroblast_CAF,0.7474551390518687,44.0
STAD_AXIS_086,STAD,Stigmasterol,PLAU,GTF3A,Fibroblast_CAF,0.7445435619563407,45.0
STAD_AXIS_084,STAD,Kaempferol,AHR,EPAS1,Fibroblast_CAF,0.741730161874226,46.0
STAD_AXIS_079,STAD,Quercetin,CYP1B1,AR,Fibroblast_CAF,0.7408042782897483,47.0
STAD_AXIS_015,STAD,Eckol,BACE1,HSF1,Fibroblast_CAF,0.7385558422147567,48.0
STAD_AXIS_016,STAD,Quercetin,ALOX5,RELA,Fibroblast_CAF,0.7383217993334893,49.0
STAD_AXIS_038,STAD,Quercetin,ALOX5,RORA,Fibroblast_CAF,0.7372148171989215,50.0
STAD_AXIS_023,STAD,Guggulsterone,PGR,EPAS1,Fibroblast_CAF,0.7330060886796683,51.0
STAD_AXIS_046,STAD,Alpha-naphthoflavone,CYP1B1,EP300,Fibroblast_CAF,0.7316855382919377,52.0
STAD_AXIS_053,STAD,Quercetin,MMP9,RELA,Fibroblast_CAF,0.7289249124036327,53.0
STAD_AXIS_037,STAD,Indirubin,AHR,PITX2,Fibroblast_CAF,0.7267858488073484,54.0
STAD_AXIS_044,STAD,Kaempferol,AHR,PITX2,Fibroblast_CAF,0.7216021092115471,55.0
STAD_AXIS_081,STAD,Guggulsterone,PGR,RELA,Fibroblast_CAF,0.7191692107697675,56.0
STAD_AXIS_031,STAD,Eckol,BACE1,HIF1A,Fibroblast_CAF,0.7181141313331326,57.0
STAD_AXIS_068,STAD,Quercetin,MMP1,EWSR1,Fibroblast_CAF,0.7163547940104228,58.0
STAD_AXIS_006,STAD,Indirubin,AHR,AHR,Fibroblast_CAF,0.7162146907963093,59.0
STAD_AXIS_058,STAD,Eckol,BACE1,STAT3,Fibroblast_CAF,0.7156356548168984,60.0
STAD_AXIS_074,STAD,Indirubin,AHR,NR3C1,Fibroblast_CAF,0.7154509771722768,61.0
STAD_AXIS_075,STAD,Indirubin,AHR,STAT3,Fibroblast_CAF,0.7148777968927486,62.0
STAD_AXIS_025,STAD,Alpha-naphthoflavone,CYP1B1,AHR,Fibroblast_CAF,0.7124052798775043,63.0
STAD_AXIS_095,STAD,Quercetin,CYP1B1,TBP,Fibroblast_CAF,0.7115908545116185,64.0
STAD_AXIS_098,STAD,Kaempferol,MMP1,EWSR1,Fibroblast_CAF,0.7109642819408365,65.0
STAD_AXIS_097,STAD,Luteolin,MMP1,EWSR1,Fibroblast_CAF,0.7108339758362037,66.0
STAD_AXIS_012,STAD,Kaempferol,AHR,AHR,Fibroblast_CAF,0.70958302159201,67.0
STAD_AXIS_009,STAD,Baicalein,ALOX12,FOS,Fibroblast_CAF,0.7087064947223845,68.0
STAD_AXIS_047,STAD,Kaempferol,ALOX5,RELA,Fibroblast_CAF,0.7058635903169589,69.0
STAD_AXIS_056,STAD,Eckol,BACE1,NFKB1,Fibroblast_CAF,0.7030606781561636,70.0
STAD_AXIS_043,STAD,Acacetin,CYP1B1,AHR,Fibroblast_CAF,0.6957734391125764,71.0
STAD_AXIS_096,STAD,Indirubin,AHR,NR1H3,Myeloid,0.6931866636330284,72.0
STAD_AXIS_048,STAD,"3,5-dihydroxy-2-(4-hydroxyphenyl)chromone",CYP1B1,AHR,Fibroblast_CAF,0.6919366979867971,73.0
STAD_AXIS_030,STAD,Eckol,BACE1,CTNNB1,Fibroblast_CAF,0.6901395176871422,74.0
STAD_AXIS_066,STAD,Eckol,BACE1,TCF7L2,Fibroblast_CAF,0.689148860105871,75.0
STAD_AXIS_059,STAD,"1-(3,5-dihydroxyphenyl)-2-(4-hydroxyphenyl)ethylene; (e)-form",CYP1B1,AHR,Fibroblast_CAF,0.6880599570902012,76.0
STAD_AXIS_061,STAD,Galangin,CYP1B1,AHR,Fibroblast_CAF,0.6879265824791019,77.0
STAD_AXIS_060,STAD,Pyrene,CYP1B1,AHR,Fibroblast_CAF,0.6878060440780552,78.0
STAD_AXIS_062,STAD,Kaempferide,CYP1B1,AHR,Fibroblast_CAF,0.6877902055270049,79.0
STAD_AXIS_072,STAD,Luteolin,CYP1B1,AHR,Fibroblast_CAF,0.6855756522316929,80.0
STAD_AXIS_070,STAD,Diosmetin,CYP1B1,AHR,Fibroblast_CAF,0.6855513405958058,81.0
STAD_AXIS_071,STAD,Apigenin,CYP1B1,AHR,Fibroblast_CAF,0.68548999075962,82.0
STAD_AXIS_069,STAD,Chrysin,CYP1B1,AHR,Fibroblast_CAF,0.6852883143673485,83.0
STAD_AXIS_052,STAD,Quercetin,BACE1,RELA,Fibroblast_CAF,0.6840573514990517,84.0
STAD_AXIS_080,STAD,Pinosylvin,CYP1B1,AHR,Fibroblast_CAF,0.6825261306449845,85.0
STAD_AXIS_087,STAD,Homoeriodictyol,CYP1B1,AHR,Fibroblast_CAF,0.6819251077605081,86.0
STAD_AXIS_054,STAD,Rocaglamide,RELA,RELA,Fibroblast_CAF,0.6817114321793175,87.0
STAD_AXIS_063,STAD,"3',4',7-trihydroxyflavanone",BACE1,RELA,Fibroblast_CAF,0.6813742623343874,88.0
STAD_AXIS_089,STAD,Eupatorin,CYP1B1,AHR,Fibroblast_CAF,0.6813484846243728,89.0
STAD_AXIS_094,STAD,Berberine chloride,CYP1B1,AHR,Fibroblast_CAF,0.6813277781458813,90.0
STAD_AXIS_064,STAD,Acteoside,BACE1,RELA,Fibroblast_CAF,0.6812743160266715,91.0
STAD_AXIS_092,STAD,Chryseriol,CYP1B1,AHR,Fibroblast_CAF,0.6812610605862187,92.0
STAD_AXIS_093,STAD,Rutaecarpine,CYP1B1,AHR,Fibroblast_CAF,0.6811682436601993,93.0
STAD_AXIS_091,STAD,Berberine,CYP1B1,AHR,Fibroblast_CAF,0.6811580804653354,94.0
STAD_AXIS_090,STAD,Myricetin,CYP1B1,AHR,Fibroblast_CAF,0.6810953655748775,95.0
STAD_AXIS_065,STAD,(-)-epigallocatechin-3-gallate,BACE1,RELA,Fibroblast_CAF,0.6806114262808594,96.0
STAD_AXIS_073,STAD,Collagen,BACE1,RELA,Fibroblast_CAF,0.6787459982504523,97.0
STAD_AXIS_088,STAD,Hydroxytyrosol,BACE1,RELA,Fibroblast_CAF,0.6748771029972853,98.0
STAD_AXIS_099,STAD,"2,4,2',4'-tetrahydroxychalcone",BACE1,RELA,Fibroblast_CAF,0.6739703272986793,99.0
STAD_AXIS_055,STAD,Quercetin,CYP1B1,AHR,Myeloid,0.6071036952811093,100.0
STAD_AXIS_150,STAD,Coryincine,HTR2A,PITX2,Fibroblast_CAF,0.43851646178092013,101.0
STAD_AXIS_189,STAD,Fisetin,CDK2,MYC,Fibroblast_CAF,0.4250142746133777,102.0
STAD_AXIS_114,STAD,Triptolide,PLAU,MYC,Fibroblast_CAF,0.42351870348411214,103.0
STAD_AXIS_115,STAD,(-)-epigallocatechin-3-gallate,PLAU,MYC,Fibroblast_CAF,0.42344760280675353,104.0
STAD_AXIS_119,STAD,Kaempferol,AHR,STAT3,Fibroblast_CAF,0.4153980907872489,105.0
STAD_AXIS_124,STAD,(-)-epigallocatechin-3-gallate,APP,AHR,Fibroblast_CAF,0.41406034227867033,106.0
STAD_AXIS_148,STAD,Acacetin,CYP1B1,EP300,Fibroblast_CAF,0.4109420707122832,107.0
STAD_AXIS_111,STAD,Leonticine,BACE1,RELA,Fibroblast_CAF,0.40992974594545317,108.0
STAD_AXIS_110,STAD,Evodiamide,BACE1,RELA,Fibroblast_CAF,0.40984270786712984,109.0
STAD_AXIS_108,STAD,Dasycarpamin,BACE1,RELA,Fibroblast_CAF,0.40973872016066015,110.0
STAD_AXIS_113,STAD,Tetramethoxyluteolin,BACE1,RELA,Fibroblast_CAF,0.4097179345894895,111.0
STAD_AXIS_109,STAD,Dihydrocorynantheine,BACE1,RELA,Fibroblast_CAF,0.40966646686750224,112.0
STAD_AXIS_107,STAD,Futokadsurin C,BACE1,RELA,Fibroblast_CAF,0.4096570454030704,113.0
STAD_AXIS_102,STAD,Goshuyuamide I,BACE1,RELA,Fibroblast_CAF,0.4096163314487223,114.0
STAD_AXIS_101,STAD,Euchrenone,BACE1,RELA,Fibroblast_CAF,0.4095940003319411,115.0
STAD_AXIS_103,STAD,"5-hydroxy-7-methoxy-2-(3,4,5-trimethoxyphenyl)chromone",BACE1,RELA,Fibroblast_CAF,0.4095810749283471,116.0
STAD_AXIS_112,STAD,Kadsurenone,BACE1,RELA,Fibroblast_CAF,0.40954212766071574,117.0
STAD_AXIS_106,STAD,N-(2-Methylaminobenzoyl)Tryptamine,BACE1,RELA,Fibroblast_CAF,0.40945946486966256,118.0
STAD_AXIS_104,STAD,8-o-methylreyusi,BACE1,RELA,Fibroblast_CAF,0.4093889054351802,119.0
STAD_AXIS_105,STAD,16-epi-Isositsirikine,BACE1,RELA,Fibroblast_CAF,0.4092241406722853,120.0
STAD_AXIS_141,STAD,Luteolin,MMP9,RELA,Fibroblast_CAF,0.40911984673740676,121.0
STAD_AXIS_198,STAD,Citromitin,HSP90AB1,HOPX,Fibroblast_CAF,0.40884836821536413,122.0
STAD_AXIS_197,STAD,Negletein,HSP90AB1,HOPX,Fibroblast_CAF,0.4087838656548919,123.0
STAD_AXIS_200,STAD,"5,2'-Dihydroxy-6,7,8-trimethoxyflavone",HSP90AB1,HOPX,Fibroblast_CAF,0.408611534484513,124.0
STAD_AXIS_116,STAD,Kaempferol,AHR,NR3C1,Fibroblast_CAF,0.40855675127031343,125.0
STAD_AXIS_194,STAD,Lucidumoside D,HSP90AB1,HOPX,Fibroblast_CAF,0.4085469882473654,126.0
STAD_AXIS_199,STAD,Isoxanthohumol,HSP90AB1,HOPX,Fibroblast_CAF,0.4085417152541291,127.0
STAD_AXIS_196,STAD,Palmatine,HSP90AB1,HOPX,Fibroblast_CAF,0.40849519708047105,128.0
STAD_AXIS_195,STAD,prolithospermic acid,HSP90AB1,HOPX,Fibroblast_CAF,0.40843972698077996,129.0
STAD_AXIS_192,STAD,Quercetin,ALOX5,NFKB1,Fibroblast_CAF,0.4084100777679382,130.0
STAD_AXIS_183,STAD,Kaempferol,ALOX5,RORA,Fibroblast_CAF,0.40766878995582717,131.0
STAD_AXIS_191,STAD,Eriodyctiol (flavanone),HSP90AB1,HIF1A,Fibroblast_CAF,0.40664263924764177,132.0
STAD_AXIS_182,STAD,Stigmasterol,PLAU,RELA,Fibroblast_CAF,0.40569729492051565,133.0
STAD_AXIS_171,STAD,Stepholidine,DRD1,FOS,Fibroblast_CAF,0.40286858301662604,134.0
STAD_AXIS_147,STAD,Marmesinin,ACHE,SP1,T_NK_ILC,0.4022974232065026,135.0
STAD_AXIS_144,STAD,Kaempferol,ACHE,SP1,T_NK_ILC,0.40225732035852013,136.0
STAD_AXIS_169,STAD,Deltoin,ACHE,SP1,T_NK_ILC,0.40217680445757453,137.0
STAD_AXIS_132,STAD,Tanshinone iia,ACHE,SP1,T_NK_ILC,0.40215154396619696,138.0
STAD_AXIS_168,STAD,Dihydrosanguinarine,ACHE,SP1,T_NK_ILC,0.4021456279609778,139.0
STAD_AXIS_143,STAD,Corydalmine,ACHE,SP1,T_NK_ILC,0.40204907547591023,140.0
STAD_AXIS_170,STAD,Pectolinarigenin,ACHE,SP1,T_NK_ILC,0.4020097105851427,141.0
STAD_AXIS_145,STAD,"methyl (E)-2-[(2S,3Z,12bS)-3-ethylidene-2,4,6,7,12,12b-hexahydro-1H-indolo[3,2-h]quinolizin-2-yl]-3-methoxyprop-2-enoate",ACHE,SP1,T_NK_ILC,0.40195416656318145,142.0
STAD_AXIS_142,STAD,Angustidine,ACHE,SP1,T_NK_ILC,0.40183981116073664,143.0
STAD_AXIS_146,STAD,Decursin,ACHE,SP1,T_NK_ILC,0.4016353220179404,144.0
STAD_AXIS_126,STAD,3-hydroxy-4-methoxy-acetophenone,PLAU,RELA,Fibroblast_CAF,0.39974184240319727,145.0
STAD_AXIS_138,STAD,"3',4',7-trihydroxyflavanone",PLAU,RELA,Fibroblast_CAF,0.39963629676215906,146.0
STAD_AXIS_123,STAD,Podocarpusflavone A,BACE1,RELA,Fibroblast_CAF,0.39962094935256565,147.0
STAD_AXIS_121,STAD,Luteolin,BACE1,RELA,Fibroblast_CAF,0.3996061762432096,148.0
STAD_AXIS_122,STAD,Bergaptin,BACE1,RELA,Fibroblast_CAF,0.39953891089143384,149.0
STAD_AXIS_133,STAD,Myricetin,BACE1,RELA,Fibroblast_CAF,0.3987217240158668,150.0
STAD_AXIS_134,STAD,Curcumin,BACE1,RELA,Fibroblast_CAF,0.39868286404682823,151.0
STAD_AXIS_117,STAD,Quercetin,MMP9,AHR,Fibroblast_CAF,0.39862793794254336,152.0
STAD_AXIS_179,STAD,Apigenin,BACE1,RELA,Fibroblast_CAF,0.39797794693959326,153.0
STAD_AXIS_181,STAD,Eugeniin,BACE1,RELA,Fibroblast_CAF,0.3978843885433991,154.0
STAD_AXIS_180,STAD,Catechin,BACE1,RELA,Fibroblast_CAF,0.39778021970356603,155.0
STAD_AXIS_137,STAD,"3',4',7-trihydroxyflavanone",PLAU,GTF3A,Fibroblast_CAF,0.39549156658377876,156.0
STAD_AXIS_187,STAD,Quercetin,PLAU,EGR1,Fibroblast_CAF,0.39516599664667534,157.0
STAD_AXIS_149,STAD,Quercetin,PLAU,JUND,Fibroblast_CAF,0.39488741570901165,158.0
STAD_AXIS_125,STAD,3-hydroxy-4-methoxy-acetophenone,PLAU,GTF3A,Fibroblast_CAF,0.394518699526242,159.0
STAD_AXIS_188,STAD,Uosolic Acid,RELA,RELA,Fibroblast_CAF,0.38964752214393444,160.0
STAD_AXIS_131,STAD,"Kampferol-3,4'-dimethyl ether",CYP1B1,AHR,Fibroblast_CAF,0.3889014728116257,161.0
STAD_AXIS_175,STAD,"methyl (E)-2-[(2S,3Z,12bS)-3-ethylidene-2,4,6,7,12,12b-hexahydro-1H-indolo[3,2-h]quinolizin-2-yl]-3-methoxyprop-2-enoate",ACHE,JUN,T_NK_ILC,0.3888326528571719,162.0
STAD_AXIS_130,STAD,Karanjin,CYP1B1,AHR,Fibroblast_CAF,0.38882774993789104,163.0
STAD_AXIS_128,STAD,Flavonol,CYP1B1,AHR,Fibroblast_CAF,0.3888051943288235,164.0
STAD_AXIS_129,STAD,Tamarixetin,CYP1B1,AHR,Fibroblast_CAF,0.38877537624764746,165.0
STAD_AXIS_186,STAD,Deltoin,ACHE,JUN,T_NK_ILC,0.3886091652248914,166.0
STAD_AXIS_185,STAD,Dihydrosanguinarine,ACHE,JUN,T_NK_ILC,0.38859938249199566,167.0
STAD_AXIS_184,STAD,Pectolinarigenin,ACHE,JUN,T_NK_ILC,0.38857094394492664,168.0
STAD_AXIS_174,STAD,Marmesinin,ACHE,JUN,T_NK_ILC,0.3884987062029061,169.0
STAD_AXIS_173,STAD,Corydalmine,ACHE,JUN,T_NK_ILC,0.3884964104721582,170.0
STAD_AXIS_177,STAD,Angustidine,ACHE,JUN,T_NK_ILC,0.3883405347055519,171.0
STAD_AXIS_178,STAD,Kaempferol,ACHE,JUN,T_NK_ILC,0.38831533017243763,172.0
STAD_AXIS_176,STAD,Decursin,ACHE,JUN,T_NK_ILC,0.38799222667637095,173.0
STAD_AXIS_127,STAD,Kaempferol,AHR,NR1H3,Myeloid,0.38788014550710737,174.0
STAD_AXIS_161,STAD,Alizarin,CYP1B1,AHR,Fibroblast_CAF,0.3873112016477865,175.0
STAD_AXIS_162,STAD,Flavone,CYP1B1,AHR,Fibroblast_CAF,0.38727140076845207,176.0
STAD_AXIS_158,STAD,Purpurin,CYP1B1,AHR,Fibroblast_CAF,0.3872567833515585,177.0
STAD_AXIS_152,STAD,Ammidin,CYP1B1,AHR,Fibroblast_CAF,0.3872097339020124,178.0
STAD_AXIS_157,STAD,7-hydroxy flavone,CYP1B1,AHR,Fibroblast_CAF,0.38719866659058244,179.0
STAD_AXIS_159,STAD,Cirsiliol,CYP1B1,AHR,Fibroblast_CAF,0.38718604357595515,180.0
STAD_AXIS_160,STAD,"Trans-3,5-dihydroxy-5-methoxy-stilbene",CYP1B1,AHR,Fibroblast_CAF,0.3871627816856187,181.0
STAD_AXIS_154,STAD,Cannabinol,CYP1B1,AHR,Fibroblast_CAF,0.38715166350183644,182.0
STAD_AXIS_153,STAD,Chalkone,CYP1B1,AHR,Fibroblast_CAF,0.38715077431776995,183.0
STAD_AXIS_155,STAD,Evodiamine,CYP1B1,AHR,Fibroblast_CAF,0.3871438820451563,184.0
STAD_AXIS_156,STAD,Pterostilbene,CYP1B1,AHR,Fibroblast_CAF,0.3871435201508959,185.0
STAD_AXIS_151,STAD,5-hydroxyflavone,CYP1B1,AHR,Fibroblast_CAF,0.387094384231604,186.0
STAD_AXIS_166,STAD,Hesperetin,CYP1B1,AHR,Fibroblast_CAF,0.3870931204717784,187.0
STAD_AXIS_165,STAD,Baicalein,CYP1B1,AHR,Fibroblast_CAF,0.3870906834088667,188.0
STAD_AXIS_164,STAD,Dehydroevidiamine,CYP1B1,AHR,Fibroblast_CAF,0.38704822723030063,189.0
STAD_AXIS_163,STAD,Scutellarein,CYP1B1,AHR,Fibroblast_CAF,0.3870255442476508,190.0
STAD_AXIS_167,STAD,Pongapin,CYP1B1,AHR,Fibroblast_CAF,0.38699471721699746,191.0
STAD_AXIS_172,STAD,Quercetin,CYP1B1,SP1,Fibroblast_CAF,0.3847864961731747,192.0
STAD_AXIS_140,STAD,Physovenine,ACHE,FOS,T_NK_ILC,0.38352239251569414,193.0
STAD_AXIS_136,STAD,Kaempferol,CYP1B1,AHR,Myeloid,0.37649880598507446,194.0
STAD_AXIS_193,STAD,Beta-naphthoflavone,AHR,AHR,Fibroblast_CAF,0.373643076273443,195.0
STAD_AXIS_139,STAD,Quercetin,PLAU,FOXM1,Fibroblast_CAF,0.3721378233011219,196.0
STAD_AXIS_118,STAD,Indirubin,AHR,AHR,Myeloid,0.37175947860161873,197.0
STAD_AXIS_120,STAD,Baicalein,ALOX12,FOS,T_NK_ILC,0.35188056777683907,198.0
STAD_AXIS_190,STAD,Ellipticine,CYP1A1,AHR,Fibroblast_CAF,0.3475969165213845,199.0
STAD_AXIS_135,STAD,Quercetin,CYP1B1,TBP,T_NK_ILC,0.34512929327960357,200.0
