frozen_axis_id,cancer,compound_representative_name,target_gene_symbol,tf_gene_symbol,dominant_spatial_celltype,main_axis_freeze_score,integrated_spatial_recurrence_score,same_cancer_clinical_prognosis_score,manual_directness_score,downloaded_external_validation_score,external_dry_validation_score_hpa_ot_cptac,potency_score,legacy_priority_score,final_main_axis_selected,available_source_external_score,n_evaluable_databases,database_coverage_fraction,evaluable_databases,legacy_fixed_four_external_score,composite_priority_score,priority_change,priority_rank_within_retained_cancer_pool
COAD_AXIS_034,COAD,Quercetin,CDK1,MYB,Myeloid,0.7309834653031083,0.8580516639554029,1.0,1.0,0.7461505109159344,0.4062543639978808,0.85,0.807259981236907,True,0.7461505109159344,4,1.0,HPA;GDSC;PRISM;CTRP,0.7461505109159344,0.807259981236907,0.0,1
COAD_AXIS_089,COAD,Ibogain,SLC6A4,ATF4,Myeloid,0.6863369988406245,0.7931617774762313,0.849528600798618,1.0,0.2116496892265193,0.248625,0.85,0.6508869643147253,False,0.42329937845303867,2,0.5,HPA;PRISM,0.2116496892265193,0.6932169021600291,0.04232993784530381,2
COAD_AXIS_001,COAD,Physovenine,ACHE,TFAP2A,Myeloid,0.6597170142524549,0.9903990119807774,0.4454757715236179,1.0,0.3563848843232043,0.160875,1.0,0.6624153086646103,False,0.47517984576427247,3,0.75,HPA;PRISM;CTRP,0.3563848843232043,0.686174300952824,0.023758992288213654,3
COAD_AXIS_037,COAD,Stepholidine,DRD1,HR,Myeloid,0.6643814912807277,1.0,0.4533182575348581,1.0,0.3279426363950276,0.160875,1.0,0.659884151288637,False,0.4372568485267035,3,0.75,HPA;PRISM;CTRP,0.3279426363950276,0.6817469937149722,0.021862842426335183,4
COAD_AXIS_018,COAD,Physovenine,ACHE,MYC,Myeloid,0.6609398292326683,0.9466317380585186,0.4454757715236179,1.0,0.3563848843232043,0.160875,1.0,0.6560947805723142,False,0.47517984576427247,3,0.75,HPA;PRISM;CTRP,0.3563848843232043,0.6798537728605278,0.023758992288213654,5
COAD_AXIS_029,COAD,Physovenine,ACHE,TBP,Myeloid,0.6699639930467307,0.661941630426899,0.7977108356218675,1.0,0.3563848843232043,0.160875,1.0,0.6504196036002088,False,0.47517984576427247,3,0.75,HPA;PRISM;CTRP,0.3563848843232043,0.6741785958884224,0.023758992288213654,6
COAD_AXIS_043,COAD,Quercetin,ACHE,TBP,Myeloid,0.6587183963137363,0.661941630426899,0.7977108356218675,0.75,0.3563848843232043,0.160875,0.55,0.5756704842536098,False,0.47517984576427247,3,0.75,HPA;PRISM;CTRP,0.3563848843232043,0.5994294765418234,0.023758992288213654,7
COAD_AXIS_022,COAD,Allopseudococain,SLC6A4,ATF4,Myeloid,0.7095915560276678,0.7931617774762313,0.849528600798618,0.25,0.2116496892265193,0.248625,0.85,0.5055378757521339,False,0.42329937845303867,2,0.5,HPA;PRISM,0.2116496892265193,0.5478678135974377,0.04232993784530381,8
LIHC_AXIS_092,LIHC,"4',5-Dihydroxyflavone",AR,HDAC1,T_NK_ILC,0.6723705953191058,0.5604529075615624,0.8135140276512416,1.0,0.6445684158923788,0.3936444960302248,0.85,0.7106715907446779,True,0.6445684158923788,4,1.0,HPA;GDSC;PRISM;CTRP,0.6445684158923788,0.7106715907446779,0.0,1
LIHC_AXIS_061,LIHC,Quercetin,MMP1,CEBPB,Plasma_cell,0.6603947910394509,0.8522780795714092,0.7827720351406074,0.75,0.3814217886740331,0.355902140287405,0.55,0.6275724454212094,False,0.7628435773480663,2,0.5,HPA;PRISM,0.3814217886740331,0.7038568031560161,0.07628435773480668,2
LIHC_AXIS_034,LIHC,Quercetin,MMP1,SMAD2,Plasma_cell,0.6580555891357222,0.852800645331435,0.7827720351406074,0.75,0.3814217886740331,0.355902140287405,0.55,0.6271829899044675,False,0.7628435773480663,2,0.5,HPA;PRISM,0.3814217886740331,0.7034673476392742,0.07628435773480668,3
LIHC_AXIS_078,LIHC,Kaempferol,MMP1,CEBPB,Plasma_cell,0.6574915156907748,0.8522780795714092,0.7827720351406074,0.75,0.3814217886740331,0.355902140287405,0.55,0.6269917903514742,False,0.7628435773480663,2,0.5,HPA;PRISM,0.3814217886740331,0.7032761480862809,0.07628435773480668,4
LIHC_AXIS_079,LIHC,Luteolin,MMP1,CEBPB,Plasma_cell,0.6570976918284611,0.8522780795714092,0.7827720351406074,0.75,0.3814217886740331,0.355902140287405,0.55,0.6269130255790115,False,0.7628435773480663,2,0.5,HPA;PRISM,0.3814217886740331,0.7031973833138181,0.07628435773480657,5
LIHC_AXIS_086,LIHC,(-)-epigallocatechin-3-gallate,MMP1,CEBPB,Plasma_cell,0.6564147407581982,0.8522780795714092,0.7827720351406074,0.75,0.3814217886740331,0.355902140287405,0.55,0.6267764353649589,False,0.7628435773480663,2,0.5,HPA;PRISM,0.3814217886740331,0.7030607930997655,0.07628435773480668,6
LIHC_AXIS_002,LIHC,Indirubin,AHR,NR1H3,Plasma_cell,0.6510660378458696,0.8078295057904876,0.6156618463158938,1.0,0.4020038415055248,0.2927806526572737,1.0,0.6726326516361689,False,0.5360051220073664,3,0.75,HPA;PRISM;CTRP,0.4020038415055248,0.6994329077365372,0.02680025610036829,7
LIHC_AXIS_008,LIHC,Quercetin,MMP1,EHF,Tumor_Lineage,0.6572437167287554,0.6759397196992994,0.7827720351406074,0.75,0.3814217886740331,0.355902140287405,0.55,0.600491476578254,False,0.7628435773480663,2,0.5,HPA;PRISM,0.3814217886740331,0.6767758343130605,0.07628435773480657,8
STAD_AXIS_021,STAD,Eriodyctiol (flavanone),HSP90AB1,HOPX,Fibroblast_CAF,0.7387591149818986,0.7440378530815416,0.9645813597317514,1.0,0.3377028660220994,0.3466484480127006,0.85,0.7005210549374761,True,0.6754057320441988,2,0.5,HPA;PRISM,0.3377028660220994,0.7680616281418959,0.06754057320441986,1
STAD_AXIS_029,STAD,Quercetin,PLAU,HIF1A,Fibroblast_CAF,0.7141191280535707,0.8353754176461786,0.8158751301563165,0.45,0.2908710290055248,0.2533194160223876,0.25,0.5357237986766162,False,0.5817420580110497,2,0.5,HPA;PRISM,0.2908710290055248,0.5938980044777212,0.058174205801104995,2
STAD_AXIS_017,STAD,Quercetin,PLAU,ETS1,Fibroblast_CAF,0.7146258669504014,0.8471185487289651,0.8158751301563165,0.45,0.134375,0.2533194160223876,0.25,0.5062874103172955,False,0.5375,1,0.25,HPA,0.134375,0.5869124103172955,0.08062499999999995,3
STAD_AXIS_015,STAD,Eckol,BACE1,HSF1,Fibroblast_CAF,0.6568261271967065,0.7620795463250641,0.4916431586456512,0.75,0.3393765385771952,0.219375,0.55,0.5621542809681052,False,0.45250205143626027,3,0.75,HPA;GDSC;PRISM,0.3393765385771952,0.5847793835399181,0.02262510257181294,4
STAD_AXIS_024,STAD,Quercetin,PLAU,JUN,Fibroblast_CAF,0.7070092308116857,0.7665448788795638,0.8158751301563165,0.45,0.2945744129834254,0.2533194160223876,0.25,0.5247179152088272,False,0.5891488259668508,2,0.5,HPA;PRISM,0.2945744129834254,0.5836327978055122,0.05891488259668509,5
STAD_AXIS_027,STAD,Quercetin,PLAU,FOS,Fibroblast_CAF,0.7090889489807087,0.7937741885572319,0.8158751301563165,0.45,0.134375,0.2533194160223876,0.25,0.497178372697597,False,0.5375,1,0.25,HPA,0.134375,0.577803372697597,0.08062499999999995,6
STAD_AXIS_010,STAD,Quercetin,PLAU,MYC,Fibroblast_CAF,0.7139673585862254,0.8125986023801656,0.8158751301563165,0.45,0.2190478245856353,0.2533194160223876,0.25,0.5179122816092674,False,0.4380956491712707,2,0.5,HPA;PRISM,0.2190478245856353,0.5617218465263945,0.043809564917127064,7
STAD_AXIS_049,STAD,Quercetin,PLAU,NR3C1,Fibroblast_CAF,0.7111519844803519,0.8344634995523436,0.8158751301563165,0.45,0.2756341784814755,0.2533194160223876,0.25,0.5319462121430875,False,0.36751223797530064,3,0.75,HPA;PRISM;CTRP,0.2756341784814755,0.5503218240418524,0.01837561189876491,8
